0 verbose cli /usr/local/bin/node /usr/local/bin/npm
1 info using npm@10.5.0
2 info using node@v20.12.2
3 timing npm:load:whichnode Completed in 1ms
4 timing config:load:defaults Completed in 2ms
5 timing config:load:file:/usr/local/lib/node_modules/npm/npmrc Completed in 1ms
6 timing config:load:builtin Completed in 1ms
7 timing config:load:cli Completed in 2ms
8 timing config:load:env Completed in 0ms
9 timing config:load:project Completed in 1ms
10 timing config:load:file:/root/.npmrc Completed in 2ms
11 timing config:load:user Completed in 2ms
12 timing config:load:file:/usr/local/etc/npmrc Completed in 3ms
13 timing config:load:global Completed in 3ms
14 timing config:load:setEnvs Completed in 1ms
15 timing config:load Completed in 12ms
16 timing npm:load:configload Completed in 12ms
17 timing config:load:flatten Completed in 1ms
18 timing npm:load:mkdirpcache Completed in 1ms
19 timing npm:load:mkdirplogs Completed in 0ms
20 verbose title npm install
21 verbose argv "install"
22 timing npm:load:setTitle Completed in 1ms
23 timing npm:load:display Completed in 0ms
24 verbose logfile logs-max:10 dir:/root/.npm/_logs/2026-05-08T09_55_34_680Z-
25 verbose logfile /root/.npm/_logs/2026-05-08T09_55_34_680Z-debug-0.log
26 timing npm:load:logFile Completed in 6ms
27 timing npm:load:timers Completed in 0ms
28 timing npm:load:configScope Completed in 0ms
29 timing npm:load Completed in 35ms
30 timing arborist:ctor Completed in 1ms
31 silly logfile done cleaning log files
32 timing idealTree:init Completed in 400ms
33 timing idealTree:userRequests Completed in 0ms
34 silly idealTree buildDeps
35 timing idealTree:#root Completed in 0ms
36 timing idealTree:buildDeps Completed in 1ms
37 timing idealTree:fixDepFlags Completed in 0ms
38 timing idealTree Completed in 408ms
39 timing reify:loadTrees Completed in 411ms
40 timing reify:diffTrees Completed in 12ms
41 silly reify moves {}
42 timing reify:retireShallow Completed in 1ms
43 timing reify:createSparse Completed in 476ms
44 timing reify:loadBundles Completed in 0ms
45 silly audit bulk request {
45 silly audit   '@aashutoshrathi/word-wrap': [ '1.2.6' ],
45 silly audit   '@ampproject/remapping': [ '2.3.0' ],
45 silly audit   '@babel/code-frame': [ '7.24.2' ],
45 silly audit   '@babel/compat-data': [ '7.24.4' ],
45 silly audit   '@babel/core': [ '7.24.4' ],
45 silly audit   semver: [ '6.3.1', '7.6.0' ],
45 silly audit   '@babel/generator': [ '7.24.4' ],
45 silly audit   '@babel/helper-compilation-targets': [ '7.23.6' ],
45 silly audit   '@babel/helper-environment-visitor': [ '7.22.20' ],
45 silly audit   '@babel/helper-function-name': [ '7.23.0' ],
45 silly audit   '@babel/helper-hoist-variables': [ '7.22.5' ],
45 silly audit   '@babel/helper-module-imports': [ '7.24.3' ],
45 silly audit   '@babel/helper-module-transforms': [ '7.23.3' ],
45 silly audit   '@babel/helper-plugin-utils': [ '7.24.0' ],
45 silly audit   '@babel/helper-simple-access': [ '7.22.5' ],
45 silly audit   '@babel/helper-split-export-declaration': [ '7.22.6' ],
45 silly audit   '@babel/helper-string-parser': [ '7.24.1' ],
45 silly audit   '@babel/helper-validator-identifier': [ '7.22.20' ],
45 silly audit   '@babel/helper-validator-option': [ '7.23.5' ],
45 silly audit   '@babel/helpers': [ '7.24.4' ],
45 silly audit   '@babel/highlight': [ '7.24.2' ],
45 silly audit   'ansi-styles': [ '3.2.1', '4.3.0', '5.2.0', '6.1.0' ],
45 silly audit   chalk: [ '2.4.2', '5.0.1', '4.1.2', '5.3.0' ],
45 silly audit   'color-convert': [ '1.9.3', '2.0.1' ],
45 silly audit   'color-name': [ '1.1.3', '1.1.4' ],
45 silly audit   'has-flag': [ '3.0.0', '4.0.0' ],
45 silly audit   'supports-color': [ '5.5.0', '8.1.1', '7.2.0' ],
45 silly audit   '@babel/parser': [ '7.24.4' ],
45 silly audit   '@babel/plugin-syntax-async-generators': [ '7.8.4' ],
45 silly audit   '@babel/plugin-syntax-bigint': [ '7.8.3' ],
45 silly audit   '@babel/plugin-syntax-class-properties': [ '7.12.13' ],
45 silly audit   '@babel/plugin-syntax-import-meta': [ '7.10.4' ],
45 silly audit   '@babel/plugin-syntax-json-strings': [ '7.8.3' ],
45 silly audit   '@babel/plugin-syntax-jsx': [ '7.24.1' ],
45 silly audit   '@babel/plugin-syntax-logical-assignment-operators': [ '7.10.4' ],
45 silly audit   '@babel/plugin-syntax-nullish-coalescing-operator': [ '7.8.3' ],
45 silly audit   '@babel/plugin-syntax-numeric-separator': [ '7.10.4' ],
45 silly audit   '@babel/plugin-syntax-object-rest-spread': [ '7.8.3' ],
45 silly audit   '@babel/plugin-syntax-optional-catch-binding': [ '7.8.3' ],
45 silly audit   '@babel/plugin-syntax-optional-chaining': [ '7.8.3' ],
45 silly audit   '@babel/plugin-syntax-top-level-await': [ '7.14.5' ],
45 silly audit   '@babel/plugin-syntax-typescript': [ '7.24.1' ],
45 silly audit   '@babel/runtime': [ '7.24.4' ],
45 silly audit   '@babel/template': [ '7.24.0' ],
45 silly audit   '@babel/traverse': [ '7.24.1' ],
45 silly audit   globals: [ '11.12.0', '14.0.0', '13.24.0', '15.0.0' ],
45 silly audit   '@babel/types': [ '7.24.0' ],
45 silly audit   '@bcoe/v8-coverage': [ '0.2.3' ],
45 silly audit   '@colors/colors': [ '1.5.0' ],
45 silly audit   '@discoveryjs/json-ext': [ '0.5.7' ],
45 silly audit   '@eslint-community/eslint-utils': [ '4.4.0' ],
45 silly audit   '@eslint-community/regexpp': [ '4.10.0' ],
45 silly audit   '@eslint/eslintrc': [ '3.0.2', '2.1.4' ],
45 silly audit   '@eslint/js': [ '9.1.1', '8.57.0' ],
45 silly audit   '@fastify/accept-negotiator': [ '1.0.0' ],
45 silly audit   '@fastify/ajv-compiler': [ '3.5.0' ],
45 silly audit   ajv: [ '8.12.0', '6.12.6', '8.11.0' ],
45 silly audit   'json-schema-traverse': [ '1.0.0', '0.4.1' ],
45 silly audit   '@fastify/cookie': [ '9.3.1' ],
45 silly audit   'fastify-plugin': [ '4.5.1', '4.2.0', '2.3.4', '3.0.1' ],
45 silly audit   '@fastify/deepmerge': [ '1.3.0' ],
45 silly audit   '@fastify/error': [ '3.4.1' ],
45 silly audit   '@fastify/fast-json-stringify-compiler': [ '4.3.0' ],
45 silly audit   '@fastify/flash': [ '5.1.0' ],
45 silly audit   '@fastify/formbody': [ '7.4.0' ],
45 silly audit   '@fastify/merge-json-schemas': [ '0.1.1' ],
45 silly audit   '@fastify/secure-session': [ '7.5.1' ],
45 silly audit   '@fastify/send': [ '2.1.0' ],
45 silly audit   '@fastify/sensible': [ '5.5.0' ],
45 silly audit   '@fastify/static': [ '7.0.3' ],
45 silly audit   '@fastify/view': [ '9.0.0' ],
45 silly audit   '@gar/promisify': [ '1.1.3' ],
45 silly audit   '@humanwhocodes/config-array': [ '0.11.14' ],
45 silly audit   '@humanwhocodes/module-importer': [ '1.0.1' ],
45 silly audit   '@humanwhocodes/object-schema': [ '2.0.3' ],
45 silly audit   '@isaacs/cliui': [ '8.0.2' ],
45 silly audit   'ansi-regex': [ '6.0.1', '5.0.1' ],
45 silly audit   'emoji-regex': [ '9.2.2', '8.0.0' ],
45 silly audit   'string-width': [ '5.1.2', '4.2.3' ],
45 silly audit   'strip-ansi': [ '7.1.0', '7.0.1', '6.0.1' ],
45 silly audit   '@istanbuljs/load-nyc-config': [ '1.1.0' ],
45 silly audit   argparse: [ '1.0.10', '2.0.1' ],
45 silly audit   'find-up': [ '4.1.0', '5.0.0', '3.0.0' ],
45 silly audit   'js-yaml': [ '3.14.1', '4.1.0' ],
45 silly audit   'locate-path': [ '5.0.0', '6.0.0', '3.0.0' ],
45 silly audit   'p-limit': [ '2.3.0', '3.1.0' ],
45 silly audit   'p-locate': [ '4.1.0', '5.0.0', '3.0.0' ],
45 silly audit   '@istanbuljs/schema': [ '0.1.3' ],
45 silly audit   '@jest/console': [ '29.7.0' ],
45 silly audit   '@jest/core': [ '29.7.0' ],
45 silly audit   '@jest/environment': [ '29.7.0' ],
45 silly audit   '@jest/expect': [ '29.7.0' ],
45 silly audit   '@jest/expect-utils': [ '29.7.0' ],
45 silly audit   '@jest/fake-timers': [ '29.7.0' ],
45 silly audit   '@jest/globals': [ '29.7.0' ],
45 silly audit   '@jest/reporters': [ '29.7.0' ],
45 silly audit   glob: [ '7.2.3', '10.3.12', '8.1.0' ],
45 silly audit   '@jest/schemas': [ '29.6.3' ],
45 silly audit   '@jest/source-map': [ '29.6.3' ],
45 silly audit   '@jest/test-result': [ '29.7.0' ],
45 silly audit   '@jest/test-sequencer': [ '29.7.0' ],
45 silly audit   '@jest/transform': [ '29.7.0' ],
45 silly audit   '@jest/types': [ '29.6.3' ],
45 silly audit   '@jridgewell/gen-mapping': [ '0.3.5' ],
45 silly audit   '@jridgewell/resolve-uri': [ '3.1.2' ],
45 silly audit   '@jridgewell/set-array': [ '1.2.1' ],
45 silly audit   '@jridgewell/source-map': [ '0.3.6' ],
45 silly audit   '@jridgewell/sourcemap-codec': [ '1.4.15' ],
45 silly audit   '@jridgewell/trace-mapping': [ '0.3.25' ],
45 silly audit   '@lukeed/ms': [ '2.0.2' ],
45 silly audit   '@nodelib/fs.scandir': [ '2.1.5' ],
45 silly audit   '@nodelib/fs.stat': [ '2.0.5' ],
45 silly audit   '@nodelib/fs.walk': [ '1.2.8' ],
45 silly audit   '@npmcli/fs': [ '3.1.0', '2.1.2', '1.1.1' ],
45 silly audit   '@npmcli/git': [ '4.1.0' ],
45 silly audit   'lru-cache': [ '7.18.3', '5.1.1', '10.2.0', '6.0.0' ],
45 silly audit   which: [ '3.0.1', '2.0.2' ],
45 silly audit   '@npmcli/installed-package-contents': [ '2.0.2' ],
45 silly audit   '@npmcli/move-file': [ '2.0.1', '1.1.2' ],
45 silly audit   '@npmcli/node-gyp': [ '3.0.0' ],
45 silly audit   '@npmcli/promise-spawn': [ '6.0.2' ],
45 silly audit   '@npmcli/run-script': [ '6.0.2' ],
45 silly audit   '@one-ini/wasm': [ '0.1.1' ],
45 silly audit   '@pkgjs/parseargs': [ '0.11.0' ],
45 silly audit   '@pnpm/network.ca-file': [ '1.0.1' ],
45 silly audit   '@pnpm/npm-conf': [ '1.0.5' ],
45 silly audit   '@popperjs/core': [ '2.11.8' ],
45 silly audit   '@rails/ujs': [ '7.1.3-2' ],
45 silly audit   '@sigstore/bundle': [ '1.1.0' ],
45 silly audit   '@sigstore/protobuf-specs': [ '0.2.1' ],
45 silly audit   '@sigstore/sign': [ '1.0.0' ],
45 silly audit   '@sigstore/tuf': [ '1.0.3' ],
45 silly audit   '@sinclair/typebox': [ '0.27.8' ],
45 silly audit   '@sindresorhus/is': [ '5.3.0' ],
45 silly audit   '@sinonjs/commons': [ '3.0.1' ],
45 silly audit   '@sinonjs/fake-timers': [ '10.3.0' ],
45 silly audit   '@szmarczak/http-timer': [ '5.0.1' ],
45 silly audit   '@tootallnate/once': [ '2.0.0', '1.1.2' ],
45 silly audit   '@tufjs/canonical-json': [ '1.0.0' ],
45 silly audit   '@tufjs/models': [ '1.0.4' ],
45 silly audit   'brace-expansion': [ '2.0.1', '1.1.11' ],
45 silly audit   minimatch: [ '9.0.4', '9.0.1', '5.1.6', '3.1.2' ],
45 silly audit   '@types/babel__core': [ '7.20.5' ],
45 silly audit   '@types/babel__generator': [ '7.6.8' ],
45 silly audit   '@types/babel__template': [ '7.4.4' ],
45 silly audit   '@types/babel__traverse': [ '7.20.5' ],
45 silly audit   '@types/cacheable-request': [ '6.0.2' ],
45 silly audit   '@types/debug': [ '4.1.12' ],
45 silly audit   '@types/eslint': [ '8.4.6' ],
45 silly audit   '@types/eslint-scope': [ '3.7.4' ],
45 silly audit   '@types/estree': [ '1.0.5' ],
45 silly audit   '@types/graceful-fs': [ '4.1.9' ],
45 silly audit   '@types/http-cache-semantics': [ '4.0.1' ],
45 silly audit   '@types/istanbul-lib-coverage': [ '2.0.6' ],
45 silly audit   '@types/istanbul-lib-report': [ '3.0.3' ],
45 silly audit   '@types/istanbul-reports': [ '3.0.4' ],
45 silly audit   '@types/jest': [ '29.5.12' ],
45 silly audit   '@types/json-schema': [ '7.0.11' ],
45 silly audit   '@types/json5': [ '0.0.29' ],
45 silly audit   '@types/keyv': [ '3.1.4' ],
45 silly audit   '@types/ms': [ '0.7.34' ],
45 silly audit   '@types/node': [ '20.12.7' ],
45 silly audit   '@types/responselike': [ '1.0.0' ],
45 silly audit   '@types/semver-utils': [ '1.1.3' ],
45 silly audit   '@types/stack-trace': [ '0.0.29' ],
45 silly audit   '@types/stack-utils': [ '2.0.3' ],
45 silly audit   '@types/validator': [ '13.11.9' ],
45 silly audit   '@types/yargs': [ '17.0.32' ],
45 silly audit   '@types/yargs-parser': [ '21.0.3' ],
45 silly audit   '@ungap/structured-clone': [ '1.2.0' ],
45 silly audit   '@vscode/sqlite3': [ '5.1.2' ],
45 silly audit   '@webassemblyjs/ast': [ '1.12.1' ],
45 silly audit   '@webassemblyjs/floating-point-hex-parser': [ '1.11.6' ],
45 silly audit   '@webassemblyjs/helper-api-error': [ '1.11.6' ],
45 silly audit   '@webassemblyjs/helper-buffer': [ '1.12.1' ],
45 silly audit   '@webassemblyjs/helper-numbers': [ '1.11.6' ],
45 silly audit   '@webassemblyjs/helper-wasm-bytecode': [ '1.11.6' ],
45 silly audit   '@webassemblyjs/helper-wasm-section': [ '1.12.1' ],
45 silly audit   '@webassemblyjs/ieee754': [ '1.11.6' ],
45 silly audit   '@webassemblyjs/leb128': [ '1.11.6' ],
45 silly audit   '@webassemblyjs/utf8': [ '1.11.6' ],
45 silly audit   '@webassemblyjs/wasm-edit': [ '1.12.1' ],
45 silly audit   '@webassemblyjs/wasm-gen': [ '1.12.1' ],
45 silly audit   '@webassemblyjs/wasm-opt': [ '1.12.1' ],
45 silly audit   '@webassemblyjs/wasm-parser': [ '1.12.1' ],
45 silly audit   '@webassemblyjs/wast-printer': [ '1.12.1' ],
45 silly audit   '@webpack-cli/configtest': [ '2.1.1' ],
45 silly audit   '@webpack-cli/info': [ '2.0.2' ],
45 silly audit   '@webpack-cli/serve': [ '2.0.5' ],
45 silly audit   '@xtuc/ieee754': [ '1.2.0' ],
45 silly audit   '@xtuc/long': [ '4.2.2' ],
45 silly audit   abbrev: [ '1.1.1', '2.0.0' ],
45 silly audit   'abort-controller': [ '3.0.0' ],
45 silly audit   'abstract-logging': [ '2.0.1' ],
45 silly audit   acorn: [ '8.11.3', '7.4.1' ],
45 silly audit   'acorn-import-assertions': [ '1.9.0' ],
45 silly audit   'acorn-jsx': [ '5.3.2' ],
45 silly audit   'agent-base': [ '6.0.2' ],
45 silly audit   agentkeepalive: [ '4.2.1' ],
45 silly audit   depd: [ '1.1.2', '2.0.0' ],
45 silly audit   'aggregate-error': [ '3.1.0' ],
45 silly audit   'ajv-formats': [ '2.1.1', '3.0.1' ],
45 silly audit   'ajv-keywords': [ '3.5.2', '5.1.0' ],
45 silly audit   'ansi-align': [ '3.0.1' ],
45 silly audit   'ansi-escapes': [ '4.3.2' ],
45 silly audit   'type-fest': [ '0.21.3', '2.19.0', '1.4.0', '0.20.2' ],
45 silly audit   anymatch: [ '3.1.2' ],
45 silly audit   aproba: [ '2.0.0' ],
45 silly audit   archy: [ '1.0.0' ],
45 silly audit   'are-we-there-yet': [ '3.0.1' ],
45 silly audit   'array-buffer-byte-length': [ '1.0.1' ],
45 silly audit   'array-includes': [ '3.1.8' ],
45 silly audit   'array-union': [ '2.1.0' ],
45 silly audit   'array.prototype.findlastindex': [ '1.2.5' ],
45 silly audit   'array.prototype.flat': [ '1.3.2' ],
45 silly audit   'array.prototype.flatmap': [ '1.3.2' ],
45 silly audit   'arraybuffer.prototype.slice': [ '1.0.3' ],
45 silly audit   asap: [ '2.0.6' ],
45 silly audit   'assert-never': [ '1.2.1' ],
45 silly audit   'at-least-node': [ '1.0.0' ],
45 silly audit   'atomic-sleep': [ '1.0.0' ],
45 silly audit   'available-typed-arrays': [ '1.0.7' ],
45 silly audit   avvio: [ '8.3.0' ],
45 silly audit   'babel-jest': [ '29.7.0' ],
45 silly audit   'babel-plugin-istanbul': [ '6.1.1' ],
45 silly audit   'istanbul-lib-instrument': [ '5.2.1', '6.0.2' ],
45 silly audit   'babel-plugin-jest-hoist': [ '29.6.3' ],
45 silly audit   'babel-preset-current-node-syntax': [ '1.0.1' ],
45 silly audit   'babel-preset-jest': [ '29.6.3' ],
45 silly audit   'babel-walk': [ '3.0.0-canary-5' ],
45 silly audit   'balanced-match': [ '1.0.2' ],
45 silly audit   'base64-js': [ '1.5.1' ],
45 silly audit   'better-sqlite3': [ '8.7.0' ],
45 silly audit   'binary-extensions': [ '2.2.0' ],
45 silly audit   bindings: [ '1.5.0' ],
45 silly audit   bl: [ '4.1.0' ],
45 silly audit   bluebird: [ '3.7.2' ],
45 silly audit   bootstrap: [ '5.3.3' ],
45 silly audit   boxen: [ '7.0.0' ],
45 silly audit   camelcase: [ '7.0.0', '5.3.1', '6.3.0' ],
45 silly audit   braces: [ '3.0.2' ],
45 silly audit   browserslist: [ '4.23.0' ],
45 silly audit   bser: [ '2.1.1' ],
45 silly audit   buffer: [ '5.7.1', '6.0.3' ],
45 silly audit   'buffer-from': [ '1.1.2' ],
45 silly audit   builtins: [ '5.1.0' ],
45 silly audit   cacache: [ '17.1.4', '16.1.3', '15.3.0' ],
45 silly audit   'fs-minipass': [ '3.0.3', '2.1.0' ],
45 silly audit   minipass: [ '7.0.4', '5.0.0', '3.3.4' ],
45 silly audit   'unique-filename': [ '3.0.0', '2.0.1', '1.1.1' ],
45 silly audit   'unique-slug': [ '4.0.0', '3.0.0', '2.0.2' ],
45 silly audit   'cacheable-lookup': [ '6.1.0' ],
45 silly audit   'cacheable-request': [ '7.0.2' ],
45 silly audit   'get-stream': [ '5.2.0', '6.0.1' ],
45 silly audit   'lowercase-keys': [ '2.0.0', '3.0.0' ],
45 silly audit   'call-bind': [ '1.0.7' ],
45 silly audit   callsites: [ '3.1.0' ],
45 silly audit   'caniuse-lite': [ '1.0.30001612' ],
45 silly audit   'char-regex': [ '1.0.2' ],
45 silly audit   'character-parser': [ '2.2.0' ],
45 silly audit   chokidar: [ '3.5.3' ],
45 silly audit   'glob-parent': [ '5.1.2', '6.0.2' ],
45 silly audit   chownr: [ '2.0.0', '1.1.4' ],
45 silly audit   'chrome-trace-event': [ '1.0.3' ],
45 silly audit   'ci-info': [ '3.3.2' ],
45 silly audit   'cjs-module-lexer': [ '1.2.3' ],
45 silly audit   'clean-stack': [ '2.2.0' ],
45 silly audit   'cli-boxes': [ '3.0.0' ],
45 silly audit   'cli-color': [ '2.0.4' ],
45 silly audit   'cli-table3': [ '0.6.4' ],
45 silly audit   cliui: [ '8.0.1', '7.0.4' ],
45 silly audit   'wrap-ansi': [ '7.0.0', '8.1.0' ],
45 silly audit   'clone-deep': [ '4.0.1' ],
45 silly audit   'clone-response': [ '1.0.3' ],
45 silly audit   'close-with-grace': [ '1.1.0' ],
45 silly audit   co: [ '4.6.0' ],
45 silly audit   'collect-v8-coverage': [ '1.0.2' ],
45 silly audit   'color-support': [ '1.1.3' ],
45 silly audit   colorette: [ '2.0.19' ],
45 silly audit   commander: [ '10.0.1', '2.20.3' ],
45 silly audit   commist: [ '3.0.0' ],
45 silly audit   'concat-map': [ '0.0.1' ],
45 silly audit   concurrently: [ '8.2.2' ],
45 silly audit   'config-chain': [ '1.1.13' ],
45 silly audit   ini: [ '1.3.8', '2.0.0', '4.1.2' ],
45 silly audit   configstore: [ '6.0.0' ],
45 silly audit   'write-file-atomic': [ '3.0.3', '4.0.2' ],
45 silly audit   'confusing-browser-globals': [ '1.0.11' ],
45 silly audit   'console-control-strings': [ '1.1.0' ],
45 silly audit   constantinople: [ '4.0.1' ],
45 silly audit   'content-disposition': [ '0.5.4' ],
45 silly audit   'convert-source-map': [ '2.0.0' ],
45 silly audit   cookie: [ '0.6.0', '0.4.2' ],
45 silly audit   'cookie-signature': [ '1.2.1' ],
45 silly audit   'create-jest': [ '29.7.0' ],
45 silly audit   'cross-spawn': [ '7.0.3' ],
45 silly audit   'crypto-random-string': [ '4.0.0' ],
45 silly audit   'css-loader': [ '7.1.1' ],
45 silly audit   cssesc: [ '3.0.0' ],
45 silly audit   d: [ '1.0.2' ],
45 silly audit   'data-view-buffer': [ '1.0.1' ],
45 silly audit   'data-view-byte-length': [ '1.0.1' ],
45 silly audit   'data-view-byte-offset': [ '1.0.0' ],
45 silly audit   'date-fns': [ '2.30.0' ],
45 silly audit   dateformat: [ '4.6.3' ],
45 silly audit   'db-errors': [ '0.2.3' ],
45 silly audit   debug: [ '4.3.4', '3.2.7' ],
45 silly audit   ms: [ '2.1.2', '2.1.3' ],
45 silly audit   'decompress-response': [ '6.0.0' ],
45 silly audit   'mimic-response': [ '3.1.0', '1.0.1' ],
45 silly audit   dedent: [ '1.5.3' ],
45 silly audit   'deep-extend': [ '0.6.0' ],
45 silly audit   'deep-is': [ '0.1.4' ],
45 silly audit   deepmerge: [ '4.3.1' ],
45 silly audit   'defer-to-connect': [ '2.0.1' ],
45 silly audit   'define-data-property': [ '1.1.4' ],
45 silly audit   'define-properties': [ '1.2.1' ],
45 silly audit   delegates: [ '1.0.0' ],
45 silly audit   'detect-libc': [ '2.0.3' ],
45 silly audit   'detect-newline': [ '3.1.0' ],
45 silly audit   'diff-sequences': [ '29.6.3' ],
45 silly audit   'dir-glob': [ '3.0.1' ],
45 silly audit   doctrine: [ '3.0.0', '2.1.0' ],
45 silly audit   doctypes: [ '1.1.0' ],
45 silly audit   'dot-prop': [ '6.0.1' ],
45 silly audit   dotenv: [ '16.4.5' ],
45 silly audit   dottie: [ '2.0.6' ],
45 silly audit   eastasianwidth: [ '0.2.0' ],
45 silly audit   editorconfig: [ '1.0.4' ],
45 silly audit   'electron-to-chromium': [ '1.4.746' ],
45 silly audit   emittery: [ '0.13.1' ],
45 silly audit   encoding: [ '0.1.13' ],
45 silly audit   'end-of-stream': [ '1.4.4' ],
45 silly audit   'enhanced-resolve': [ '5.16.0' ],
45 silly audit   entities: [ '3.0.1' ],
45 silly audit   'env-paths': [ '2.2.1' ],
45 silly audit   envinfo: [ '7.12.0' ],
45 silly audit   'err-code': [ '2.0.3' ],
45 silly audit   'error-ex': [ '1.3.2' ],
45 silly audit   'es-abstract': [ '1.23.3' ],
45 silly audit   'es-define-property': [ '1.0.0' ],
45 silly audit   'es-errors': [ '1.3.0' ],
45 silly audit   'es-module-lexer': [ '1.5.0' ],
45 silly audit   'es-object-atoms': [ '1.0.0' ],
45 silly audit   'es-set-tostringtag': [ '2.0.3' ],
45 silly audit   'es-shim-unscopables': [ '1.0.2' ],
45 silly audit   'es-to-primitive': [ '1.2.1' ],
45 silly audit   'es5-ext': [ '0.10.64' ],
45 silly audit   'es6-iterator': [ '2.0.3' ],
45 silly audit   'es6-symbol': [ '3.1.4' ],
45 silly audit   'es6-weak-map': [ '2.0.3' ],
45 silly audit   escalade: [ '3.1.1' ],
45 silly audit   'escape-goat': [ '4.0.0' ],
45 silly audit   'escape-html': [ '1.0.3' ],
45 silly audit   'escape-string-regexp': [ '1.0.5', '4.0.0', '2.0.0' ],
45 silly audit   eslint: [ '8.57.0' ],
45 silly audit   'eslint-config-airbnb-base': [ '15.0.0' ],
45 silly audit   'eslint-import-resolver-node': [ '0.3.9' ],
45 silly audit   'eslint-module-utils': [ '2.8.1' ],
45 silly audit   'eslint-plugin-import': [ '2.29.1' ],
45 silly audit   'eslint-scope': [ '7.2.2', '5.1.1' ],
45 silly audit   'eslint-visitor-keys': [ '3.4.3', '4.0.0' ],
45 silly audit   espree: [ '9.6.1', '10.0.1' ],
45 silly audit   esm: [ '3.2.25' ],
45 silly audit   esniff: [ '2.0.1' ],
45 silly audit   esprima: [ '4.0.1' ],
45 silly audit   esquery: [ '1.5.0' ],
45 silly audit   esrecurse: [ '4.3.0' ],
45 silly audit   estraverse: [ '5.3.0', '4.3.0' ],
45 silly audit   esutils: [ '2.0.3' ],
45 silly audit   'event-emitter': [ '0.3.5' ],
45 silly audit   'event-target-shim': [ '5.0.1' ],
45 silly audit   events: [ '3.3.0' ],
45 silly audit   execa: [ '5.1.1' ],
45 silly audit   exit: [ '0.1.2' ],
45 silly audit   'expand-template': [ '2.0.3' ],
45 silly audit   expect: [ '29.7.0' ],
45 silly audit   'exponential-backoff': [ '3.1.1' ],
45 silly audit   ext: [ '1.7.0' ],
45 silly audit   'fast-content-type-parse': [ '1.1.0' ],
45 silly audit   'fast-copy': [ '3.0.2' ],
45 silly audit   'fast-decode-uri-component': [ '1.0.1' ],
45 silly audit   'fast-deep-equal': [ '3.1.3' ],
45 silly audit   'fast-glob': [ '3.2.11' ],
45 silly audit   'fast-json-stable-stringify': [ '2.1.0' ],
45 silly audit   'fast-json-stringify': [ '5.14.1' ],
45 silly audit   'fast-levenshtein': [ '2.0.6' ],
45 silly audit   'fast-memoize': [ '2.5.2' ],
45 silly audit   'fast-querystring': [ '1.0.0' ],
45 silly audit   'fast-redact': [ '3.5.0' ],
45 silly audit   'fast-safe-stringify': [ '2.1.1' ],
45 silly audit   'fast-uri': [ '2.3.0' ],
45 silly audit   'fastest-levenshtein': [ '1.0.16' ],
45 silly audit   fastify: [ '4.26.2' ],
45 silly audit   'fastify-cli': [ '6.1.1' ],
45 silly audit   'pino-pretty': [ '10.3.1', '11.0.0' ],
45 silly audit   'help-me': [ '5.0.0', '4.2.0' ],
45 silly audit   'readable-stream': [ '4.5.2', '3.6.2' ],
45 silly audit   'fastify-error-page': [ '4.0.0' ],
45 silly audit   'fastify-method-override': [ '1.5.10' ],
45 silly audit   'fastify-objectionjs': [ '2.0.1' ],
45 silly audit   knex: [ '2.5.1', '3.1.0' ],
45 silly audit   'pg-connection-string': [ '2.6.1', '2.6.2', '2.6.4' ],
45 silly audit   'fastify-reverse-routes': [ '3.0.0' ],
45 silly audit   fastq: [ '1.17.1' ],
45 silly audit   'fb-watchman': [ '2.0.2' ],
45 silly audit   'file-entry-cache': [ '6.0.1' ],
45 silly audit   'file-uri-to-path': [ '1.0.0' ],
45 silly audit   'fill-range': [ '7.0.1' ],
45 silly audit   'find-my-way': [ '8.1.0' ],
45 silly audit   'flat-cache': [ '3.2.0' ],
45 silly audit   flatted: [ '3.3.1' ],
45 silly audit   'for-each': [ '0.3.3' ],
45 silly audit   'foreground-child': [ '3.1.1' ],
45 silly audit   'signal-exit': [ '4.1.0', '3.0.7' ],
45 silly audit   'form-data-encoder': [ '2.1.0' ],
45 silly audit   forwarded: [ '0.2.0' ],
45 silly audit   'fp-and-or': [ '0.1.4' ],
45 silly audit   'fs-constants': [ '1.0.0' ],
45 silly audit   'fs-extra': [ '9.1.0' ],
45 silly audit   'fs.realpath': [ '1.0.0' ],
45 silly audit   fsevents: [ '2.3.2' ],
45 silly audit   'function-bind': [ '1.1.2' ],
45 silly audit   'function.prototype.name': [ '1.1.6' ],
45 silly audit   'functions-have-names': [ '1.2.3' ],
45 silly audit   gauge: [ '4.0.4' ],
45 silly audit   generify: [ '4.2.0' ],
45 silly audit   gensync: [ '1.0.0-beta.2' ],
45 silly audit   'get-caller-file': [ '2.0.5' ],
45 silly audit   'get-intrinsic': [ '1.2.4' ],
45 silly audit   'get-package-type': [ '0.1.0' ],
45 silly audit   'get-stdin': [ '8.0.0' ],
45 silly audit   'get-symbol-description': [ '1.0.2' ],
45 silly audit   getopts: [ '2.3.0' ],
45 silly audit   'github-from-package': [ '0.0.0' ],
45 silly audit   'glob-to-regexp': [ '0.4.1' ],
45 silly audit   'global-dirs': [ '3.0.0' ],
45 silly audit   globalthis: [ '1.0.3' ],
45 silly audit   globby: [ '11.1.0' ],
45 silly audit   gopd: [ '1.0.1' ],
45 silly audit   got: [ '12.3.1' ],
45 silly audit   'graceful-fs': [ '4.2.10', '4.2.11' ],
45 silly audit   graphemer: [ '1.4.0' ],
45 silly audit   'has-bigints': [ '1.0.2' ],
45 silly audit   'has-property-descriptors': [ '1.0.2' ],
45 silly audit   'has-proto': [ '1.0.3' ],
45 silly audit   'has-symbols': [ '1.0.3' ],
45 silly audit   'has-tostringtag': [ '1.0.2' ],
45 silly audit   'has-unicode': [ '2.0.1' ],
45 silly audit   'has-yarn': [ '3.0.0' ],
45 silly audit   hashlru: [ '2.3.0' ],
45 silly audit   hasown: [ '2.0.2' ],
45 silly audit   'hosted-git-info': [ '5.2.1', '6.1.1' ],
45 silly audit   'html-escaper': [ '2.0.2' ],
45 silly audit   'http-cache-semantics': [ '4.1.1' ],
45 silly audit   'http-errors': [ '2.0.0' ],
45 silly audit   'http-proxy-agent': [ '5.0.0', '4.0.1' ],
45 silly audit   'http2-wrapper': [ '2.1.11' ],
45 silly audit   'https-proxy-agent': [ '5.0.1' ],
45 silly audit   'human-signals': [ '2.1.0' ],
45 silly audit   'humanize-ms': [ '1.2.1' ],
45 silly audit   i18next: [ '23.11.2' ],
45 silly audit   'iconv-lite': [ '0.6.3' ],
45 silly audit   'icss-utils': [ '5.1.0' ],
45 silly audit   ieee754: [ '1.2.1' ],
45 silly audit   ignore: [ '5.2.0' ],
45 silly audit   'ignore-walk': [ '6.0.4' ],
45 silly audit   'import-fresh': [ '3.3.0' ],
45 silly audit   'resolve-from': [ '4.0.0', '5.0.0' ],
45 silly audit   'import-lazy': [ '4.0.0' ],
45 silly audit   'import-local': [ '3.1.0' ],
45 silly audit   imurmurhash: [ '0.1.4' ],
45 silly audit   'indent-string': [ '4.0.0' ],
45 silly audit   'infer-owner': [ '1.0.4' ],
45 silly audit   inflection: [ '1.13.4' ],
45 silly audit   inflight: [ '1.0.6' ],
45 silly audit   inherits: [ '2.0.4' ],
45 silly audit   'internal-slot': [ '1.0.7' ],
45 silly audit   interpret: [ '2.2.0', '3.1.1' ],
45 silly audit   ip: [ '2.0.0' ],
45 silly audit   'ipaddr.js': [ '1.9.1' ],
45 silly audit   'is-array-buffer': [ '3.0.4' ],
45 silly audit   'is-arrayish': [ '0.2.1' ],
45 silly audit   'is-bigint': [ '1.0.4' ],
45 silly audit   'is-binary-path': [ '2.1.0' ],
45 silly audit   'is-boolean-object': [ '1.1.2' ],
45 silly audit   'is-callable': [ '1.2.7' ],
45 silly audit   'is-ci': [ '3.0.1' ],
45 silly audit   'is-core-module': [ '2.13.1' ],
45 silly audit   'is-data-view': [ '1.0.1' ],
45 silly audit   'is-date-object': [ '1.0.5' ],
45 silly audit   'is-docker': [ '2.2.1' ],
45 silly audit   'is-expression': [ '4.0.0' ],
45 silly audit   'is-extglob': [ '2.1.1' ],
45 silly audit   'is-fullwidth-code-point': [ '3.0.0' ],
45 silly audit   'is-generator-fn': [ '2.1.0' ],
45 silly audit   'is-glob': [ '4.0.3' ],
45 silly audit   'is-installed-globally': [ '0.4.0' ],
45 silly audit   'is-lambda': [ '1.0.1' ],
45 silly audit   'is-negative-zero': [ '2.0.3' ],
45 silly audit   'is-npm': [ '6.0.0' ],
45 silly audit   'is-number': [ '7.0.0' ],
45 silly audit   'is-number-object': [ '1.0.7' ],
45 silly audit   'is-obj': [ '2.0.0' ],
45 silly audit   'is-path-inside': [ '3.0.3' ],
45 silly audit   'is-plain-object': [ '2.0.4' ],
45 silly audit   'is-promise': [ '2.2.2' ],
45 silly audit   'is-regex': [ '1.1.4' ],
45 silly audit   'is-shared-array-buffer': [ '1.0.3' ],
45 silly audit   'is-stream': [ '2.0.1' ],
45 silly audit   'is-string': [ '1.0.7' ],
45 silly audit   'is-symbol': [ '1.0.4' ],
45 silly audit   'is-typed-array': [ '1.1.13' ],
45 silly audit   'is-typedarray': [ '1.0.0' ],
45 silly audit   'is-weakref': [ '1.0.2' ],
45 silly audit   'is-yarn-global': [ '0.4.0' ],
45 silly audit   isarray: [ '2.0.5' ],
45 silly audit   isbinaryfile: [ '4.0.10' ],
45 silly audit   isexe: [ '2.0.0' ],
45 silly audit   isobject: [ '3.0.1' ],
45 silly audit   'istanbul-lib-coverage': [ '3.2.2' ],
45 silly audit   'istanbul-lib-report': [ '3.0.1' ],
45 silly audit   'istanbul-lib-source-maps': [ '4.0.1' ],
45 silly audit   'istanbul-reports': [ '3.1.7' ],
45 silly audit   jackspeak: [ '2.3.6' ],
45 silly audit   jest: [ '29.7.0' ],
45 silly audit   'jest-changed-files': [ '29.7.0' ],
45 silly audit   'jest-circus': [ '29.7.0' ],
45 silly audit   'jest-cli': [ '29.7.0' ],
45 silly audit   'jest-config': [ '29.7.0' ],
45 silly audit   'jest-diff': [ '29.7.0' ],
45 silly audit   'jest-docblock': [ '29.7.0' ],
45 silly audit   'jest-each': [ '29.7.0' ],
45 silly audit   'jest-environment-node': [ '29.7.0' ],
45 silly audit   'jest-get-type': [ '29.6.3' ],
45 silly audit   'jest-haste-map': [ '29.7.0' ],
45 silly audit   'jest-leak-detector': [ '29.7.0' ],
45 silly audit   'jest-matcher-utils': [ '29.7.0' ],
45 silly audit   'jest-message-util': [ '29.7.0' ],
45 silly audit   'jest-mock': [ '29.7.0' ],
45 silly audit   'jest-pnp-resolver': [ '1.2.3' ],
45 silly audit   'jest-regex-util': [ '29.6.3' ],
45 silly audit   'jest-resolve': [ '29.7.0' ],
45 silly audit   'jest-resolve-dependencies': [ '29.7.0' ],
45 silly audit   'jest-runner': [ '29.7.0' ],
45 silly audit   'jest-runtime': [ '29.7.0' ],
45 silly audit   'jest-snapshot': [ '29.7.0' ],
45 silly audit   'jest-util': [ '29.7.0' ],
45 silly audit   'jest-validate': [ '29.7.0' ],
45 silly audit   'jest-watcher': [ '29.7.0' ],
45 silly audit   'jest-worker': [ '29.7.0', '27.5.1' ],
45 silly audit   jju: [ '1.4.0' ],
45 silly audit   joycon: [ '3.1.1' ],
45 silly audit   jquery: [ '3.7.1' ],
45 silly audit   'js-beautify': [ '1.15.1' ],
45 silly audit   nopt: [ '7.2.0', '6.0.0', '5.0.0' ],
45 silly audit   'js-cookie': [ '3.0.5' ],
45 silly audit   'js-stringify': [ '1.0.2' ],
45 silly audit   'js-tokens': [ '4.0.0' ],
45 silly audit   jsesc: [ '2.5.2' ],
45 silly audit   'json-buffer': [ '3.0.1' ],
45 silly audit   'json-parse-even-better-errors': [ '2.3.1', '3.0.1' ],
45 silly audit   'json-parse-helpfulerror': [ '1.0.3' ],
45 silly audit   'json-schema-ref-resolver': [ '1.0.1' ],
45 silly audit   'json-stable-stringify-without-jsonify': [ '1.0.1' ],
45 silly audit   json5: [ '2.2.3', '1.0.2' ],
45 silly audit   jsonfile: [ '6.1.0' ],
45 silly audit   jsonlines: [ '0.1.1' ],
45 silly audit   jsonparse: [ '1.3.1' ],
45 silly audit   jstransformer: [ '1.0.0' ],
45 silly audit   'jstransformer-markdown-it': [ '3.0.0' ],
45 silly audit   keyv: [ '4.5.4' ],
45 silly audit   'kind-of': [ '6.0.3' ],
45 silly audit   kleur: [ '3.0.3', '4.1.5' ],
45 silly audit   'latest-version': [ '7.0.0' ],
45 silly audit   leven: [ '3.1.0' ],
45 silly audit   levn: [ '0.4.1' ],
45 silly audit   'light-my-request': [ '5.13.0' ],
45 silly audit   'lines-and-columns': [ '1.2.4' ],
45 silly audit   'linkify-it': [ '4.0.1' ],
45 silly audit   'loader-runner': [ '4.3.0' ],
45 silly audit   lodash: [ '4.17.21' ],
45 silly audit   'lodash.castarray': [ '4.4.0' ],
45 silly audit   'lodash.compact': [ '3.0.1' ],
45 silly audit   'lodash.isempty': [ '4.4.0' ],
45 silly audit   'lodash.merge': [ '4.6.2' ],
45 silly audit   yallist: [ '3.1.1', '4.0.0' ],
45 silly audit   'lru-queue': [ '0.1.0' ],
45 silly audit   'make-dir': [ '4.0.0' ],
45 silly audit   'make-fetch-happen': [ '11.1.1', '10.2.1', '9.1.0' ],
45 silly audit   'make-promises-safe': [ '5.1.0' ],
45 silly audit   makeerror: [ '1.0.12' ],
45 silly audit   'markdown-it': [ '13.0.2' ],
45 silly audit   mdurl: [ '1.0.1' ],
45 silly audit   'media-typer': [ '0.3.0' ],
45 silly audit   memoizee: [ '0.4.15' ],
45 silly audit   'merge-stream': [ '2.0.0' ],
45 silly audit   merge2: [ '1.4.1' ],
45 silly audit   micromatch: [ '4.0.5' ],
45 silly audit   mime: [ '3.0.0' ],
45 silly audit   'mime-db': [ '1.52.0' ],
45 silly audit   'mime-types': [ '2.1.35' ],
45 silly audit   'mimic-fn': [ '2.1.0' ],
45 silly audit   'mini-css-extract-plugin': [ '2.9.0' ],
45 silly audit   minimist: [ '1.2.6' ],
45 silly audit   'minipass-collect': [ '1.0.2' ],
45 silly audit   'minipass-fetch': [ '3.0.4', '2.1.2', '1.4.1' ],
45 silly audit   'minipass-flush': [ '1.0.5' ],
45 silly audit   'minipass-json-stream': [ '1.0.1' ],
45 silly audit   'minipass-pipeline': [ '1.2.4' ],
45 silly audit   'minipass-sized': [ '1.0.3' ],
45 silly audit   minizlib: [ '2.1.2' ],
45 silly audit   mkdirp: [ '1.0.4' ],
45 silly audit   'mkdirp-classic': [ '0.5.3' ],
45 silly audit   moment: [ '2.30.1' ],
45 silly audit   'moment-timezone': [ '0.5.45' ],
45 silly audit   mustache: [ '4.2.0' ],
45 silly audit   nanoid: [ '3.3.7' ],
45 silly audit   'napi-build-utils': [ '1.0.2' ],
45 silly audit   'natural-compare': [ '1.4.0' ],
45 silly audit   negotiator: [ '0.6.3' ],
45 silly audit   'neo-async': [ '2.6.2' ],
45 silly audit   'next-tick': [ '1.1.0' ],
45 silly audit   'node-abi': [ '3.60.0' ],
45 silly audit   'node-addon-api': [ '4.3.0', '7.1.0' ],
45 silly audit   'node-gyp': [ '9.4.1', '8.4.1' ],
45 silly audit   'node-gyp-build': [ '4.8.0' ],
45 silly audit   ssri: [ '9.0.1', '8.0.1', '10.0.5' ],
45 silly audit   'node-int64': [ '0.4.0' ],
45 silly audit   'node-releases': [ '2.0.14' ],
45 silly audit   'normalize-package-data': [ '5.0.0' ],
45 silly audit   'normalize-path': [ '3.0.0' ],
45 silly audit   'normalize-url': [ '6.1.0' ],
45 silly audit   'npm-bundled': [ '3.0.0' ],
45 silly audit   'npm-check-updates': [ '16.14.18' ],
45 silly audit   rimraf: [ '5.0.5', '3.0.2' ],
45 silly audit   'source-map-support': [ '0.5.21', '0.5.13' ],
45 silly audit   'strip-json-comments': [ '5.0.1', '2.0.1', '3.1.1' ],
45 silly audit   'npm-install-checks': [ '6.3.0' ],
45 silly audit   'npm-normalize-package-bin': [ '3.0.1' ],
45 silly audit   'npm-package-arg': [ '10.1.0' ],
45 silly audit   'npm-packlist': [ '7.0.4' ],
45 silly audit   'npm-pick-manifest': [ '8.0.2' ],
45 silly audit   'npm-registry-fetch': [ '14.0.5' ],
45 silly audit   'npm-run-path': [ '4.0.1' ],
45 silly audit   npmlog: [ '6.0.2' ],
45 silly audit   'object-assign': [ '4.1.1' ],
45 silly audit   'object-inspect': [ '1.13.1' ],
45 silly audit   'object-keys': [ '1.1.1' ],
45 silly audit   'object.assign': [ '4.1.5' ],
45 silly audit   'object.entries': [ '1.1.8' ],
45 silly audit   'object.fromentries': [ '2.0.8' ],
45 silly audit   'object.groupby': [ '1.0.3' ],
45 silly audit   'object.values': [ '1.2.0' ],
45 silly audit   objection: [ '3.1.4' ],
45 silly audit   'objection-unique': [ '1.2.2' ],
45 silly audit   'on-exit-leak-free': [ '2.1.2' ],
45 silly audit   once: [ '1.4.0' ],
45 silly audit   onetime: [ '5.1.2' ],
45 silly audit   optionator: [ '0.9.3' ],
45 silly audit   'p-cancelable': [ '3.0.0' ],
45 silly audit   'p-map': [ '4.0.0' ],
45 silly audit   'p-try': [ '2.2.0' ],
45 silly audit   'package-json': [ '8.1.0' ],
45 silly audit   pacote: [ '15.2.0' ],
45 silly audit   'parent-module': [ '1.0.1' ],
45 silly audit   'parse-github-url': [ '1.0.2' ],
45 silly audit   'parse-json': [ '5.2.0' ],
45 silly audit   'path-exists': [ '4.0.0', '3.0.0' ],
45 silly audit   'path-is-absolute': [ '1.0.1' ],
45 silly audit   'path-key': [ '3.1.1' ],
45 silly audit   'path-parse': [ '1.0.7' ],
45 silly audit   'path-scurry': [ '1.10.2' ],
45 silly audit   'path-to-regexp': [ '6.2.1' ],
45 silly audit   'path-type': [ '4.0.0' ],
45 silly audit   pg: [ '8.11.5' ],
45 silly audit   'pg-cloudflare': [ '1.1.1' ],
45 silly audit   'pg-int8': [ '1.0.1' ],
45 silly audit   'pg-pool': [ '3.6.2' ],
45 silly audit   'pg-protocol': [ '1.6.1' ],
45 silly audit   'pg-types': [ '2.2.0' ],
45 silly audit   pgpass: [ '1.0.5' ],
45 silly audit   split2: [ '4.2.0', '3.2.2' ],
45 silly audit   picocolors: [ '1.0.0' ],
45 silly audit   picomatch: [ '2.3.1' ],
45 silly audit   pino: [ '8.20.0' ],
45 silly audit   'pino-abstract-transport': [ '1.2.0' ],
45 silly audit   'pino-std-serializers': [ '6.2.2' ],
45 silly audit   pirates: [ '4.0.6' ],
45 silly audit   'pkg-dir': [ '4.2.0' ],
45 silly audit   'pkg-up': [ '3.1.0' ],
45 silly audit   'possible-typed-array-names': [ '1.0.0' ],
45 silly audit   postcss: [ '8.4.38' ],
45 silly audit   'postcss-modules-extract-imports': [ '3.1.0' ],
45 silly audit   'postcss-modules-local-by-default': [ '4.0.5' ],
45 silly audit   'postcss-modules-scope': [ '3.2.0' ],
45 silly audit   'postcss-modules-values': [ '4.0.0' ],
45 silly audit   'postcss-selector-parser': [ '6.0.16' ],
45 silly audit   'postcss-value-parser': [ '4.2.0' ],
45 silly audit   'postgres-array': [ '2.0.0' ],
45 silly audit   'postgres-bytea': [ '1.0.0' ],
45 silly audit   'postgres-date': [ '1.0.7' ],
45 silly audit   'postgres-interval': [ '1.2.0' ],
45 silly audit   'prebuild-install': [ '7.1.2' ],
45 silly audit   'prelude-ls': [ '1.2.1' ],
45 silly audit   'pretty-format': [ '29.7.0' ],
45 silly audit   'proc-log': [ '3.0.0' ],
45 silly audit   process: [ '0.11.10' ],
45 silly audit   'process-warning': [ '3.0.0' ],
45 silly audit   progress: [ '2.0.3' ],
45 silly audit   promise: [ '7.3.1' ],
45 silly audit   'promise-inflight': [ '1.0.1' ],
45 silly audit   'promise-retry': [ '2.0.1' ],
45 silly audit   prompts: [ '2.4.2' ],
45 silly audit   'prompts-ncu': [ '3.0.0' ],
45 silly audit   'proto-list': [ '1.2.4' ],
45 silly audit   'proxy-addr': [ '2.0.7' ],
45 silly audit   pug: [ '3.0.2' ],
45 silly audit   'pug-attrs': [ '3.0.0' ],
45 silly audit   'pug-code-gen': [ '3.0.2' ],
45 silly audit   'pug-error': [ '2.0.0' ],
45 silly audit   'pug-filters': [ '4.0.0' ],
45 silly audit   'pug-lexer': [ '5.0.1' ],
45 silly audit   'pug-linker': [ '4.0.0' ],
45 silly audit   'pug-load': [ '3.0.0' ],
45 silly audit   'pug-parser': [ '6.0.0' ],
45 silly audit   'pug-runtime': [ '3.0.1' ],
45 silly audit   'pug-strip-comments': [ '2.0.0' ],
45 silly audit   'pug-walk': [ '2.0.0' ],
45 silly audit   pump: [ '3.0.0' ],
45 silly audit   punycode: [ '2.1.1' ],
45 silly audit   pupa: [ '3.1.0' ],
45 silly audit   'pure-rand': [ '6.1.0' ],
45 silly audit   qs: [ '6.12.1' ],
45 silly audit   'queue-microtask': [ '1.2.3' ],
45 silly audit   'quick-format-unescaped': [ '4.0.4' ],
45 silly audit   'quick-lru': [ '5.1.1' ],
45 silly audit   randombytes: [ '2.1.0' ],
45 silly audit   rc: [ '1.2.8' ],
45 silly audit   'rc-config-loader': [ '4.1.3' ],
45 silly audit   'react-is': [ '18.2.0' ],
45 silly audit   'read-package-json': [ '6.0.4' ],
45 silly audit   'read-package-json-fast': [ '3.0.2' ],
45 silly audit   readdirp: [ '3.6.0' ],
45 silly audit   'real-require': [ '0.2.0' ],
45 silly audit   rechoir: [ '0.8.0' ],
45 silly audit   'regenerator-runtime': [ '0.14.1' ],
45 silly audit   'regexp.prototype.flags': [ '1.5.2' ],
45 silly audit   'registry-auth-token': [ '5.0.1' ],
45 silly audit   'registry-url': [ '6.0.1' ],
45 silly audit   'remote-git-tags': [ '3.0.0' ],
45 silly audit   'require-directory': [ '2.1.1' ],
45 silly audit   'require-from-string': [ '2.0.2' ],
45 silly audit   resolve: [ '1.22.8' ],
45 silly audit   'resolve-alpn': [ '1.2.1' ],
45 silly audit   'resolve-cwd': [ '3.0.0' ],
45 silly audit   'resolve.exports': [ '2.0.2' ],
45 silly audit   responselike: [ '2.0.1' ],
45 silly audit   ret: [ '0.2.2' ],
45 silly audit   retry: [ '0.12.0' ],
45 silly audit   'retry-as-promised': [ '7.0.4' ],
45 silly audit   reusify: [ '1.0.4' ],
45 silly audit   rfdc: [ '1.3.1' ],
45 silly audit   'run-parallel': [ '1.2.0' ],
45 silly audit   rxjs: [ '7.8.1' ],
45 silly audit   'safe-array-concat': [ '1.1.2' ],
45 silly audit   'safe-buffer': [ '5.2.1' ],
45 silly audit   'safe-regex-test': [ '1.0.3' ],
45 silly audit   'safe-regex2': [ '2.0.0' ],
45 silly audit   'safe-stable-stringify': [ '2.4.3' ],
45 silly audit   'safer-buffer': [ '2.1.2' ],
45 silly audit   'schema-utils': [ '4.0.0', '3.3.0' ],
45 silly audit   'secure-json-parse': [ '2.7.0' ],
45 silly audit   'semver-diff': [ '4.0.0' ],
45 silly audit   'semver-utils': [ '1.1.4' ],
45 silly audit   sequelize: [ '6.37.3' ],
45 silly audit   'sequelize-cli': [ '6.6.2' ],
45 silly audit   yargs: [ '16.2.0', '17.7.2' ],
45 silly audit   'yargs-parser': [ '20.2.9', '21.1.1' ],
45 silly audit   'sequelize-pool': [ '7.1.0' ],
45 silly audit   'serialize-javascript': [ '6.0.2' ],
45 silly audit   'set-blocking': [ '2.0.0' ],
45 silly audit   'set-cookie-parser': [ '2.6.0' ],
45 silly audit   'set-function-length': [ '1.2.2' ],
45 silly audit   'set-function-name': [ '2.0.2' ],
45 silly audit   setprototypeof: [ '1.2.0' ],
45 silly audit   'shallow-clone': [ '3.0.1' ],
45 silly audit   'shebang-command': [ '2.0.0' ],
45 silly audit   'shebang-regex': [ '3.0.0' ],
45 silly audit   'shell-quote': [ '1.8.1' ],
45 silly audit   'side-channel': [ '1.0.6' ],
45 silly audit   sigstore: [ '1.9.0' ],
45 silly audit   'simple-concat': [ '1.0.1' ],
45 silly audit   'simple-get': [ '4.0.1' ],
45 silly audit   sisteransi: [ '1.0.5' ],
45 silly audit   slash: [ '3.0.0' ],
45 silly audit   'smart-buffer': [ '4.2.0' ],
45 silly audit   socks: [ '2.7.0' ],
45 silly audit   'socks-proxy-agent': [ '7.0.0', '6.2.1' ],
45 silly audit   'sodium-native': [ '4.1.1' ],
45 silly audit   'sonic-boom': [ '3.8.1' ],
45 silly audit   'source-map': [ '0.6.1' ],
45 silly audit   'source-map-js': [ '1.2.0' ],
45 silly audit   'spawn-command': [ '0.0.2' ],
45 silly audit   'spawn-please': [ '2.0.2' ],
45 silly audit   'spdx-correct': [ '3.2.0' ],
45 silly audit   'spdx-exceptions': [ '2.5.0' ],
45 silly audit   'spdx-expression-parse': [ '3.0.1' ],
45 silly audit   'spdx-license-ids': [ '3.0.17' ],
45 silly audit   'sprintf-js': [ '1.0.3' ],
45 silly audit   sqlite3: [ '5.1.7' ],
45 silly audit   'stack-trace': [ '0.0.10' ],
45 silly audit   'stack-utils': [ '2.0.6' ],
45 silly audit   statuses: [ '2.0.1' ],
45 silly audit   string_decoder: [ '1.3.0' ],
45 silly audit   'string-length': [ '4.0.2' ],
45 silly audit   'string.prototype.trim': [ '1.2.9' ],
45 silly audit   'string.prototype.trimend': [ '1.0.8' ],
45 silly audit   'string.prototype.trimstart': [ '1.0.8' ],
45 silly audit   'strip-bom': [ '4.0.0', '3.0.0' ],
45 silly audit   'strip-final-newline': [ '2.0.0' ],
45 silly audit   'style-loader': [ '4.0.0' ],
45 silly audit   'supports-preserve-symlinks-flag': [ '1.0.0' ],
45 silly audit   tapable: [ '2.2.1' ],
45 silly audit   tar: [ '6.1.11' ],
45 silly audit   'tar-fs': [ '2.1.1' ],
45 silly audit   'tar-stream': [ '2.2.0' ],
45 silly audit   tarn: [ '3.0.2' ],
45 silly audit   terser: [ '5.30.4' ],
45 silly audit   'terser-webpack-plugin': [ '5.3.10' ],
45 silly audit   'test-exclude': [ '6.0.0' ],
45 silly audit   'text-table': [ '0.2.0' ],
45 silly audit   'thread-stream': [ '2.6.0' ],
45 silly audit   tildify: [ '2.0.0' ],
45 silly audit   'timers-ext': [ '0.1.7' ],
45 silly audit   tmpl: [ '1.0.5' ],
45 silly audit   'to-fast-properties': [ '2.0.0' ],
45 silly audit   'to-regex-range': [ '5.0.1' ],
45 silly audit   'toad-cache': [ '3.7.0' ],
45 silly audit   toidentifier: [ '1.0.1' ],
45 silly audit   'token-stream': [ '1.0.0' ],
45 silly audit   'toposort-class': [ '1.0.1' ],
45 silly audit   'tree-kill': [ '1.2.2' ],
45 silly audit   'tsconfig-paths': [ '3.15.0' ],
45 silly audit   tslib: [ '2.6.2' ],
45 silly audit   'tuf-js': [ '1.1.7' ],
45 silly audit   'tunnel-agent': [ '0.6.0' ],
45 silly audit   type: [ '2.7.2' ],
45 silly audit   'type-check': [ '0.4.0' ],
45 silly audit   'type-detect': [ '4.0.8' ],
45 silly audit   'type-is': [ '1.6.18' ],
45 silly audit   'typed-array-buffer': [ '1.0.2' ],
45 silly audit   'typed-array-byte-length': [ '1.0.1' ],
45 silly audit   'typed-array-byte-offset': [ '1.0.2' ],
45 silly audit   'typed-array-length': [ '1.0.6' ],
45 silly audit   'typedarray-to-buffer': [ '3.1.5' ],
45 silly audit   'uc.micro': [ '1.0.6' ],
45 silly audit   umzug: [ '2.3.0' ],
45 silly audit   'unbox-primitive': [ '1.0.2' ],
45 silly audit   'undici-types': [ '5.26.5' ],
45 silly audit   'unique-string': [ '3.0.0' ],
45 silly audit   universalify: [ '2.0.1' ],
45 silly audit   untildify: [ '4.0.0' ],
45 silly audit   'update-browserslist-db': [ '1.0.13' ],
45 silly audit   'update-notifier': [ '6.0.2' ],
45 silly audit   'uri-js': [ '4.4.1' ],
45 silly audit   'util-deprecate': [ '1.0.2' ],
45 silly audit   uuid: [ '8.3.2' ],
45 silly audit   'v8-to-istanbul': [ '9.2.0' ],
45 silly audit   'validate-npm-package-license': [ '3.0.4' ],
45 silly audit   'validate-npm-package-name': [ '5.0.0' ],
45 silly audit   validator: [ '13.11.0' ],
45 silly audit   vary: [ '1.1.2' ],
45 silly audit   'void-elements': [ '3.1.0' ],
45 silly audit   walker: [ '1.0.8' ],
45 silly audit   watchpack: [ '2.4.1' ],
45 silly audit   webpack: [ '5.91.0' ],
45 silly audit   'webpack-cli': [ '5.1.4' ],
45 silly audit   'webpack-merge': [ '5.8.0' ],
45 silly audit   'webpack-sources': [ '3.2.3' ],
45 silly audit   'which-boxed-primitive': [ '1.0.2' ],
45 silly audit   'which-typed-array': [ '1.1.15' ],
45 silly audit   'wide-align': [ '1.1.5' ],
45 silly audit   'widest-line': [ '4.0.1' ],
45 silly audit   wildcard: [ '2.0.0' ],
45 silly audit   with: [ '7.0.2' ],
45 silly audit   wkx: [ '0.5.0' ],
45 silly audit   wrappy: [ '1.0.2' ],
45 silly audit   'xdg-basedir': [ '5.1.0' ],
45 silly audit   xtend: [ '4.0.2' ],
45 silly audit   y18n: [ '5.0.8' ],
45 silly audit   'yocto-queue': [ '0.1.0' ],
45 silly audit   youch: [ '2.2.2' ]
45 silly audit }
46 verbose reify failed optional dependency /root/node_modules/fsevents
47 silly reify mark deleted [ '/root/node_modules/fsevents' ]
48 timing reifyNode:node_modules/fsevents Completed in 139ms
49 http fetch GET 200 https://registry.npmjs.org/npm 1207ms
50 silly tarball no local data for youch@https://registry.npmjs.org/youch/-/youch-2.2.2.tgz. Extracting by manifest.
51 silly tarball no local data for yocto-queue@https://registry.npmjs.org/yocto-queue/-/yocto-queue-0.1.0.tgz. Extracting by manifest.
52 silly tarball no local data for yargs-parser@https://registry.npmjs.org/yargs-parser/-/yargs-parser-21.1.1.tgz. Extracting by manifest.
53 silly tarball no local data for yargs@https://registry.npmjs.org/yargs/-/yargs-17.7.2.tgz. Extracting by manifest.
54 silly tarball no local data for y18n@https://registry.npmjs.org/y18n/-/y18n-5.0.8.tgz. Extracting by manifest.
55 silly tarball no local data for yallist@https://registry.npmjs.org/yallist/-/yallist-4.0.0.tgz. Extracting by manifest.
56 silly tarball no local data for xtend@https://registry.npmjs.org/xtend/-/xtend-4.0.2.tgz. Extracting by manifest.
57 silly tarball no local data for write-file-atomic@https://registry.npmjs.org/write-file-atomic/-/write-file-atomic-4.0.2.tgz. Extracting by manifest.
58 silly tarball no local data for xdg-basedir@https://registry.npmjs.org/xdg-basedir/-/xdg-basedir-5.1.0.tgz. Extracting by manifest.
59 silly tarball no local data for wrappy@https://registry.npmjs.org/wrappy/-/wrappy-1.0.2.tgz. Extracting by manifest.
60 silly tarball no local data for wkx@https://registry.npmjs.org/wkx/-/wkx-0.5.0.tgz. Extracting by manifest.
61 silly tarball no local data for wrap-ansi@https://registry.npmjs.org/wrap-ansi/-/wrap-ansi-8.1.0.tgz. Extracting by manifest.
62 silly tarball no local data for wrap-ansi-cjs@https://registry.npmjs.org/wrap-ansi/-/wrap-ansi-7.0.0.tgz. Extracting by manifest.
63 silly tarball no local data for with@https://registry.npmjs.org/with/-/with-7.0.2.tgz. Extracting by manifest.
64 silly tarball no local data for wildcard@https://registry.npmjs.org/wildcard/-/wildcard-2.0.0.tgz. Extracting by manifest.
65 silly tarball no local data for widest-line@https://registry.npmjs.org/widest-line/-/widest-line-4.0.1.tgz. Extracting by manifest.
66 silly tarball no local data for which-boxed-primitive@https://registry.npmjs.org/which-boxed-primitive/-/which-boxed-primitive-1.0.2.tgz. Extracting by manifest.
67 silly tarball no local data for wide-align@https://registry.npmjs.org/wide-align/-/wide-align-1.1.5.tgz. Extracting by manifest.
68 silly tarball no local data for which-typed-array@https://registry.npmjs.org/which-typed-array/-/which-typed-array-1.1.15.tgz. Extracting by manifest.
69 silly tarball no local data for webpack-sources@https://registry.npmjs.org/webpack-sources/-/webpack-sources-3.2.3.tgz. Extracting by manifest.
70 silly tarball no local data for which@https://registry.npmjs.org/which/-/which-2.0.2.tgz. Extracting by manifest.
71 silly tarball no local data for webpack-merge@https://registry.npmjs.org/webpack-merge/-/webpack-merge-5.8.0.tgz. Extracting by manifest.
72 silly tarball no local data for webpack@https://registry.npmjs.org/webpack/-/webpack-5.91.0.tgz. Extracting by manifest.
73 silly tarball no local data for webpack-cli@https://registry.npmjs.org/webpack-cli/-/webpack-cli-5.1.4.tgz. Extracting by manifest.
74 silly tarball no local data for watchpack@https://registry.npmjs.org/watchpack/-/watchpack-2.4.1.tgz. Extracting by manifest.
75 silly tarball no local data for void-elements@https://registry.npmjs.org/void-elements/-/void-elements-3.1.0.tgz. Extracting by manifest.
76 silly tarball no local data for walker@https://registry.npmjs.org/walker/-/walker-1.0.8.tgz. Extracting by manifest.
77 silly tarball no local data for validator@https://registry.npmjs.org/validator/-/validator-13.11.0.tgz. Extracting by manifest.
78 silly tarball no local data for vary@https://registry.npmjs.org/vary/-/vary-1.1.2.tgz. Extracting by manifest.
79 silly tarball no local data for validate-npm-package-name@https://registry.npmjs.org/validate-npm-package-name/-/validate-npm-package-name-5.0.0.tgz. Extracting by manifest.
80 silly tarball no local data for validate-npm-package-license@https://registry.npmjs.org/validate-npm-package-license/-/validate-npm-package-license-3.0.4.tgz. Extracting by manifest.
81 silly tarball no local data for v8-to-istanbul@https://registry.npmjs.org/v8-to-istanbul/-/v8-to-istanbul-9.2.0.tgz. Extracting by manifest.
82 silly tarball no local data for util-deprecate@https://registry.npmjs.org/util-deprecate/-/util-deprecate-1.0.2.tgz. Extracting by manifest.
83 silly tarball no local data for uuid@https://registry.npmjs.org/uuid/-/uuid-8.3.2.tgz. Extracting by manifest.
84 silly tarball no local data for update-browserslist-db@https://registry.npmjs.org/update-browserslist-db/-/update-browserslist-db-1.0.13.tgz. Extracting by manifest.
85 silly tarball no local data for uri-js@https://registry.npmjs.org/uri-js/-/uri-js-4.4.1.tgz. Extracting by manifest.
86 silly tarball no local data for update-notifier@https://registry.npmjs.org/update-notifier/-/update-notifier-6.0.2.tgz. Extracting by manifest.
87 silly tarball no local data for untildify@https://registry.npmjs.org/untildify/-/untildify-4.0.0.tgz. Extracting by manifest.
88 silly tarball no local data for universalify@https://registry.npmjs.org/universalify/-/universalify-2.0.1.tgz. Extracting by manifest.
89 silly tarball no local data for unique-string@https://registry.npmjs.org/unique-string/-/unique-string-3.0.0.tgz. Extracting by manifest.
90 silly tarball no local data for unique-slug@https://registry.npmjs.org/unique-slug/-/unique-slug-2.0.2.tgz. Extracting by manifest.
91 silly tarball no local data for unique-filename@https://registry.npmjs.org/unique-filename/-/unique-filename-1.1.1.tgz. Extracting by manifest.
92 silly tarball no local data for undici-types@https://registry.npmjs.org/undici-types/-/undici-types-5.26.5.tgz. Extracting by manifest.
93 silly tarball no local data for uc.micro@https://registry.npmjs.org/uc.micro/-/uc.micro-1.0.6.tgz. Extracting by manifest.
94 silly tarball no local data for umzug@https://registry.npmjs.org/umzug/-/umzug-2.3.0.tgz. Extracting by manifest.
95 silly tarball no local data for unbox-primitive@https://registry.npmjs.org/unbox-primitive/-/unbox-primitive-1.0.2.tgz. Extracting by manifest.
96 silly tarball no local data for typedarray-to-buffer@https://registry.npmjs.org/typedarray-to-buffer/-/typedarray-to-buffer-3.1.5.tgz. Extracting by manifest.
97 silly tarball no local data for typed-array-length@https://registry.npmjs.org/typed-array-length/-/typed-array-length-1.0.6.tgz. Extracting by manifest.
98 silly tarball no local data for typed-array-byte-offset@https://registry.npmjs.org/typed-array-byte-offset/-/typed-array-byte-offset-1.0.2.tgz. Extracting by manifest.
99 silly tarball no local data for typed-array-byte-length@https://registry.npmjs.org/typed-array-byte-length/-/typed-array-byte-length-1.0.1.tgz. Extracting by manifest.
100 silly tarball no local data for typed-array-buffer@https://registry.npmjs.org/typed-array-buffer/-/typed-array-buffer-1.0.2.tgz. Extracting by manifest.
101 silly tarball no local data for type-is@https://registry.npmjs.org/type-is/-/type-is-1.6.18.tgz. Extracting by manifest.
102 silly tarball no local data for type-check@https://registry.npmjs.org/type-check/-/type-check-0.4.0.tgz. Extracting by manifest.
103 silly tarball no local data for type-fest@https://registry.npmjs.org/type-fest/-/type-fest-0.20.2.tgz. Extracting by manifest.
104 silly tarball no local data for type-detect@https://registry.npmjs.org/type-detect/-/type-detect-4.0.8.tgz. Extracting by manifest.
105 silly tarball no local data for type@https://registry.npmjs.org/type/-/type-2.7.2.tgz. Extracting by manifest.
106 silly tarball no local data for tunnel-agent@https://registry.npmjs.org/tunnel-agent/-/tunnel-agent-0.6.0.tgz. Extracting by manifest.
107 silly tarball no local data for tuf-js@https://registry.npmjs.org/tuf-js/-/tuf-js-1.1.7.tgz. Extracting by manifest.
108 silly tarball no local data for tslib@https://registry.npmjs.org/tslib/-/tslib-2.6.2.tgz. Extracting by manifest.
109 silly tarball no local data for tree-kill@https://registry.npmjs.org/tree-kill/-/tree-kill-1.2.2.tgz. Extracting by manifest.
110 silly tarball no local data for tsconfig-paths@https://registry.npmjs.org/tsconfig-paths/-/tsconfig-paths-3.15.0.tgz. Extracting by manifest.
111 silly tarball no local data for toposort-class@https://registry.npmjs.org/toposort-class/-/toposort-class-1.0.1.tgz. Extracting by manifest.
112 silly tarball no local data for token-stream@https://registry.npmjs.org/token-stream/-/token-stream-1.0.0.tgz. Extracting by manifest.
113 silly tarball no local data for toidentifier@https://registry.npmjs.org/toidentifier/-/toidentifier-1.0.1.tgz. Extracting by manifest.
114 silly tarball no local data for tmpl@https://registry.npmjs.org/tmpl/-/tmpl-1.0.5.tgz. Extracting by manifest.
115 silly tarball no local data for to-regex-range@https://registry.npmjs.org/to-regex-range/-/to-regex-range-5.0.1.tgz. Extracting by manifest.
116 silly tarball no local data for toad-cache@https://registry.npmjs.org/toad-cache/-/toad-cache-3.7.0.tgz. Extracting by manifest.
117 silly tarball no local data for to-fast-properties@https://registry.npmjs.org/to-fast-properties/-/to-fast-properties-2.0.0.tgz. Extracting by manifest.
118 silly tarball no local data for timers-ext@https://registry.npmjs.org/timers-ext/-/timers-ext-0.1.7.tgz. Extracting by manifest.
119 silly tarball no local data for thread-stream@https://registry.npmjs.org/thread-stream/-/thread-stream-2.6.0.tgz. Extracting by manifest.
120 silly tarball no local data for text-table@https://registry.npmjs.org/text-table/-/text-table-0.2.0.tgz. Extracting by manifest.
121 silly tarball no local data for tildify@https://registry.npmjs.org/tildify/-/tildify-2.0.0.tgz. Extracting by manifest.
122 silly tarball no local data for test-exclude@https://registry.npmjs.org/test-exclude/-/test-exclude-6.0.0.tgz. Extracting by manifest.
123 silly tarball no local data for terser-webpack-plugin@https://registry.npmjs.org/terser-webpack-plugin/-/terser-webpack-plugin-5.3.10.tgz. Extracting by manifest.
124 silly tarball no local data for terser@https://registry.npmjs.org/terser/-/terser-5.30.4.tgz. Extracting by manifest.
125 silly tarball no local data for tar-stream@https://registry.npmjs.org/tar-stream/-/tar-stream-2.2.0.tgz. Extracting by manifest.
126 silly tarball no local data for tarn@https://registry.npmjs.org/tarn/-/tarn-3.0.2.tgz. Extracting by manifest.
127 silly tarball no local data for tar-fs@https://registry.npmjs.org/tar-fs/-/tar-fs-2.1.1.tgz. Extracting by manifest.
128 silly tarball no local data for tar@https://registry.npmjs.org/tar/-/tar-6.1.11.tgz. Extracting by manifest.
129 silly tarball no local data for tapable@https://registry.npmjs.org/tapable/-/tapable-2.2.1.tgz. Extracting by manifest.
130 silly tarball no local data for supports-preserve-symlinks-flag@https://registry.npmjs.org/supports-preserve-symlinks-flag/-/supports-preserve-symlinks-flag-1.0.0.tgz. Extracting by manifest.
131 silly tarball no local data for style-loader@https://registry.npmjs.org/style-loader/-/style-loader-4.0.0.tgz. Extracting by manifest.
132 silly tarball no local data for strip-json-comments@https://registry.npmjs.org/strip-json-comments/-/strip-json-comments-3.1.1.tgz. Extracting by manifest.
133 silly tarball no local data for supports-color@https://registry.npmjs.org/supports-color/-/supports-color-7.2.0.tgz. Extracting by manifest.
134 silly tarball no local data for strip-ansi-cjs@https://registry.npmjs.org/strip-ansi/-/strip-ansi-6.0.1.tgz. Extracting by manifest.
135 silly tarball no local data for strip-bom@https://registry.npmjs.org/strip-bom/-/strip-bom-4.0.0.tgz. Extracting by manifest.
136 silly tarball no local data for strip-final-newline@https://registry.npmjs.org/strip-final-newline/-/strip-final-newline-2.0.0.tgz. Extracting by manifest.
137 silly tarball no local data for strip-ansi@https://registry.npmjs.org/strip-ansi/-/strip-ansi-6.0.1.tgz. Extracting by manifest.
138 silly tarball no local data for string.prototype.trimstart@https://registry.npmjs.org/string.prototype.trimstart/-/string.prototype.trimstart-1.0.8.tgz. Extracting by manifest.
139 silly tarball no local data for string.prototype.trimend@https://registry.npmjs.org/string.prototype.trimend/-/string.prototype.trimend-1.0.8.tgz. Extracting by manifest.
140 silly tarball no local data for string.prototype.trim@https://registry.npmjs.org/string.prototype.trim/-/string.prototype.trim-1.2.9.tgz. Extracting by manifest.
141 silly tarball no local data for string-width@https://registry.npmjs.org/string-width/-/string-width-4.2.3.tgz. Extracting by manifest.
142 silly tarball no local data for string-width-cjs@https://registry.npmjs.org/string-width/-/string-width-4.2.3.tgz. Extracting by manifest.
143 silly tarball no local data for string-length@https://registry.npmjs.org/string-length/-/string-length-4.0.2.tgz. Extracting by manifest.
144 silly tarball no local data for statuses@https://registry.npmjs.org/statuses/-/statuses-2.0.1.tgz. Extracting by manifest.
145 silly tarball no local data for string_decoder@https://registry.npmjs.org/string_decoder/-/string_decoder-1.3.0.tgz. Extracting by manifest.
146 silly tarball no local data for stack-utils@https://registry.npmjs.org/stack-utils/-/stack-utils-2.0.6.tgz. Extracting by manifest.
147 silly tarball no local data for stack-trace@https://registry.npmjs.org/stack-trace/-/stack-trace-0.0.10.tgz. Extracting by manifest.
148 silly tarball no local data for ssri@https://registry.npmjs.org/ssri/-/ssri-10.0.5.tgz. Extracting by manifest.
149 silly tarball no local data for sqlite3@https://registry.npmjs.org/sqlite3/-/sqlite3-5.1.7.tgz. Extracting by manifest.
150 silly tarball no local data for spdx-license-ids@https://registry.npmjs.org/spdx-license-ids/-/spdx-license-ids-3.0.17.tgz. Extracting by manifest.
151 silly tarball no local data for split2@https://registry.npmjs.org/split2/-/split2-3.2.2.tgz. Extracting by manifest.
152 silly tarball no local data for sprintf-js@https://registry.npmjs.org/sprintf-js/-/sprintf-js-1.0.3.tgz. Extracting by manifest.
153 silly tarball no local data for spdx-exceptions@https://registry.npmjs.org/spdx-exceptions/-/spdx-exceptions-2.5.0.tgz. Extracting by manifest.
154 silly tarball no local data for spdx-expression-parse@https://registry.npmjs.org/spdx-expression-parse/-/spdx-expression-parse-3.0.1.tgz. Extracting by manifest.
155 silly tarball no local data for spdx-correct@https://registry.npmjs.org/spdx-correct/-/spdx-correct-3.2.0.tgz. Extracting by manifest.
156 silly tarball no local data for spawn-please@https://registry.npmjs.org/spawn-please/-/spawn-please-2.0.2.tgz. Extracting by manifest.
157 silly tarball no local data for spawn-command@https://registry.npmjs.org/spawn-command/-/spawn-command-0.0.2.tgz. Extracting by manifest.
158 silly tarball no local data for source-map-js@https://registry.npmjs.org/source-map-js/-/source-map-js-1.2.0.tgz. Extracting by manifest.
159 silly tarball no local data for source-map@https://registry.npmjs.org/source-map/-/source-map-0.6.1.tgz. Extracting by manifest.
160 silly tarball no local data for source-map-support@https://registry.npmjs.org/source-map-support/-/source-map-support-0.5.13.tgz. Extracting by manifest.
161 silly tarball no local data for sonic-boom@https://registry.npmjs.org/sonic-boom/-/sonic-boom-3.8.1.tgz. Extracting by manifest.
162 silly tarball no local data for sodium-native@https://registry.npmjs.org/sodium-native/-/sodium-native-4.1.1.tgz. Extracting by manifest.
163 silly tarball no local data for smart-buffer@https://registry.npmjs.org/smart-buffer/-/smart-buffer-4.2.0.tgz. Extracting by manifest.
164 silly tarball no local data for socks-proxy-agent@https://registry.npmjs.org/socks-proxy-agent/-/socks-proxy-agent-7.0.0.tgz. Extracting by manifest.
165 silly tarball no local data for socks@https://registry.npmjs.org/socks/-/socks-2.7.0.tgz. Extracting by manifest.
166 silly tarball no local data for sisteransi@https://registry.npmjs.org/sisteransi/-/sisteransi-1.0.5.tgz. Extracting by manifest.
167 silly tarball no local data for slash@https://registry.npmjs.org/slash/-/slash-3.0.0.tgz. Extracting by manifest.
168 silly tarball no local data for simple-get@https://registry.npmjs.org/simple-get/-/simple-get-4.0.1.tgz. Extracting by manifest.
169 silly tarball no local data for sigstore@https://registry.npmjs.org/sigstore/-/sigstore-1.9.0.tgz. Extracting by manifest.
170 silly tarball no local data for simple-concat@https://registry.npmjs.org/simple-concat/-/simple-concat-1.0.1.tgz. Extracting by manifest.
171 silly tarball no local data for shell-quote@https://registry.npmjs.org/shell-quote/-/shell-quote-1.8.1.tgz. Extracting by manifest.
172 silly tarball no local data for signal-exit@https://registry.npmjs.org/signal-exit/-/signal-exit-3.0.7.tgz. Extracting by manifest.
173 silly tarball no local data for side-channel@https://registry.npmjs.org/side-channel/-/side-channel-1.0.6.tgz. Extracting by manifest.
174 silly tarball no local data for shebang-regex@https://registry.npmjs.org/shebang-regex/-/shebang-regex-3.0.0.tgz. Extracting by manifest.
175 silly tarball no local data for shallow-clone@https://registry.npmjs.org/shallow-clone/-/shallow-clone-3.0.1.tgz. Extracting by manifest.
176 silly tarball no local data for shebang-command@https://registry.npmjs.org/shebang-command/-/shebang-command-2.0.0.tgz. Extracting by manifest.
177 silly tarball no local data for set-function-name@https://registry.npmjs.org/set-function-name/-/set-function-name-2.0.2.tgz. Extracting by manifest.
178 silly tarball no local data for setprototypeof@https://registry.npmjs.org/setprototypeof/-/setprototypeof-1.2.0.tgz. Extracting by manifest.
179 silly tarball no local data for set-function-length@https://registry.npmjs.org/set-function-length/-/set-function-length-1.2.2.tgz. Extracting by manifest.
180 silly tarball no local data for set-cookie-parser@https://registry.npmjs.org/set-cookie-parser/-/set-cookie-parser-2.6.0.tgz. Extracting by manifest.
181 silly tarball no local data for set-blocking@https://registry.npmjs.org/set-blocking/-/set-blocking-2.0.0.tgz. Extracting by manifest.
182 silly tarball no local data for serialize-javascript@https://registry.npmjs.org/serialize-javascript/-/serialize-javascript-6.0.2.tgz. Extracting by manifest.
183 silly tarball no local data for sequelize-pool@https://registry.npmjs.org/sequelize-pool/-/sequelize-pool-7.1.0.tgz. Extracting by manifest.
184 silly tarball no local data for sequelize-cli@https://registry.npmjs.org/sequelize-cli/-/sequelize-cli-6.6.2.tgz. Extracting by manifest.
185 silly tarball no local data for sequelize@https://registry.npmjs.org/sequelize/-/sequelize-6.37.3.tgz. Extracting by manifest.
186 silly tarball no local data for semver-diff@https://registry.npmjs.org/semver-diff/-/semver-diff-4.0.0.tgz. Extracting by manifest.
187 silly tarball no local data for semver-utils@https://registry.npmjs.org/semver-utils/-/semver-utils-1.1.4.tgz. Extracting by manifest.
188 silly tarball no local data for semver@https://registry.npmjs.org/semver/-/semver-7.6.0.tgz. Extracting by manifest.
189 silly tarball no local data for secure-json-parse@https://registry.npmjs.org/secure-json-parse/-/secure-json-parse-2.7.0.tgz. Extracting by manifest.
190 silly tarball no local data for schema-utils@https://registry.npmjs.org/schema-utils/-/schema-utils-4.0.0.tgz. Extracting by manifest.
191 silly tarball no local data for safe-stable-stringify@https://registry.npmjs.org/safe-stable-stringify/-/safe-stable-stringify-2.4.3.tgz. Extracting by manifest.
192 silly tarball no local data for safer-buffer@https://registry.npmjs.org/safer-buffer/-/safer-buffer-2.1.2.tgz. Extracting by manifest.
193 silly tarball no local data for safe-regex2@https://registry.npmjs.org/safe-regex2/-/safe-regex2-2.0.0.tgz. Extracting by manifest.
194 silly tarball no local data for safe-regex-test@https://registry.npmjs.org/safe-regex-test/-/safe-regex-test-1.0.3.tgz. Extracting by manifest.
195 silly tarball no local data for safe-array-concat@https://registry.npmjs.org/safe-array-concat/-/safe-array-concat-1.1.2.tgz. Extracting by manifest.
196 silly tarball no local data for rxjs@https://registry.npmjs.org/rxjs/-/rxjs-7.8.1.tgz. Extracting by manifest.
197 silly tarball no local data for run-parallel@https://registry.npmjs.org/run-parallel/-/run-parallel-1.2.0.tgz. Extracting by manifest.
198 silly tarball no local data for safe-buffer@https://registry.npmjs.org/safe-buffer/-/safe-buffer-5.2.1.tgz. Extracting by manifest.
199 silly tarball no local data for rimraf@https://registry.npmjs.org/rimraf/-/rimraf-3.0.2.tgz. Extracting by manifest.
200 silly tarball no local data for reusify@https://registry.npmjs.org/reusify/-/reusify-1.0.4.tgz. Extracting by manifest.
201 silly tarball no local data for retry-as-promised@https://registry.npmjs.org/retry-as-promised/-/retry-as-promised-7.0.4.tgz. Extracting by manifest.
202 silly tarball no local data for rfdc@https://registry.npmjs.org/rfdc/-/rfdc-1.3.1.tgz. Extracting by manifest.
203 silly tarball no local data for ret@https://registry.npmjs.org/ret/-/ret-0.2.2.tgz. Extracting by manifest.
204 silly tarball no local data for retry@https://registry.npmjs.org/retry/-/retry-0.12.0.tgz. Extracting by manifest.
205 silly tarball no local data for responselike@https://registry.npmjs.org/responselike/-/responselike-2.0.1.tgz. Extracting by manifest.
206 silly tarball no local data for resolve-from@https://registry.npmjs.org/resolve-from/-/resolve-from-5.0.0.tgz. Extracting by manifest.
207 silly tarball no local data for resolve.exports@https://registry.npmjs.org/resolve.exports/-/resolve.exports-2.0.2.tgz. Extracting by manifest.
208 silly tarball no local data for resolve-alpn@https://registry.npmjs.org/resolve-alpn/-/resolve-alpn-1.2.1.tgz. Extracting by manifest.
209 silly tarball no local data for resolve@https://registry.npmjs.org/resolve/-/resolve-1.22.8.tgz. Extracting by manifest.
210 silly tarball no local data for resolve-cwd@https://registry.npmjs.org/resolve-cwd/-/resolve-cwd-3.0.0.tgz. Extracting by manifest.
211 silly tarball no local data for require-from-string@https://registry.npmjs.org/require-from-string/-/require-from-string-2.0.2.tgz. Extracting by manifest.
212 silly tarball no local data for require-directory@https://registry.npmjs.org/require-directory/-/require-directory-2.1.1.tgz. Extracting by manifest.
213 silly tarball no local data for remote-git-tags@https://registry.npmjs.org/remote-git-tags/-/remote-git-tags-3.0.0.tgz. Extracting by manifest.
214 silly tarball no local data for registry-url@https://registry.npmjs.org/registry-url/-/registry-url-6.0.1.tgz. Extracting by manifest.
215 silly tarball no local data for registry-auth-token@https://registry.npmjs.org/registry-auth-token/-/registry-auth-token-5.0.1.tgz. Extracting by manifest.
216 silly tarball no local data for regexp.prototype.flags@https://registry.npmjs.org/regexp.prototype.flags/-/regexp.prototype.flags-1.5.2.tgz. Extracting by manifest.
217 silly tarball no local data for regenerator-runtime@https://registry.npmjs.org/regenerator-runtime/-/regenerator-runtime-0.14.1.tgz. Extracting by manifest.
218 silly tarball no local data for rechoir@https://registry.npmjs.org/rechoir/-/rechoir-0.8.0.tgz. Extracting by manifest.
219 silly tarball no local data for readdirp@https://registry.npmjs.org/readdirp/-/readdirp-3.6.0.tgz. Extracting by manifest.
220 silly tarball no local data for real-require@https://registry.npmjs.org/real-require/-/real-require-0.2.0.tgz. Extracting by manifest.
221 silly tarball no local data for react-is@https://registry.npmjs.org/react-is/-/react-is-18.2.0.tgz. Extracting by manifest.
222 silly tarball no local data for read-package-json-fast@https://registry.npmjs.org/read-package-json-fast/-/read-package-json-fast-3.0.2.tgz. Extracting by manifest.
223 silly tarball no local data for readable-stream@https://registry.npmjs.org/readable-stream/-/readable-stream-3.6.2.tgz. Extracting by manifest.
224 silly tarball no local data for read-package-json@https://registry.npmjs.org/read-package-json/-/read-package-json-6.0.4.tgz. Extracting by manifest.
225 silly tarball no local data for rc-config-loader@https://registry.npmjs.org/rc-config-loader/-/rc-config-loader-4.1.3.tgz. Extracting by manifest.
226 silly tarball no local data for randombytes@https://registry.npmjs.org/randombytes/-/randombytes-2.1.0.tgz. Extracting by manifest.
227 silly tarball no local data for rc@https://registry.npmjs.org/rc/-/rc-1.2.8.tgz. Extracting by manifest.
228 silly tarball no local data for quick-format-unescaped@https://registry.npmjs.org/quick-format-unescaped/-/quick-format-unescaped-4.0.4.tgz. Extracting by manifest.
229 silly tarball no local data for quick-lru@https://registry.npmjs.org/quick-lru/-/quick-lru-5.1.1.tgz. Extracting by manifest.
230 silly tarball no local data for pure-rand@https://registry.npmjs.org/pure-rand/-/pure-rand-6.1.0.tgz. Extracting by manifest.
231 silly tarball no local data for queue-microtask@https://registry.npmjs.org/queue-microtask/-/queue-microtask-1.2.3.tgz. Extracting by manifest.
232 silly tarball no local data for qs@https://registry.npmjs.org/qs/-/qs-6.12.1.tgz. Extracting by manifest.
233 silly tarball no local data for pupa@https://registry.npmjs.org/pupa/-/pupa-3.1.0.tgz. Extracting by manifest.
234 silly tarball no local data for punycode@https://registry.npmjs.org/punycode/-/punycode-2.1.1.tgz. Extracting by manifest.
235 silly tarball no local data for pump@https://registry.npmjs.org/pump/-/pump-3.0.0.tgz. Extracting by manifest.
236 silly tarball no local data for pug-walk@https://registry.npmjs.org/pug-walk/-/pug-walk-2.0.0.tgz. Extracting by manifest.
237 silly tarball no local data for pug-runtime@https://registry.npmjs.org/pug-runtime/-/pug-runtime-3.0.1.tgz. Extracting by manifest.
238 silly tarball no local data for pug-strip-comments@https://registry.npmjs.org/pug-strip-comments/-/pug-strip-comments-2.0.0.tgz. Extracting by manifest.
239 silly tarball no local data for pug-load@https://registry.npmjs.org/pug-load/-/pug-load-3.0.0.tgz. Extracting by manifest.
240 silly tarball no local data for pug-parser@https://registry.npmjs.org/pug-parser/-/pug-parser-6.0.0.tgz. Extracting by manifest.
241 silly tarball no local data for pug-linker@https://registry.npmjs.org/pug-linker/-/pug-linker-4.0.0.tgz. Extracting by manifest.
242 silly tarball no local data for pug-lexer@https://registry.npmjs.org/pug-lexer/-/pug-lexer-5.0.1.tgz. Extracting by manifest.
243 silly tarball no local data for pug-filters@https://registry.npmjs.org/pug-filters/-/pug-filters-4.0.0.tgz. Extracting by manifest.
244 silly tarball no local data for pug-code-gen@https://registry.npmjs.org/pug-code-gen/-/pug-code-gen-3.0.2.tgz. Extracting by manifest.
245 silly tarball no local data for pug-error@https://registry.npmjs.org/pug-error/-/pug-error-2.0.0.tgz. Extracting by manifest.
246 silly tarball no local data for pug-attrs@https://registry.npmjs.org/pug-attrs/-/pug-attrs-3.0.0.tgz. Extracting by manifest.
247 silly tarball no local data for pug@https://registry.npmjs.org/pug/-/pug-3.0.2.tgz. Extracting by manifest.
248 silly tarball no local data for proxy-addr@https://registry.npmjs.org/proxy-addr/-/proxy-addr-2.0.7.tgz. Extracting by manifest.
249 silly tarball no local data for proto-list@https://registry.npmjs.org/proto-list/-/proto-list-1.2.4.tgz. Extracting by manifest.
250 silly tarball no local data for prompts-ncu@https://registry.npmjs.org/prompts-ncu/-/prompts-ncu-3.0.0.tgz. Extracting by manifest.
251 silly tarball no local data for prompts@https://registry.npmjs.org/prompts/-/prompts-2.4.2.tgz. Extracting by manifest.
252 silly tarball no local data for promise-retry@https://registry.npmjs.org/promise-retry/-/promise-retry-2.0.1.tgz. Extracting by manifest.
253 silly tarball no local data for promise-inflight@https://registry.npmjs.org/promise-inflight/-/promise-inflight-1.0.1.tgz. Extracting by manifest.
254 silly tarball no local data for progress@https://registry.npmjs.org/progress/-/progress-2.0.3.tgz. Extracting by manifest.
255 silly tarball no local data for process-warning@https://registry.npmjs.org/process-warning/-/process-warning-3.0.0.tgz. Extracting by manifest.
256 silly tarball no local data for promise@https://registry.npmjs.org/promise/-/promise-7.3.1.tgz. Extracting by manifest.
257 silly tarball no local data for proc-log@https://registry.npmjs.org/proc-log/-/proc-log-3.0.0.tgz. Extracting by manifest.
258 silly tarball no local data for pretty-format@https://registry.npmjs.org/pretty-format/-/pretty-format-29.7.0.tgz. Extracting by manifest.
259 silly tarball no local data for process@https://registry.npmjs.org/process/-/process-0.11.10.tgz. Extracting by manifest.
260 silly tarball no local data for prelude-ls@https://registry.npmjs.org/prelude-ls/-/prelude-ls-1.2.1.tgz. Extracting by manifest.
261 silly tarball no local data for prebuild-install@https://registry.npmjs.org/prebuild-install/-/prebuild-install-7.1.2.tgz. Extracting by manifest.
262 silly tarball no local data for postgres-interval@https://registry.npmjs.org/postgres-interval/-/postgres-interval-1.2.0.tgz. Extracting by manifest.
263 silly tarball no local data for postgres-date@https://registry.npmjs.org/postgres-date/-/postgres-date-1.0.7.tgz. Extracting by manifest.
264 silly tarball no local data for postgres-array@https://registry.npmjs.org/postgres-array/-/postgres-array-2.0.0.tgz. Extracting by manifest.
265 silly tarball no local data for postgres-bytea@https://registry.npmjs.org/postgres-bytea/-/postgres-bytea-1.0.0.tgz. Extracting by manifest.
266 silly tarball no local data for postcss-value-parser@https://registry.npmjs.org/postcss-value-parser/-/postcss-value-parser-4.2.0.tgz. Extracting by manifest.
267 silly tarball no local data for postcss-modules-values@https://registry.npmjs.org/postcss-modules-values/-/postcss-modules-values-4.0.0.tgz. Extracting by manifest.
268 silly tarball no local data for postcss-selector-parser@https://registry.npmjs.org/postcss-selector-parser/-/postcss-selector-parser-6.0.16.tgz. Extracting by manifest.
269 silly tarball no local data for postcss-modules-scope@https://registry.npmjs.org/postcss-modules-scope/-/postcss-modules-scope-3.2.0.tgz. Extracting by manifest.
270 silly tarball no local data for postcss-modules-local-by-default@https://registry.npmjs.org/postcss-modules-local-by-default/-/postcss-modules-local-by-default-4.0.5.tgz. Extracting by manifest.
271 silly tarball no local data for postcss-modules-extract-imports@https://registry.npmjs.org/postcss-modules-extract-imports/-/postcss-modules-extract-imports-3.1.0.tgz. Extracting by manifest.
272 silly tarball no local data for postcss@https://registry.npmjs.org/postcss/-/postcss-8.4.38.tgz. Extracting by manifest.
273 silly tarball no local data for possible-typed-array-names@https://registry.npmjs.org/possible-typed-array-names/-/possible-typed-array-names-1.0.0.tgz. Extracting by manifest.
274 silly tarball no local data for pkg-dir@https://registry.npmjs.org/pkg-dir/-/pkg-dir-4.2.0.tgz. Extracting by manifest.
275 silly tarball no local data for pkg-up@https://registry.npmjs.org/pkg-up/-/pkg-up-3.1.0.tgz. Extracting by manifest.
276 silly tarball no local data for pirates@https://registry.npmjs.org/pirates/-/pirates-4.0.6.tgz. Extracting by manifest.
277 silly tarball no local data for pino-std-serializers@https://registry.npmjs.org/pino-std-serializers/-/pino-std-serializers-6.2.2.tgz. Extracting by manifest.
278 silly tarball no local data for pino-abstract-transport@https://registry.npmjs.org/pino-abstract-transport/-/pino-abstract-transport-1.2.0.tgz. Extracting by manifest.
279 silly tarball no local data for pino-pretty@https://registry.npmjs.org/pino-pretty/-/pino-pretty-11.0.0.tgz. Extracting by manifest.
280 silly tarball no local data for pino@https://registry.npmjs.org/pino/-/pino-8.20.0.tgz. Extracting by manifest.
281 silly tarball no local data for picocolors@https://registry.npmjs.org/picocolors/-/picocolors-1.0.0.tgz. Extracting by manifest.
282 silly tarball no local data for picomatch@https://registry.npmjs.org/picomatch/-/picomatch-2.3.1.tgz. Extracting by manifest.
283 silly tarball no local data for pg-types@https://registry.npmjs.org/pg-types/-/pg-types-2.2.0.tgz. Extracting by manifest.
284 silly tarball no local data for pgpass@https://registry.npmjs.org/pgpass/-/pgpass-1.0.5.tgz. Extracting by manifest.
285 silly tarball no local data for pg-protocol@https://registry.npmjs.org/pg-protocol/-/pg-protocol-1.6.1.tgz. Extracting by manifest.
286 silly tarball no local data for pg-int8@https://registry.npmjs.org/pg-int8/-/pg-int8-1.0.1.tgz. Extracting by manifest.
287 silly tarball no local data for pg-pool@https://registry.npmjs.org/pg-pool/-/pg-pool-3.6.2.tgz. Extracting by manifest.
288 silly tarball no local data for pg-cloudflare@https://registry.npmjs.org/pg-cloudflare/-/pg-cloudflare-1.1.1.tgz. Extracting by manifest.
289 silly tarball no local data for pg-connection-string@https://registry.npmjs.org/pg-connection-string/-/pg-connection-string-2.6.2.tgz. Extracting by manifest.
290 silly tarball no local data for pg@https://registry.npmjs.org/pg/-/pg-8.11.5.tgz. Extracting by manifest.
291 silly tarball no local data for path-to-regexp@https://registry.npmjs.org/path-to-regexp/-/path-to-regexp-6.2.1.tgz. Extracting by manifest.
292 silly tarball no local data for path-scurry@https://registry.npmjs.org/path-scurry/-/path-scurry-1.10.2.tgz. Extracting by manifest.
293 silly tarball no local data for path-type@https://registry.npmjs.org/path-type/-/path-type-4.0.0.tgz. Extracting by manifest.
294 silly tarball no local data for path-parse@https://registry.npmjs.org/path-parse/-/path-parse-1.0.7.tgz. Extracting by manifest.
295 silly tarball no local data for path-key@https://registry.npmjs.org/path-key/-/path-key-3.1.1.tgz. Extracting by manifest.
296 silly tarball no local data for path-is-absolute@https://registry.npmjs.org/path-is-absolute/-/path-is-absolute-1.0.1.tgz. Extracting by manifest.
297 silly tarball no local data for path-exists@https://registry.npmjs.org/path-exists/-/path-exists-4.0.0.tgz. Extracting by manifest.
298 silly tarball no local data for parse-json@https://registry.npmjs.org/parse-json/-/parse-json-5.2.0.tgz. Extracting by manifest.
299 silly tarball no local data for parse-github-url@https://registry.npmjs.org/parse-github-url/-/parse-github-url-1.0.2.tgz. Extracting by manifest.
300 silly tarball no local data for pacote@https://registry.npmjs.org/pacote/-/pacote-15.2.0.tgz. Extracting by manifest.
301 silly tarball no local data for parent-module@https://registry.npmjs.org/parent-module/-/parent-module-1.0.1.tgz. Extracting by manifest.
302 silly tarball no local data for package-json@https://registry.npmjs.org/package-json/-/package-json-8.1.0.tgz. Extracting by manifest.
303 silly tarball no local data for p-try@https://registry.npmjs.org/p-try/-/p-try-2.2.0.tgz. Extracting by manifest.
304 silly tarball no local data for p-map@https://registry.npmjs.org/p-map/-/p-map-4.0.0.tgz. Extracting by manifest.
305 silly tarball no local data for p-limit@https://registry.npmjs.org/p-limit/-/p-limit-3.1.0.tgz. Extracting by manifest.
306 silly tarball no local data for p-locate@https://registry.npmjs.org/p-locate/-/p-locate-5.0.0.tgz. Extracting by manifest.
307 silly tarball no local data for optionator@https://registry.npmjs.org/optionator/-/optionator-0.9.3.tgz. Extracting by manifest.
308 silly tarball no local data for p-cancelable@https://registry.npmjs.org/p-cancelable/-/p-cancelable-3.0.0.tgz. Extracting by manifest.
309 silly tarball no local data for onetime@https://registry.npmjs.org/onetime/-/onetime-5.1.2.tgz. Extracting by manifest.
310 silly tarball no local data for once@https://registry.npmjs.org/once/-/once-1.4.0.tgz. Extracting by manifest.
311 silly tarball no local data for on-exit-leak-free@https://registry.npmjs.org/on-exit-leak-free/-/on-exit-leak-free-2.1.2.tgz. Extracting by manifest.
312 silly tarball no local data for objection@https://registry.npmjs.org/objection/-/objection-3.1.4.tgz. Extracting by manifest.
313 silly tarball no local data for objection-unique@https://registry.npmjs.org/objection-unique/-/objection-unique-1.2.2.tgz. Extracting by manifest.
314 silly tarball no local data for object.groupby@https://registry.npmjs.org/object.groupby/-/object.groupby-1.0.3.tgz. Extracting by manifest.
315 silly tarball no local data for object.fromentries@https://registry.npmjs.org/object.fromentries/-/object.fromentries-2.0.8.tgz. Extracting by manifest.
316 silly tarball no local data for object.values@https://registry.npmjs.org/object.values/-/object.values-1.2.0.tgz. Extracting by manifest.
317 silly tarball no local data for object.entries@https://registry.npmjs.org/object.entries/-/object.entries-1.1.8.tgz. Extracting by manifest.
318 silly tarball no local data for object.assign@https://registry.npmjs.org/object.assign/-/object.assign-4.1.5.tgz. Extracting by manifest.
319 silly tarball no local data for object-keys@https://registry.npmjs.org/object-keys/-/object-keys-1.1.1.tgz. Extracting by manifest.
320 silly tarball no local data for object-inspect@https://registry.npmjs.org/object-inspect/-/object-inspect-1.13.1.tgz. Extracting by manifest.
321 silly tarball no local data for npmlog@https://registry.npmjs.org/npmlog/-/npmlog-6.0.2.tgz. Extracting by manifest.
322 silly tarball no local data for object-assign@https://registry.npmjs.org/object-assign/-/object-assign-4.1.1.tgz. Extracting by manifest.
323 silly tarball no local data for npm-run-path@https://registry.npmjs.org/npm-run-path/-/npm-run-path-4.0.1.tgz. Extracting by manifest.
324 silly tarball no local data for npm-pick-manifest@https://registry.npmjs.org/npm-pick-manifest/-/npm-pick-manifest-8.0.2.tgz. Extracting by manifest.
325 silly tarball no local data for npm-registry-fetch@https://registry.npmjs.org/npm-registry-fetch/-/npm-registry-fetch-14.0.5.tgz. Extracting by manifest.
326 silly tarball no local data for npm-packlist@https://registry.npmjs.org/npm-packlist/-/npm-packlist-7.0.4.tgz. Extracting by manifest.
327 silly tarball no local data for npm-package-arg@https://registry.npmjs.org/npm-package-arg/-/npm-package-arg-10.1.0.tgz. Extracting by manifest.
328 silly tarball no local data for npm-normalize-package-bin@https://registry.npmjs.org/npm-normalize-package-bin/-/npm-normalize-package-bin-3.0.1.tgz. Extracting by manifest.
329 silly tarball no local data for normalize-url@https://registry.npmjs.org/normalize-url/-/normalize-url-6.1.0.tgz. Extracting by manifest.
330 silly tarball no local data for npm-bundled@https://registry.npmjs.org/npm-bundled/-/npm-bundled-3.0.0.tgz. Extracting by manifest.
331 silly tarball no local data for npm-install-checks@https://registry.npmjs.org/npm-install-checks/-/npm-install-checks-6.3.0.tgz. Extracting by manifest.
332 silly tarball no local data for npm-check-updates@https://registry.npmjs.org/npm-check-updates/-/npm-check-updates-16.14.18.tgz. Extracting by manifest.
333 silly tarball no local data for normalize-path@https://registry.npmjs.org/normalize-path/-/normalize-path-3.0.0.tgz. Extracting by manifest.
334 silly tarball no local data for normalize-package-data@https://registry.npmjs.org/normalize-package-data/-/normalize-package-data-5.0.0.tgz. Extracting by manifest.
335 silly tarball no local data for node-int64@https://registry.npmjs.org/node-int64/-/node-int64-0.4.0.tgz. Extracting by manifest.
336 silly tarball no local data for nopt@https://registry.npmjs.org/nopt/-/nopt-5.0.0.tgz. Extracting by manifest.
337 silly tarball no local data for node-releases@https://registry.npmjs.org/node-releases/-/node-releases-2.0.14.tgz. Extracting by manifest.
338 silly tarball no local data for node-gyp-build@https://registry.npmjs.org/node-gyp-build/-/node-gyp-build-4.8.0.tgz. Extracting by manifest.
339 silly tarball no local data for node-gyp@https://registry.npmjs.org/node-gyp/-/node-gyp-9.4.1.tgz. Extracting by manifest.
340 silly tarball no local data for node-addon-api@https://registry.npmjs.org/node-addon-api/-/node-addon-api-4.3.0.tgz. Extracting by manifest.
341 silly tarball no local data for neo-async@https://registry.npmjs.org/neo-async/-/neo-async-2.6.2.tgz. Extracting by manifest.
342 silly tarball no local data for node-abi@https://registry.npmjs.org/node-abi/-/node-abi-3.60.0.tgz. Extracting by manifest.
343 silly tarball no local data for next-tick@https://registry.npmjs.org/next-tick/-/next-tick-1.1.0.tgz. Extracting by manifest.
344 silly tarball no local data for negotiator@https://registry.npmjs.org/negotiator/-/negotiator-0.6.3.tgz. Extracting by manifest.
345 silly tarball no local data for natural-compare@https://registry.npmjs.org/natural-compare/-/natural-compare-1.4.0.tgz. Extracting by manifest.
346 silly tarball no local data for nanoid@https://registry.npmjs.org/nanoid/-/nanoid-3.3.7.tgz. Extracting by manifest.
347 silly tarball no local data for mustache@https://registry.npmjs.org/mustache/-/mustache-4.2.0.tgz. Extracting by manifest.
348 silly tarball no local data for napi-build-utils@https://registry.npmjs.org/napi-build-utils/-/napi-build-utils-1.0.2.tgz. Extracting by manifest.
349 silly tarball no local data for ms@https://registry.npmjs.org/ms/-/ms-2.1.3.tgz. Extracting by manifest.
350 silly tarball no local data for moment@https://registry.npmjs.org/moment/-/moment-2.30.1.tgz. Extracting by manifest.
351 silly tarball no local data for moment-timezone@https://registry.npmjs.org/moment-timezone/-/moment-timezone-0.5.45.tgz. Extracting by manifest.
352 silly tarball no local data for mkdirp@https://registry.npmjs.org/mkdirp/-/mkdirp-1.0.4.tgz. Extracting by manifest.
353 silly tarball no local data for mkdirp-classic@https://registry.npmjs.org/mkdirp-classic/-/mkdirp-classic-0.5.3.tgz. Extracting by manifest.
354 silly tarball no local data for minizlib@https://registry.npmjs.org/minizlib/-/minizlib-2.1.2.tgz. Extracting by manifest.
355 silly tarball no local data for minipass-pipeline@https://registry.npmjs.org/minipass-pipeline/-/minipass-pipeline-1.2.4.tgz. Extracting by manifest.
356 silly tarball no local data for minipass-sized@https://registry.npmjs.org/minipass-sized/-/minipass-sized-1.0.3.tgz. Extracting by manifest.
357 silly tarball no local data for minipass-flush@https://registry.npmjs.org/minipass-flush/-/minipass-flush-1.0.5.tgz. Extracting by manifest.
358 silly tarball no local data for minipass-json-stream@https://registry.npmjs.org/minipass-json-stream/-/minipass-json-stream-1.0.1.tgz. Extracting by manifest.
359 silly tarball no local data for minipass-fetch@https://registry.npmjs.org/minipass-fetch/-/minipass-fetch-3.0.4.tgz. Extracting by manifest.
360 silly tarball no local data for minipass-collect@https://registry.npmjs.org/minipass-collect/-/minipass-collect-1.0.2.tgz. Extracting by manifest.
361 silly tarball no local data for minipass@https://registry.npmjs.org/minipass/-/minipass-3.3.4.tgz. Extracting by manifest.
362 silly tarball no local data for minimatch@https://registry.npmjs.org/minimatch/-/minimatch-3.1.2.tgz. Extracting by manifest.
363 silly tarball no local data for minimist@https://registry.npmjs.org/minimist/-/minimist-1.2.6.tgz. Extracting by manifest.
364 silly tarball no local data for mini-css-extract-plugin@https://registry.npmjs.org/mini-css-extract-plugin/-/mini-css-extract-plugin-2.9.0.tgz. Extracting by manifest.
365 silly tarball no local data for mimic-response@https://registry.npmjs.org/mimic-response/-/mimic-response-1.0.1.tgz. Extracting by manifest.
366 silly tarball no local data for mimic-fn@https://registry.npmjs.org/mimic-fn/-/mimic-fn-2.1.0.tgz. Extracting by manifest.
367 silly tarball no local data for mime-db@https://registry.npmjs.org/mime-db/-/mime-db-1.52.0.tgz. Extracting by manifest.
368 silly tarball no local data for mime@https://registry.npmjs.org/mime/-/mime-3.0.0.tgz. Extracting by manifest.
369 silly tarball no local data for micromatch@https://registry.npmjs.org/micromatch/-/micromatch-4.0.5.tgz. Extracting by manifest.
370 silly tarball no local data for merge2@https://registry.npmjs.org/merge2/-/merge2-1.4.1.tgz. Extracting by manifest.
371 silly tarball no local data for merge-stream@https://registry.npmjs.org/merge-stream/-/merge-stream-2.0.0.tgz. Extracting by manifest.
372 silly tarball no local data for memoizee@https://registry.npmjs.org/memoizee/-/memoizee-0.4.15.tgz. Extracting by manifest.
373 silly tarball no local data for mime-types@https://registry.npmjs.org/mime-types/-/mime-types-2.1.35.tgz. Extracting by manifest.
374 silly tarball no local data for media-typer@https://registry.npmjs.org/media-typer/-/media-typer-0.3.0.tgz. Extracting by manifest.
375 silly tarball no local data for mdurl@https://registry.npmjs.org/mdurl/-/mdurl-1.0.1.tgz. Extracting by manifest.
376 silly tarball no local data for markdown-it@https://registry.npmjs.org/markdown-it/-/markdown-it-13.0.2.tgz. Extracting by manifest.
377 silly tarball no local data for make-promises-safe@https://registry.npmjs.org/make-promises-safe/-/make-promises-safe-5.1.0.tgz. Extracting by manifest.
378 silly tarball no local data for makeerror@https://registry.npmjs.org/makeerror/-/makeerror-1.0.12.tgz. Extracting by manifest.
379 silly tarball no local data for make-fetch-happen@https://registry.npmjs.org/make-fetch-happen/-/make-fetch-happen-11.1.1.tgz. Extracting by manifest.
380 silly tarball no local data for lru-queue@https://registry.npmjs.org/lru-queue/-/lru-queue-0.1.0.tgz. Extracting by manifest.
381 silly tarball no local data for lowercase-keys@https://registry.npmjs.org/lowercase-keys/-/lowercase-keys-3.0.0.tgz. Extracting by manifest.
382 silly tarball no local data for make-dir@https://registry.npmjs.org/make-dir/-/make-dir-4.0.0.tgz. Extracting by manifest.
383 silly tarball no local data for lru-cache@https://registry.npmjs.org/lru-cache/-/lru-cache-5.1.1.tgz. Extracting by manifest.
384 silly tarball no local data for lodash.merge@https://registry.npmjs.org/lodash.merge/-/lodash.merge-4.6.2.tgz. Extracting by manifest.
385 silly tarball no local data for lodash.isempty@https://registry.npmjs.org/lodash.isempty/-/lodash.isempty-4.4.0.tgz. Extracting by manifest.
386 silly tarball no local data for lodash@https://registry.npmjs.org/lodash/-/lodash-4.17.21.tgz. Extracting by manifest.
387 silly tarball no local data for lodash.compact@https://registry.npmjs.org/lodash.compact/-/lodash.compact-3.0.1.tgz. Extracting by manifest.
388 silly tarball no local data for locate-path@https://registry.npmjs.org/locate-path/-/locate-path-6.0.0.tgz. Extracting by manifest.
389 silly tarball no local data for lodash.castarray@https://registry.npmjs.org/lodash.castarray/-/lodash.castarray-4.4.0.tgz. Extracting by manifest.
390 silly tarball no local data for loader-runner@https://registry.npmjs.org/loader-runner/-/loader-runner-4.3.0.tgz. Extracting by manifest.
391 silly tarball no local data for linkify-it@https://registry.npmjs.org/linkify-it/-/linkify-it-4.0.1.tgz. Extracting by manifest.
392 silly tarball no local data for lines-and-columns@https://registry.npmjs.org/lines-and-columns/-/lines-and-columns-1.2.4.tgz. Extracting by manifest.
393 silly tarball no local data for light-my-request@https://registry.npmjs.org/light-my-request/-/light-my-request-5.13.0.tgz. Extracting by manifest.
394 silly tarball no local data for levn@https://registry.npmjs.org/levn/-/levn-0.4.1.tgz. Extracting by manifest.
395 silly tarball no local data for leven@https://registry.npmjs.org/leven/-/leven-3.1.0.tgz. Extracting by manifest.
396 silly tarball no local data for latest-version@https://registry.npmjs.org/latest-version/-/latest-version-7.0.0.tgz. Extracting by manifest.
397 silly tarball no local data for kleur@https://registry.npmjs.org/kleur/-/kleur-3.0.3.tgz. Extracting by manifest.
398 silly tarball no local data for kind-of@https://registry.npmjs.org/kind-of/-/kind-of-6.0.3.tgz. Extracting by manifest.
399 silly tarball no local data for knex@https://registry.npmjs.org/knex/-/knex-3.1.0.tgz. Extracting by manifest.
400 silly tarball no local data for jstransformer-markdown-it@https://registry.npmjs.org/jstransformer-markdown-it/-/jstransformer-markdown-it-3.0.0.tgz. Extracting by manifest.
401 silly tarball no local data for jstransformer@https://registry.npmjs.org/jstransformer/-/jstransformer-1.0.0.tgz. Extracting by manifest.
402 silly tarball no local data for keyv@https://registry.npmjs.org/keyv/-/keyv-4.5.4.tgz. Extracting by manifest.
403 silly tarball no local data for jsonparse@https://registry.npmjs.org/jsonparse/-/jsonparse-1.3.1.tgz. Extracting by manifest.
404 silly tarball no local data for jsonlines@https://registry.npmjs.org/jsonlines/-/jsonlines-0.1.1.tgz. Extracting by manifest.
405 silly tarball no local data for json5@https://registry.npmjs.org/json5/-/json5-2.2.3.tgz. Extracting by manifest.
406 silly tarball no local data for jsonfile@https://registry.npmjs.org/jsonfile/-/jsonfile-6.1.0.tgz. Extracting by manifest.
407 silly tarball no local data for json-schema-traverse@https://registry.npmjs.org/json-schema-traverse/-/json-schema-traverse-0.4.1.tgz. Extracting by manifest.
408 silly tarball no local data for json-schema-ref-resolver@https://registry.npmjs.org/json-schema-ref-resolver/-/json-schema-ref-resolver-1.0.1.tgz. Extracting by manifest.
409 silly tarball no local data for json-stable-stringify-without-jsonify@https://registry.npmjs.org/json-stable-stringify-without-jsonify/-/json-stable-stringify-without-jsonify-1.0.1.tgz. Extracting by manifest.
410 silly tarball no local data for json-parse-helpfulerror@https://registry.npmjs.org/json-parse-helpfulerror/-/json-parse-helpfulerror-1.0.3.tgz. Extracting by manifest.
411 silly tarball no local data for json-parse-even-better-errors@https://registry.npmjs.org/json-parse-even-better-errors/-/json-parse-even-better-errors-2.3.1.tgz. Extracting by manifest.
412 silly tarball no local data for json-buffer@https://registry.npmjs.org/json-buffer/-/json-buffer-3.0.1.tgz. Extracting by manifest.
413 silly tarball no local data for jsesc@https://registry.npmjs.org/jsesc/-/jsesc-2.5.2.tgz. Extracting by manifest.
414 silly tarball no local data for js-tokens@https://registry.npmjs.org/js-tokens/-/js-tokens-4.0.0.tgz. Extracting by manifest.
415 silly tarball no local data for js-yaml@https://registry.npmjs.org/js-yaml/-/js-yaml-4.1.0.tgz. Extracting by manifest.
416 silly tarball no local data for js-stringify@https://registry.npmjs.org/js-stringify/-/js-stringify-1.0.2.tgz. Extracting by manifest.
417 silly tarball no local data for js-beautify@https://registry.npmjs.org/js-beautify/-/js-beautify-1.15.1.tgz. Extracting by manifest.
418 silly tarball no local data for joycon@https://registry.npmjs.org/joycon/-/joycon-3.1.1.tgz. Extracting by manifest.
419 silly tarball no local data for js-cookie@https://registry.npmjs.org/js-cookie/-/js-cookie-3.0.5.tgz. Extracting by manifest.
420 silly tarball no local data for jquery@https://registry.npmjs.org/jquery/-/jquery-3.7.1.tgz. Extracting by manifest.
421 silly tarball no local data for jju@https://registry.npmjs.org/jju/-/jju-1.4.0.tgz. Extracting by manifest.
422 silly tarball no local data for jest-worker@https://registry.npmjs.org/jest-worker/-/jest-worker-29.7.0.tgz. Extracting by manifest.
423 silly tarball no local data for jest-watcher@https://registry.npmjs.org/jest-watcher/-/jest-watcher-29.7.0.tgz. Extracting by manifest.
424 silly tarball no local data for jest-validate@https://registry.npmjs.org/jest-validate/-/jest-validate-29.7.0.tgz. Extracting by manifest.
425 silly tarball no local data for jest-util@https://registry.npmjs.org/jest-util/-/jest-util-29.7.0.tgz. Extracting by manifest.
426 silly tarball no local data for jest-snapshot@https://registry.npmjs.org/jest-snapshot/-/jest-snapshot-29.7.0.tgz. Extracting by manifest.
427 silly tarball no local data for jest-resolve-dependencies@https://registry.npmjs.org/jest-resolve-dependencies/-/jest-resolve-dependencies-29.7.0.tgz. Extracting by manifest.
428 silly tarball no local data for jest-runtime@https://registry.npmjs.org/jest-runtime/-/jest-runtime-29.7.0.tgz. Extracting by manifest.
429 silly tarball no local data for jest-runner@https://registry.npmjs.org/jest-runner/-/jest-runner-29.7.0.tgz. Extracting by manifest.
430 silly tarball no local data for jest-resolve@https://registry.npmjs.org/jest-resolve/-/jest-resolve-29.7.0.tgz. Extracting by manifest.
431 silly tarball no local data for jest-regex-util@https://registry.npmjs.org/jest-regex-util/-/jest-regex-util-29.6.3.tgz. Extracting by manifest.
432 silly tarball no local data for jest-message-util@https://registry.npmjs.org/jest-message-util/-/jest-message-util-29.7.0.tgz. Extracting by manifest.
433 silly tarball no local data for jest-pnp-resolver@https://registry.npmjs.org/jest-pnp-resolver/-/jest-pnp-resolver-1.2.3.tgz. Extracting by manifest.
434 silly tarball no local data for jest-mock@https://registry.npmjs.org/jest-mock/-/jest-mock-29.7.0.tgz. Extracting by manifest.
435 silly tarball no local data for jest-matcher-utils@https://registry.npmjs.org/jest-matcher-utils/-/jest-matcher-utils-29.7.0.tgz. Extracting by manifest.
436 silly tarball no local data for jest-leak-detector@https://registry.npmjs.org/jest-leak-detector/-/jest-leak-detector-29.7.0.tgz. Extracting by manifest.
437 silly tarball no local data for jest-get-type@https://registry.npmjs.org/jest-get-type/-/jest-get-type-29.6.3.tgz. Extracting by manifest.
438 silly tarball no local data for jest-environment-node@https://registry.npmjs.org/jest-environment-node/-/jest-environment-node-29.7.0.tgz. Extracting by manifest.
439 silly tarball no local data for jest-haste-map@https://registry.npmjs.org/jest-haste-map/-/jest-haste-map-29.7.0.tgz. Extracting by manifest.
440 silly tarball no local data for jest-each@https://registry.npmjs.org/jest-each/-/jest-each-29.7.0.tgz. Extracting by manifest.
441 silly tarball no local data for jest-diff@https://registry.npmjs.org/jest-diff/-/jest-diff-29.7.0.tgz. Extracting by manifest.
442 silly tarball no local data for jest-docblock@https://registry.npmjs.org/jest-docblock/-/jest-docblock-29.7.0.tgz. Extracting by manifest.
443 silly tarball no local data for jest-cli@https://registry.npmjs.org/jest-cli/-/jest-cli-29.7.0.tgz. Extracting by manifest.
444 silly tarball no local data for jest-config@https://registry.npmjs.org/jest-config/-/jest-config-29.7.0.tgz. Extracting by manifest.
445 silly tarball no local data for jest-circus@https://registry.npmjs.org/jest-circus/-/jest-circus-29.7.0.tgz. Extracting by manifest.
446 silly tarball no local data for jest@https://registry.npmjs.org/jest/-/jest-29.7.0.tgz. Extracting by manifest.
447 silly tarball no local data for jest-changed-files@https://registry.npmjs.org/jest-changed-files/-/jest-changed-files-29.7.0.tgz. Extracting by manifest.
448 silly tarball no local data for istanbul-reports@https://registry.npmjs.org/istanbul-reports/-/istanbul-reports-3.1.7.tgz. Extracting by manifest.
449 silly tarball no local data for jackspeak@https://registry.npmjs.org/jackspeak/-/jackspeak-2.3.6.tgz. Extracting by manifest.
450 silly tarball no local data for istanbul-lib-source-maps@https://registry.npmjs.org/istanbul-lib-source-maps/-/istanbul-lib-source-maps-4.0.1.tgz. Extracting by manifest.
451 silly tarball no local data for istanbul-lib-report@https://registry.npmjs.org/istanbul-lib-report/-/istanbul-lib-report-3.0.1.tgz. Extracting by manifest.
452 silly tarball no local data for istanbul-lib-instrument@https://registry.npmjs.org/istanbul-lib-instrument/-/istanbul-lib-instrument-6.0.2.tgz. Extracting by manifest.
453 silly tarball no local data for istanbul-lib-coverage@https://registry.npmjs.org/istanbul-lib-coverage/-/istanbul-lib-coverage-3.2.2.tgz. Extracting by manifest.
454 silly tarball no local data for isobject@https://registry.npmjs.org/isobject/-/isobject-3.0.1.tgz. Extracting by manifest.
455 silly tarball no local data for isbinaryfile@https://registry.npmjs.org/isbinaryfile/-/isbinaryfile-4.0.10.tgz. Extracting by manifest.
456 silly tarball no local data for isexe@https://registry.npmjs.org/isexe/-/isexe-2.0.0.tgz. Extracting by manifest.
457 silly tarball no local data for is-yarn-global@https://registry.npmjs.org/is-yarn-global/-/is-yarn-global-0.4.0.tgz. Extracting by manifest.
458 silly tarball no local data for is-weakref@https://registry.npmjs.org/is-weakref/-/is-weakref-1.0.2.tgz. Extracting by manifest.
459 silly tarball no local data for isarray@https://registry.npmjs.org/isarray/-/isarray-2.0.5.tgz. Extracting by manifest.
460 silly tarball no local data for is-typedarray@https://registry.npmjs.org/is-typedarray/-/is-typedarray-1.0.0.tgz. Extracting by manifest.
461 silly tarball no local data for is-typed-array@https://registry.npmjs.org/is-typed-array/-/is-typed-array-1.1.13.tgz. Extracting by manifest.
462 silly tarball no local data for is-symbol@https://registry.npmjs.org/is-symbol/-/is-symbol-1.0.4.tgz. Extracting by manifest.
463 silly tarball no local data for is-string@https://registry.npmjs.org/is-string/-/is-string-1.0.7.tgz. Extracting by manifest.
464 silly tarball no local data for is-shared-array-buffer@https://registry.npmjs.org/is-shared-array-buffer/-/is-shared-array-buffer-1.0.3.tgz. Extracting by manifest.
465 silly tarball no local data for is-regex@https://registry.npmjs.org/is-regex/-/is-regex-1.1.4.tgz. Extracting by manifest.
466 silly tarball no local data for is-stream@https://registry.npmjs.org/is-stream/-/is-stream-2.0.1.tgz. Extracting by manifest.
467 silly tarball no local data for is-promise@https://registry.npmjs.org/is-promise/-/is-promise-2.2.2.tgz. Extracting by manifest.
468 silly tarball no local data for is-plain-object@https://registry.npmjs.org/is-plain-object/-/is-plain-object-2.0.4.tgz. Extracting by manifest.
469 silly tarball no local data for is-path-inside@https://registry.npmjs.org/is-path-inside/-/is-path-inside-3.0.3.tgz. Extracting by manifest.
470 silly tarball no local data for is-obj@https://registry.npmjs.org/is-obj/-/is-obj-2.0.0.tgz. Extracting by manifest.
471 silly tarball no local data for is-number@https://registry.npmjs.org/is-number/-/is-number-7.0.0.tgz. Extracting by manifest.
472 silly tarball no local data for is-npm@https://registry.npmjs.org/is-npm/-/is-npm-6.0.0.tgz. Extracting by manifest.
473 silly tarball no local data for is-number-object@https://registry.npmjs.org/is-number-object/-/is-number-object-1.0.7.tgz. Extracting by manifest.
474 silly tarball no local data for is-negative-zero@https://registry.npmjs.org/is-negative-zero/-/is-negative-zero-2.0.3.tgz. Extracting by manifest.
475 silly tarball no local data for is-lambda@https://registry.npmjs.org/is-lambda/-/is-lambda-1.0.1.tgz. Extracting by manifest.
476 silly tarball no local data for is-installed-globally@https://registry.npmjs.org/is-installed-globally/-/is-installed-globally-0.4.0.tgz. Extracting by manifest.
477 silly tarball no local data for is-generator-fn@https://registry.npmjs.org/is-generator-fn/-/is-generator-fn-2.1.0.tgz. Extracting by manifest.
478 silly tarball no local data for is-glob@https://registry.npmjs.org/is-glob/-/is-glob-4.0.3.tgz. Extracting by manifest.
479 silly tarball no local data for is-fullwidth-code-point@https://registry.npmjs.org/is-fullwidth-code-point/-/is-fullwidth-code-point-3.0.0.tgz. Extracting by manifest.
480 silly tarball no local data for is-extglob@https://registry.npmjs.org/is-extglob/-/is-extglob-2.1.1.tgz. Extracting by manifest.
481 silly tarball no local data for is-expression@https://registry.npmjs.org/is-expression/-/is-expression-4.0.0.tgz. Extracting by manifest.
482 silly tarball no local data for is-date-object@https://registry.npmjs.org/is-date-object/-/is-date-object-1.0.5.tgz. Extracting by manifest.
483 silly tarball no local data for is-docker@https://registry.npmjs.org/is-docker/-/is-docker-2.2.1.tgz. Extracting by manifest.
484 silly tarball no local data for is-data-view@https://registry.npmjs.org/is-data-view/-/is-data-view-1.0.1.tgz. Extracting by manifest.
485 silly tarball no local data for is-ci@https://registry.npmjs.org/is-ci/-/is-ci-3.0.1.tgz. Extracting by manifest.
486 silly tarball no local data for is-core-module@https://registry.npmjs.org/is-core-module/-/is-core-module-2.13.1.tgz. Extracting by manifest.
487 silly tarball no local data for is-callable@https://registry.npmjs.org/is-callable/-/is-callable-1.2.7.tgz. Extracting by manifest.
488 silly tarball no local data for is-boolean-object@https://registry.npmjs.org/is-boolean-object/-/is-boolean-object-1.1.2.tgz. Extracting by manifest.
489 silly tarball no local data for is-binary-path@https://registry.npmjs.org/is-binary-path/-/is-binary-path-2.1.0.tgz. Extracting by manifest.
490 silly tarball no local data for is-bigint@https://registry.npmjs.org/is-bigint/-/is-bigint-1.0.4.tgz. Extracting by manifest.
491 silly tarball no local data for is-arrayish@https://registry.npmjs.org/is-arrayish/-/is-arrayish-0.2.1.tgz. Extracting by manifest.
492 silly tarball no local data for ipaddr.js@https://registry.npmjs.org/ipaddr.js/-/ipaddr.js-1.9.1.tgz. Extracting by manifest.
493 silly tarball no local data for is-array-buffer@https://registry.npmjs.org/is-array-buffer/-/is-array-buffer-3.0.4.tgz. Extracting by manifest.
494 silly tarball no local data for interpret@https://registry.npmjs.org/interpret/-/interpret-2.2.0.tgz. Extracting by manifest.
495 silly tarball no local data for ip@https://registry.npmjs.org/ip/-/ip-2.0.0.tgz. Extracting by manifest.
496 silly tarball no local data for internal-slot@https://registry.npmjs.org/internal-slot/-/internal-slot-1.0.7.tgz. Extracting by manifest.
497 silly tarball no local data for inherits@https://registry.npmjs.org/inherits/-/inherits-2.0.4.tgz. Extracting by manifest.
498 silly tarball no local data for ini@https://registry.npmjs.org/ini/-/ini-2.0.0.tgz. Extracting by manifest.
499 silly tarball no local data for inflight@https://registry.npmjs.org/inflight/-/inflight-1.0.6.tgz. Extracting by manifest.
500 silly tarball no local data for inflection@https://registry.npmjs.org/inflection/-/inflection-1.13.4.tgz. Extracting by manifest.
501 silly tarball no local data for infer-owner@https://registry.npmjs.org/infer-owner/-/infer-owner-1.0.4.tgz. Extracting by manifest.
502 silly tarball no local data for import-local@https://registry.npmjs.org/import-local/-/import-local-3.1.0.tgz. Extracting by manifest.
503 silly tarball no local data for imurmurhash@https://registry.npmjs.org/imurmurhash/-/imurmurhash-0.1.4.tgz. Extracting by manifest.
504 silly tarball no local data for indent-string@https://registry.npmjs.org/indent-string/-/indent-string-4.0.0.tgz. Extracting by manifest.
505 silly tarball no local data for import-lazy@https://registry.npmjs.org/import-lazy/-/import-lazy-4.0.0.tgz. Extracting by manifest.
506 silly tarball no local data for import-fresh@https://registry.npmjs.org/import-fresh/-/import-fresh-3.3.0.tgz. Extracting by manifest.
507 silly tarball no local data for ignore@https://registry.npmjs.org/ignore/-/ignore-5.2.0.tgz. Extracting by manifest.
508 silly tarball no local data for ignore-walk@https://registry.npmjs.org/ignore-walk/-/ignore-walk-6.0.4.tgz. Extracting by manifest.
509 silly tarball no local data for icss-utils@https://registry.npmjs.org/icss-utils/-/icss-utils-5.1.0.tgz. Extracting by manifest.
510 silly tarball no local data for ieee754@https://registry.npmjs.org/ieee754/-/ieee754-1.2.1.tgz. Extracting by manifest.
511 silly tarball no local data for iconv-lite@https://registry.npmjs.org/iconv-lite/-/iconv-lite-0.6.3.tgz. Extracting by manifest.
512 silly tarball no local data for i18next@https://registry.npmjs.org/i18next/-/i18next-23.11.2.tgz. Extracting by manifest.
513 silly tarball no local data for humanize-ms@https://registry.npmjs.org/humanize-ms/-/humanize-ms-1.2.1.tgz. Extracting by manifest.
514 silly tarball no local data for https-proxy-agent@https://registry.npmjs.org/https-proxy-agent/-/https-proxy-agent-5.0.1.tgz. Extracting by manifest.
515 silly tarball no local data for human-signals@https://registry.npmjs.org/human-signals/-/human-signals-2.1.0.tgz. Extracting by manifest.
516 silly tarball no local data for http-proxy-agent@https://registry.npmjs.org/http-proxy-agent/-/http-proxy-agent-5.0.0.tgz. Extracting by manifest.
517 silly tarball no local data for http-errors@https://registry.npmjs.org/http-errors/-/http-errors-2.0.0.tgz. Extracting by manifest.
518 silly tarball no local data for http2-wrapper@https://registry.npmjs.org/http2-wrapper/-/http2-wrapper-2.1.11.tgz. Extracting by manifest.
519 silly tarball no local data for http-cache-semantics@https://registry.npmjs.org/http-cache-semantics/-/http-cache-semantics-4.1.1.tgz. Extracting by manifest.
520 silly tarball no local data for html-escaper@https://registry.npmjs.org/html-escaper/-/html-escaper-2.0.2.tgz. Extracting by manifest.
521 silly tarball no local data for help-me@https://registry.npmjs.org/help-me/-/help-me-4.2.0.tgz. Extracting by manifest.
522 silly tarball no local data for hosted-git-info@https://registry.npmjs.org/hosted-git-info/-/hosted-git-info-5.2.1.tgz. Extracting by manifest.
523 silly tarball no local data for hashlru@https://registry.npmjs.org/hashlru/-/hashlru-2.3.0.tgz. Extracting by manifest.
524 silly tarball no local data for hasown@https://registry.npmjs.org/hasown/-/hasown-2.0.2.tgz. Extracting by manifest.
525 silly tarball no local data for has-yarn@https://registry.npmjs.org/has-yarn/-/has-yarn-3.0.0.tgz. Extracting by manifest.
526 silly tarball no local data for has-unicode@https://registry.npmjs.org/has-unicode/-/has-unicode-2.0.1.tgz. Extracting by manifest.
527 silly tarball no local data for has-tostringtag@https://registry.npmjs.org/has-tostringtag/-/has-tostringtag-1.0.2.tgz. Extracting by manifest.
528 silly tarball no local data for has-property-descriptors@https://registry.npmjs.org/has-property-descriptors/-/has-property-descriptors-1.0.2.tgz. Extracting by manifest.
529 silly tarball no local data for has-symbols@https://registry.npmjs.org/has-symbols/-/has-symbols-1.0.3.tgz. Extracting by manifest.
530 silly tarball no local data for has-flag@https://registry.npmjs.org/has-flag/-/has-flag-4.0.0.tgz. Extracting by manifest.
531 silly tarball no local data for has-bigints@https://registry.npmjs.org/has-bigints/-/has-bigints-1.0.2.tgz. Extracting by manifest.
532 silly tarball no local data for has-proto@https://registry.npmjs.org/has-proto/-/has-proto-1.0.3.tgz. Extracting by manifest.
533 silly tarball no local data for graphemer@https://registry.npmjs.org/graphemer/-/graphemer-1.4.0.tgz. Extracting by manifest.
534 silly tarball no local data for graceful-fs@https://registry.npmjs.org/graceful-fs/-/graceful-fs-4.2.10.tgz. Extracting by manifest.
535 silly tarball no local data for got@https://registry.npmjs.org/got/-/got-12.3.1.tgz. Extracting by manifest.
536 silly tarball no local data for gopd@https://registry.npmjs.org/gopd/-/gopd-1.0.1.tgz. Extracting by manifest.
537 silly tarball no local data for globalthis@https://registry.npmjs.org/globalthis/-/globalthis-1.0.3.tgz. Extracting by manifest.
538 silly tarball no local data for globals@https://registry.npmjs.org/globals/-/globals-15.0.0.tgz. Extracting by manifest.
539 silly tarball no local data for globby@https://registry.npmjs.org/globby/-/globby-11.1.0.tgz. Extracting by manifest.
540 silly tarball no local data for glob-to-regexp@https://registry.npmjs.org/glob-to-regexp/-/glob-to-regexp-0.4.1.tgz. Extracting by manifest.
541 silly tarball no local data for glob-parent@https://registry.npmjs.org/glob-parent/-/glob-parent-6.0.2.tgz. Extracting by manifest.
542 silly tarball no local data for global-dirs@https://registry.npmjs.org/global-dirs/-/global-dirs-3.0.0.tgz. Extracting by manifest.
543 silly tarball no local data for glob@https://registry.npmjs.org/glob/-/glob-10.3.12.tgz. Extracting by manifest.
544 silly tarball no local data for github-from-package@https://registry.npmjs.org/github-from-package/-/github-from-package-0.0.0.tgz. Extracting by manifest.
545 silly tarball no local data for getopts@https://registry.npmjs.org/getopts/-/getopts-2.3.0.tgz. Extracting by manifest.
546 silly tarball no local data for get-symbol-description@https://registry.npmjs.org/get-symbol-description/-/get-symbol-description-1.0.2.tgz. Extracting by manifest.
547 silly tarball no local data for get-stdin@https://registry.npmjs.org/get-stdin/-/get-stdin-8.0.0.tgz. Extracting by manifest.
548 silly tarball no local data for get-package-type@https://registry.npmjs.org/get-package-type/-/get-package-type-0.1.0.tgz. Extracting by manifest.
549 silly tarball no local data for get-stream@https://registry.npmjs.org/get-stream/-/get-stream-6.0.1.tgz. Extracting by manifest.
550 silly tarball no local data for get-caller-file@https://registry.npmjs.org/get-caller-file/-/get-caller-file-2.0.5.tgz. Extracting by manifest.
551 silly tarball no local data for gensync@https://registry.npmjs.org/gensync/-/gensync-1.0.0-beta.2.tgz. Extracting by manifest.
552 silly tarball no local data for get-intrinsic@https://registry.npmjs.org/get-intrinsic/-/get-intrinsic-1.2.4.tgz. Extracting by manifest.
553 silly tarball no local data for generify@https://registry.npmjs.org/generify/-/generify-4.2.0.tgz. Extracting by manifest.
554 silly tarball no local data for gauge@https://registry.npmjs.org/gauge/-/gauge-4.0.4.tgz. Extracting by manifest.
555 silly tarball no local data for functions-have-names@https://registry.npmjs.org/functions-have-names/-/functions-have-names-1.2.3.tgz. Extracting by manifest.
556 silly tarball no local data for function.prototype.name@https://registry.npmjs.org/function.prototype.name/-/function.prototype.name-1.1.6.tgz. Extracting by manifest.
557 silly tarball no local data for fs-minipass@https://registry.npmjs.org/fs-minipass/-/fs-minipass-2.1.0.tgz. Extracting by manifest.
558 silly tarball no local data for fs-extra@https://registry.npmjs.org/fs-extra/-/fs-extra-9.1.0.tgz. Extracting by manifest.
559 silly tarball no local data for function-bind@https://registry.npmjs.org/function-bind/-/function-bind-1.1.2.tgz. Extracting by manifest.
560 silly tarball no local data for fs.realpath@https://registry.npmjs.org/fs.realpath/-/fs.realpath-1.0.0.tgz. Extracting by manifest.
561 silly tarball no local data for fs-constants@https://registry.npmjs.org/fs-constants/-/fs-constants-1.0.0.tgz. Extracting by manifest.
562 silly tarball no local data for fp-and-or@https://registry.npmjs.org/fp-and-or/-/fp-and-or-0.1.4.tgz. Extracting by manifest.
563 silly tarball no local data for forwarded@https://registry.npmjs.org/forwarded/-/forwarded-0.2.0.tgz. Extracting by manifest.
564 silly tarball no local data for for-each@https://registry.npmjs.org/for-each/-/for-each-0.3.3.tgz. Extracting by manifest.
565 silly tarball no local data for form-data-encoder@https://registry.npmjs.org/form-data-encoder/-/form-data-encoder-2.1.0.tgz. Extracting by manifest.
566 silly tarball no local data for foreground-child@https://registry.npmjs.org/foreground-child/-/foreground-child-3.1.1.tgz. Extracting by manifest.
567 silly tarball no local data for flat-cache@https://registry.npmjs.org/flat-cache/-/flat-cache-3.2.0.tgz. Extracting by manifest.
568 silly tarball no local data for flatted@https://registry.npmjs.org/flatted/-/flatted-3.3.1.tgz. Extracting by manifest.
569 silly tarball no local data for find-up@https://registry.npmjs.org/find-up/-/find-up-5.0.0.tgz. Extracting by manifest.
570 silly tarball no local data for find-my-way@https://registry.npmjs.org/find-my-way/-/find-my-way-8.1.0.tgz. Extracting by manifest.
571 silly tarball no local data for fill-range@https://registry.npmjs.org/fill-range/-/fill-range-7.0.1.tgz. Extracting by manifest.
572 silly tarball no local data for file-entry-cache@https://registry.npmjs.org/file-entry-cache/-/file-entry-cache-6.0.1.tgz. Extracting by manifest.
573 silly tarball no local data for file-uri-to-path@https://registry.npmjs.org/file-uri-to-path/-/file-uri-to-path-1.0.0.tgz. Extracting by manifest.
574 silly tarball no local data for fb-watchman@https://registry.npmjs.org/fb-watchman/-/fb-watchman-2.0.2.tgz. Extracting by manifest.
575 silly tarball no local data for fastq@https://registry.npmjs.org/fastq/-/fastq-1.17.1.tgz. Extracting by manifest.
576 silly tarball no local data for fastify-reverse-routes@https://registry.npmjs.org/fastify-reverse-routes/-/fastify-reverse-routes-3.0.0.tgz. Extracting by manifest.
577 silly tarball no local data for fastify-plugin@https://registry.npmjs.org/fastify-plugin/-/fastify-plugin-3.0.1.tgz. Extracting by manifest.
578 silly tarball no local data for fastify-error-page@https://registry.npmjs.org/fastify-error-page/-/fastify-error-page-4.0.0.tgz. Extracting by manifest.
579 silly tarball no local data for fastify-method-override@https://registry.npmjs.org/fastify-method-override/-/fastify-method-override-1.5.10.tgz. Extracting by manifest.
580 silly tarball no local data for fastify-objectionjs@https://registry.npmjs.org/fastify-objectionjs/-/fastify-objectionjs-2.0.1.tgz. Extracting by manifest.
581 silly tarball no local data for fastify-cli@https://registry.npmjs.org/fastify-cli/-/fastify-cli-6.1.1.tgz. Extracting by manifest.
582 silly tarball no local data for fastest-levenshtein@https://registry.npmjs.org/fastest-levenshtein/-/fastest-levenshtein-1.0.16.tgz. Extracting by manifest.
583 silly tarball no local data for fastify@https://registry.npmjs.org/fastify/-/fastify-4.26.2.tgz. Extracting by manifest.
584 silly tarball no local data for fast-safe-stringify@https://registry.npmjs.org/fast-safe-stringify/-/fast-safe-stringify-2.1.1.tgz. Extracting by manifest.
585 silly tarball no local data for fast-uri@https://registry.npmjs.org/fast-uri/-/fast-uri-2.3.0.tgz. Extracting by manifest.
586 silly tarball no local data for fast-redact@https://registry.npmjs.org/fast-redact/-/fast-redact-3.5.0.tgz. Extracting by manifest.
587 silly tarball no local data for fast-memoize@https://registry.npmjs.org/fast-memoize/-/fast-memoize-2.5.2.tgz. Extracting by manifest.
588 silly tarball no local data for fast-querystring@https://registry.npmjs.org/fast-querystring/-/fast-querystring-1.0.0.tgz. Extracting by manifest.
589 silly tarball no local data for fast-levenshtein@https://registry.npmjs.org/fast-levenshtein/-/fast-levenshtein-2.0.6.tgz. Extracting by manifest.
590 silly tarball no local data for fast-json-stable-stringify@https://registry.npmjs.org/fast-json-stable-stringify/-/fast-json-stable-stringify-2.1.0.tgz. Extracting by manifest.
591 silly tarball no local data for fast-json-stringify@https://registry.npmjs.org/fast-json-stringify/-/fast-json-stringify-5.14.1.tgz. Extracting by manifest.
592 silly tarball no local data for fast-deep-equal@https://registry.npmjs.org/fast-deep-equal/-/fast-deep-equal-3.1.3.tgz. Extracting by manifest.
593 silly tarball no local data for fast-glob@https://registry.npmjs.org/fast-glob/-/fast-glob-3.2.11.tgz. Extracting by manifest.
594 silly tarball no local data for fast-decode-uri-component@https://registry.npmjs.org/fast-decode-uri-component/-/fast-decode-uri-component-1.0.1.tgz. Extracting by manifest.
595 silly tarball no local data for fast-copy@https://registry.npmjs.org/fast-copy/-/fast-copy-3.0.2.tgz. Extracting by manifest.
596 silly tarball no local data for fast-content-type-parse@https://registry.npmjs.org/fast-content-type-parse/-/fast-content-type-parse-1.1.0.tgz. Extracting by manifest.
597 silly tarball no local data for exponential-backoff@https://registry.npmjs.org/exponential-backoff/-/exponential-backoff-3.1.1.tgz. Extracting by manifest.
598 silly tarball no local data for ext@https://registry.npmjs.org/ext/-/ext-1.7.0.tgz. Extracting by manifest.
599 silly tarball no local data for expect@https://registry.npmjs.org/expect/-/expect-29.7.0.tgz. Extracting by manifest.
600 silly tarball no local data for exit@https://registry.npmjs.org/exit/-/exit-0.1.2.tgz. Extracting by manifest.
601 silly tarball no local data for execa@https://registry.npmjs.org/execa/-/execa-5.1.1.tgz. Extracting by manifest.
602 silly tarball no local data for expand-template@https://registry.npmjs.org/expand-template/-/expand-template-2.0.3.tgz. Extracting by manifest.
603 silly tarball no local data for events@https://registry.npmjs.org/events/-/events-3.3.0.tgz. Extracting by manifest.
604 silly tarball no local data for event-target-shim@https://registry.npmjs.org/event-target-shim/-/event-target-shim-5.0.1.tgz. Extracting by manifest.
605 silly tarball no local data for esutils@https://registry.npmjs.org/esutils/-/esutils-2.0.3.tgz. Extracting by manifest.
606 silly tarball no local data for event-emitter@https://registry.npmjs.org/event-emitter/-/event-emitter-0.3.5.tgz. Extracting by manifest.
607 silly tarball no local data for esrecurse@https://registry.npmjs.org/esrecurse/-/esrecurse-4.3.0.tgz. Extracting by manifest.
608 silly tarball no local data for estraverse@https://registry.npmjs.org/estraverse/-/estraverse-5.3.0.tgz. Extracting by manifest.
609 silly tarball no local data for esquery@https://registry.npmjs.org/esquery/-/esquery-1.5.0.tgz. Extracting by manifest.
610 silly tarball no local data for espree@https://registry.npmjs.org/espree/-/espree-10.0.1.tgz. Extracting by manifest.
611 silly tarball no local data for esprima@https://registry.npmjs.org/esprima/-/esprima-4.0.1.tgz. Extracting by manifest.
612 silly tarball no local data for esniff@https://registry.npmjs.org/esniff/-/esniff-2.0.1.tgz. Extracting by manifest.
613 silly tarball no local data for esm@https://registry.npmjs.org/esm/-/esm-3.2.25.tgz. Extracting by manifest.
614 silly tarball no local data for eslint-visitor-keys@https://registry.npmjs.org/eslint-visitor-keys/-/eslint-visitor-keys-3.4.3.tgz. Extracting by manifest.
615 silly tarball no local data for eslint-scope@https://registry.npmjs.org/eslint-scope/-/eslint-scope-7.2.2.tgz. Extracting by manifest.
616 silly tarball no local data for eslint-module-utils@https://registry.npmjs.org/eslint-module-utils/-/eslint-module-utils-2.8.1.tgz. Extracting by manifest.
617 silly tarball no local data for eslint-import-resolver-node@https://registry.npmjs.org/eslint-import-resolver-node/-/eslint-import-resolver-node-0.3.9.tgz. Extracting by manifest.
618 silly tarball no local data for eslint-plugin-import@https://registry.npmjs.org/eslint-plugin-import/-/eslint-plugin-import-2.29.1.tgz. Extracting by manifest.
619 silly tarball no local data for eslint@https://registry.npmjs.org/eslint/-/eslint-8.57.0.tgz. Extracting by manifest.
620 silly tarball no local data for eslint-config-airbnb-base@https://registry.npmjs.org/eslint-config-airbnb-base/-/eslint-config-airbnb-base-15.0.0.tgz. Extracting by manifest.
621 silly tarball no local data for escape-string-regexp@https://registry.npmjs.org/escape-string-regexp/-/escape-string-regexp-1.0.5.tgz. Extracting by manifest.
622 silly tarball no local data for escape-goat@https://registry.npmjs.org/escape-goat/-/escape-goat-4.0.0.tgz. Extracting by manifest.
623 silly tarball no local data for escape-html@https://registry.npmjs.org/escape-html/-/escape-html-1.0.3.tgz. Extracting by manifest.
624 silly tarball no local data for es6-weak-map@https://registry.npmjs.org/es6-weak-map/-/es6-weak-map-2.0.3.tgz. Extracting by manifest.
625 silly tarball no local data for es6-symbol@https://registry.npmjs.org/es6-symbol/-/es6-symbol-3.1.4.tgz. Extracting by manifest.
626 silly tarball no local data for escalade@https://registry.npmjs.org/escalade/-/escalade-3.1.1.tgz. Extracting by manifest.
627 silly tarball no local data for es6-iterator@https://registry.npmjs.org/es6-iterator/-/es6-iterator-2.0.3.tgz. Extracting by manifest.
628 silly tarball no local data for es5-ext@https://registry.npmjs.org/es5-ext/-/es5-ext-0.10.64.tgz. Extracting by manifest.
629 silly tarball no local data for es-to-primitive@https://registry.npmjs.org/es-to-primitive/-/es-to-primitive-1.2.1.tgz. Extracting by manifest.
630 silly tarball no local data for es-shim-unscopables@https://registry.npmjs.org/es-shim-unscopables/-/es-shim-unscopables-1.0.2.tgz. Extracting by manifest.
631 silly tarball no local data for es-object-atoms@https://registry.npmjs.org/es-object-atoms/-/es-object-atoms-1.0.0.tgz. Extracting by manifest.
632 silly tarball no local data for es-set-tostringtag@https://registry.npmjs.org/es-set-tostringtag/-/es-set-tostringtag-2.0.3.tgz. Extracting by manifest.
633 silly tarball no local data for es-module-lexer@https://registry.npmjs.org/es-module-lexer/-/es-module-lexer-1.5.0.tgz. Extracting by manifest.
634 silly tarball no local data for es-define-property@https://registry.npmjs.org/es-define-property/-/es-define-property-1.0.0.tgz. Extracting by manifest.
635 silly tarball no local data for es-errors@https://registry.npmjs.org/es-errors/-/es-errors-1.3.0.tgz. Extracting by manifest.
636 silly tarball no local data for error-ex@https://registry.npmjs.org/error-ex/-/error-ex-1.3.2.tgz. Extracting by manifest.
637 silly tarball no local data for es-abstract@https://registry.npmjs.org/es-abstract/-/es-abstract-1.23.3.tgz. Extracting by manifest.
638 silly tarball no local data for err-code@https://registry.npmjs.org/err-code/-/err-code-2.0.3.tgz. Extracting by manifest.
639 silly tarball no local data for env-paths@https://registry.npmjs.org/env-paths/-/env-paths-2.2.1.tgz. Extracting by manifest.
640 silly tarball no local data for envinfo@https://registry.npmjs.org/envinfo/-/envinfo-7.12.0.tgz. Extracting by manifest.
641 silly tarball no local data for enhanced-resolve@https://registry.npmjs.org/enhanced-resolve/-/enhanced-resolve-5.16.0.tgz. Extracting by manifest.
642 silly tarball no local data for entities@https://registry.npmjs.org/entities/-/entities-3.0.1.tgz. Extracting by manifest.
643 silly tarball no local data for end-of-stream@https://registry.npmjs.org/end-of-stream/-/end-of-stream-1.4.4.tgz. Extracting by manifest.
644 silly tarball no local data for emoji-regex@https://registry.npmjs.org/emoji-regex/-/emoji-regex-8.0.0.tgz. Extracting by manifest.
645 silly tarball no local data for encoding@https://registry.npmjs.org/encoding/-/encoding-0.1.13.tgz. Extracting by manifest.
646 silly tarball no local data for emittery@https://registry.npmjs.org/emittery/-/emittery-0.13.1.tgz. Extracting by manifest.
647 silly tarball no local data for electron-to-chromium@https://registry.npmjs.org/electron-to-chromium/-/electron-to-chromium-1.4.746.tgz. Extracting by manifest.
648 silly tarball no local data for editorconfig@https://registry.npmjs.org/editorconfig/-/editorconfig-1.0.4.tgz. Extracting by manifest.
649 silly tarball no local data for dotenv@https://registry.npmjs.org/dotenv/-/dotenv-16.4.5.tgz. Extracting by manifest.
650 silly tarball no local data for eastasianwidth@https://registry.npmjs.org/eastasianwidth/-/eastasianwidth-0.2.0.tgz. Extracting by manifest.
651 silly tarball no local data for dot-prop@https://registry.npmjs.org/dot-prop/-/dot-prop-6.0.1.tgz. Extracting by manifest.
652 silly tarball no local data for dottie@https://registry.npmjs.org/dottie/-/dottie-2.0.6.tgz. Extracting by manifest.
653 silly tarball no local data for doctypes@https://registry.npmjs.org/doctypes/-/doctypes-1.1.0.tgz. Extracting by manifest.
654 silly tarball no local data for dir-glob@https://registry.npmjs.org/dir-glob/-/dir-glob-3.0.1.tgz. Extracting by manifest.
655 silly tarball no local data for doctrine@https://registry.npmjs.org/doctrine/-/doctrine-3.0.0.tgz. Extracting by manifest.
656 silly tarball no local data for diff-sequences@https://registry.npmjs.org/diff-sequences/-/diff-sequences-29.6.3.tgz. Extracting by manifest.
657 silly tarball no local data for detect-newline@https://registry.npmjs.org/detect-newline/-/detect-newline-3.1.0.tgz. Extracting by manifest.
658 silly tarball no local data for detect-libc@https://registry.npmjs.org/detect-libc/-/detect-libc-2.0.3.tgz. Extracting by manifest.
659 silly tarball no local data for define-properties@https://registry.npmjs.org/define-properties/-/define-properties-1.2.1.tgz. Extracting by manifest.
660 silly tarball no local data for depd@https://registry.npmjs.org/depd/-/depd-2.0.0.tgz. Extracting by manifest.
661 silly tarball no local data for delegates@https://registry.npmjs.org/delegates/-/delegates-1.0.0.tgz. Extracting by manifest.
662 silly tarball no local data for define-data-property@https://registry.npmjs.org/define-data-property/-/define-data-property-1.1.4.tgz. Extracting by manifest.
663 silly tarball no local data for defer-to-connect@https://registry.npmjs.org/defer-to-connect/-/defer-to-connect-2.0.1.tgz. Extracting by manifest.
664 silly tarball no local data for deepmerge@https://registry.npmjs.org/deepmerge/-/deepmerge-4.3.1.tgz. Extracting by manifest.
665 silly tarball no local data for deep-extend@https://registry.npmjs.org/deep-extend/-/deep-extend-0.6.0.tgz. Extracting by manifest.
666 silly tarball no local data for deep-is@https://registry.npmjs.org/deep-is/-/deep-is-0.1.4.tgz. Extracting by manifest.
667 silly tarball no local data for dedent@https://registry.npmjs.org/dedent/-/dedent-1.5.3.tgz. Extracting by manifest.
668 silly tarball no local data for debug@https://registry.npmjs.org/debug/-/debug-4.3.4.tgz. Extracting by manifest.
669 silly tarball no local data for dateformat@https://registry.npmjs.org/dateformat/-/dateformat-4.6.3.tgz. Extracting by manifest.
670 silly tarball no local data for decompress-response@https://registry.npmjs.org/decompress-response/-/decompress-response-6.0.0.tgz. Extracting by manifest.
671 silly tarball no local data for db-errors@https://registry.npmjs.org/db-errors/-/db-errors-0.2.3.tgz. Extracting by manifest.
672 silly tarball no local data for date-fns@https://registry.npmjs.org/date-fns/-/date-fns-2.30.0.tgz. Extracting by manifest.
673 silly tarball no local data for data-view-byte-offset@https://registry.npmjs.org/data-view-byte-offset/-/data-view-byte-offset-1.0.0.tgz. Extracting by manifest.
674 silly tarball no local data for data-view-byte-length@https://registry.npmjs.org/data-view-byte-length/-/data-view-byte-length-1.0.1.tgz. Extracting by manifest.
675 silly tarball no local data for d@https://registry.npmjs.org/d/-/d-1.0.2.tgz. Extracting by manifest.
676 silly tarball no local data for data-view-buffer@https://registry.npmjs.org/data-view-buffer/-/data-view-buffer-1.0.1.tgz. Extracting by manifest.
677 silly tarball no local data for cssesc@https://registry.npmjs.org/cssesc/-/cssesc-3.0.0.tgz. Extracting by manifest.
678 silly tarball no local data for css-loader@https://registry.npmjs.org/css-loader/-/css-loader-7.1.1.tgz. Extracting by manifest.
679 silly tarball no local data for crypto-random-string@https://registry.npmjs.org/crypto-random-string/-/crypto-random-string-4.0.0.tgz. Extracting by manifest.
680 silly tarball no local data for create-jest@https://registry.npmjs.org/create-jest/-/create-jest-29.7.0.tgz. Extracting by manifest.
681 silly tarball no local data for cross-spawn@https://registry.npmjs.org/cross-spawn/-/cross-spawn-7.0.3.tgz. Extracting by manifest.
682 silly tarball no local data for cookie@https://registry.npmjs.org/cookie/-/cookie-0.6.0.tgz. Extracting by manifest.
683 silly tarball no local data for convert-source-map@https://registry.npmjs.org/convert-source-map/-/convert-source-map-2.0.0.tgz. Extracting by manifest.
684 silly tarball no local data for cookie-signature@https://registry.npmjs.org/cookie-signature/-/cookie-signature-1.2.1.tgz. Extracting by manifest.
685 silly tarball no local data for content-disposition@https://registry.npmjs.org/content-disposition/-/content-disposition-0.5.4.tgz. Extracting by manifest.
686 silly tarball no local data for constantinople@https://registry.npmjs.org/constantinople/-/constantinople-4.0.1.tgz. Extracting by manifest.
687 silly tarball no local data for console-control-strings@https://registry.npmjs.org/console-control-strings/-/console-control-strings-1.1.0.tgz. Extracting by manifest.
688 silly tarball no local data for confusing-browser-globals@https://registry.npmjs.org/confusing-browser-globals/-/confusing-browser-globals-1.0.11.tgz. Extracting by manifest.
689 silly tarball no local data for config-chain@https://registry.npmjs.org/config-chain/-/config-chain-1.1.13.tgz. Extracting by manifest.
690 silly tarball no local data for configstore@https://registry.npmjs.org/configstore/-/configstore-6.0.0.tgz. Extracting by manifest.
691 silly tarball no local data for concurrently@https://registry.npmjs.org/concurrently/-/concurrently-8.2.2.tgz. Extracting by manifest.
692 silly tarball no local data for commist@https://registry.npmjs.org/commist/-/commist-3.0.0.tgz. Extracting by manifest.
693 silly tarball no local data for concat-map@https://registry.npmjs.org/concat-map/-/concat-map-0.0.1.tgz. Extracting by manifest.
694 silly tarball no local data for colorette@https://registry.npmjs.org/colorette/-/colorette-2.0.19.tgz. Extracting by manifest.
695 silly tarball no local data for commander@https://registry.npmjs.org/commander/-/commander-10.0.1.tgz. Extracting by manifest.
696 silly tarball no local data for color-support@https://registry.npmjs.org/color-support/-/color-support-1.1.3.tgz. Extracting by manifest.
697 silly tarball no local data for color-convert@https://registry.npmjs.org/color-convert/-/color-convert-2.0.1.tgz. Extracting by manifest.
698 silly tarball no local data for color-name@https://registry.npmjs.org/color-name/-/color-name-1.1.4.tgz. Extracting by manifest.
699 silly tarball no local data for collect-v8-coverage@https://registry.npmjs.org/collect-v8-coverage/-/collect-v8-coverage-1.0.2.tgz. Extracting by manifest.
700 silly tarball no local data for co@https://registry.npmjs.org/co/-/co-4.6.0.tgz. Extracting by manifest.
701 silly tarball no local data for close-with-grace@https://registry.npmjs.org/close-with-grace/-/close-with-grace-1.1.0.tgz. Extracting by manifest.
702 silly tarball no local data for clone-response@https://registry.npmjs.org/clone-response/-/clone-response-1.0.3.tgz. Extracting by manifest.
703 silly tarball no local data for clone-deep@https://registry.npmjs.org/clone-deep/-/clone-deep-4.0.1.tgz. Extracting by manifest.
704 silly tarball no local data for cli-table3@https://registry.npmjs.org/cli-table3/-/cli-table3-0.6.4.tgz. Extracting by manifest.
705 silly tarball no local data for cliui@https://registry.npmjs.org/cliui/-/cliui-8.0.1.tgz. Extracting by manifest.
706 silly tarball no local data for cli-color@https://registry.npmjs.org/cli-color/-/cli-color-2.0.4.tgz. Extracting by manifest.
707 silly tarball no local data for cli-boxes@https://registry.npmjs.org/cli-boxes/-/cli-boxes-3.0.0.tgz. Extracting by manifest.
708 silly tarball no local data for clean-stack@https://registry.npmjs.org/clean-stack/-/clean-stack-2.2.0.tgz. Extracting by manifest.
709 silly tarball no local data for cjs-module-lexer@https://registry.npmjs.org/cjs-module-lexer/-/cjs-module-lexer-1.2.3.tgz. Extracting by manifest.
710 silly tarball no local data for chrome-trace-event@https://registry.npmjs.org/chrome-trace-event/-/chrome-trace-event-1.0.3.tgz. Extracting by manifest.
711 silly tarball no local data for ci-info@https://registry.npmjs.org/ci-info/-/ci-info-3.3.2.tgz. Extracting by manifest.
712 silly tarball no local data for chownr@https://registry.npmjs.org/chownr/-/chownr-2.0.0.tgz. Extracting by manifest.
713 silly tarball no local data for character-parser@https://registry.npmjs.org/character-parser/-/character-parser-2.2.0.tgz. Extracting by manifest.
714 silly tarball no local data for chalk@https://registry.npmjs.org/chalk/-/chalk-4.1.2.tgz. Extracting by manifest.
715 silly tarball no local data for chokidar@https://registry.npmjs.org/chokidar/-/chokidar-3.5.3.tgz. Extracting by manifest.
716 silly tarball no local data for char-regex@https://registry.npmjs.org/char-regex/-/char-regex-1.0.2.tgz. Extracting by manifest.
717 silly tarball no local data for caniuse-lite@https://registry.npmjs.org/caniuse-lite/-/caniuse-lite-1.0.30001612.tgz. Extracting by manifest.
718 silly tarball no local data for camelcase@https://registry.npmjs.org/camelcase/-/camelcase-5.3.1.tgz. Extracting by manifest.
719 silly tarball no local data for callsites@https://registry.npmjs.org/callsites/-/callsites-3.1.0.tgz. Extracting by manifest.
720 silly tarball no local data for call-bind@https://registry.npmjs.org/call-bind/-/call-bind-1.0.7.tgz. Extracting by manifest.
721 silly tarball no local data for cacheable-request@https://registry.npmjs.org/cacheable-request/-/cacheable-request-7.0.2.tgz. Extracting by manifest.
722 silly tarball no local data for cacheable-lookup@https://registry.npmjs.org/cacheable-lookup/-/cacheable-lookup-6.1.0.tgz. Extracting by manifest.
723 silly tarball no local data for cacache@https://registry.npmjs.org/cacache/-/cacache-17.1.4.tgz. Extracting by manifest.
724 silly tarball no local data for buffer-from@https://registry.npmjs.org/buffer-from/-/buffer-from-1.1.2.tgz. Extracting by manifest.
725 silly tarball no local data for buffer@https://registry.npmjs.org/buffer/-/buffer-5.7.1.tgz. Extracting by manifest.
726 silly tarball no local data for builtins@https://registry.npmjs.org/builtins/-/builtins-5.1.0.tgz. Extracting by manifest.
727 silly tarball no local data for browserslist@https://registry.npmjs.org/browserslist/-/browserslist-4.23.0.tgz. Extracting by manifest.
728 silly tarball no local data for bser@https://registry.npmjs.org/bser/-/bser-2.1.1.tgz. Extracting by manifest.
729 silly tarball no local data for braces@https://registry.npmjs.org/braces/-/braces-3.0.2.tgz. Extracting by manifest.
730 silly tarball no local data for brace-expansion@https://registry.npmjs.org/brace-expansion/-/brace-expansion-1.1.11.tgz. Extracting by manifest.
731 silly tarball no local data for boxen@https://registry.npmjs.org/boxen/-/boxen-7.0.0.tgz. Extracting by manifest.
732 silly tarball no local data for bluebird@https://registry.npmjs.org/bluebird/-/bluebird-3.7.2.tgz. Extracting by manifest.
733 silly tarball no local data for bootstrap@https://registry.npmjs.org/bootstrap/-/bootstrap-5.3.3.tgz. Extracting by manifest.
734 silly tarball no local data for bindings@https://registry.npmjs.org/bindings/-/bindings-1.5.0.tgz. Extracting by manifest.
735 silly tarball no local data for bl@https://registry.npmjs.org/bl/-/bl-4.1.0.tgz. Extracting by manifest.
736 silly tarball no local data for binary-extensions@https://registry.npmjs.org/binary-extensions/-/binary-extensions-2.2.0.tgz. Extracting by manifest.
737 silly tarball no local data for better-sqlite3@https://registry.npmjs.org/better-sqlite3/-/better-sqlite3-8.7.0.tgz. Extracting by manifest.
738 silly tarball no local data for base64-js@https://registry.npmjs.org/base64-js/-/base64-js-1.5.1.tgz. Extracting by manifest.
739 silly tarball no local data for babel-walk@https://registry.npmjs.org/babel-walk/-/babel-walk-3.0.0-canary-5.tgz. Extracting by manifest.
740 silly tarball no local data for balanced-match@https://registry.npmjs.org/balanced-match/-/balanced-match-1.0.2.tgz. Extracting by manifest.
741 silly tarball no local data for babel-preset-jest@https://registry.npmjs.org/babel-preset-jest/-/babel-preset-jest-29.6.3.tgz. Extracting by manifest.
742 silly tarball no local data for babel-preset-current-node-syntax@https://registry.npmjs.org/babel-preset-current-node-syntax/-/babel-preset-current-node-syntax-1.0.1.tgz. Extracting by manifest.
743 silly tarball no local data for babel-plugin-jest-hoist@https://registry.npmjs.org/babel-plugin-jest-hoist/-/babel-plugin-jest-hoist-29.6.3.tgz. Extracting by manifest.
744 silly tarball no local data for avvio@https://registry.npmjs.org/avvio/-/avvio-8.3.0.tgz. Extracting by manifest.
745 silly tarball no local data for babel-plugin-istanbul@https://registry.npmjs.org/babel-plugin-istanbul/-/babel-plugin-istanbul-6.1.1.tgz. Extracting by manifest.
746 silly tarball no local data for babel-jest@https://registry.npmjs.org/babel-jest/-/babel-jest-29.7.0.tgz. Extracting by manifest.
747 silly tarball no local data for available-typed-arrays@https://registry.npmjs.org/available-typed-arrays/-/available-typed-arrays-1.0.7.tgz. Extracting by manifest.
748 silly tarball no local data for atomic-sleep@https://registry.npmjs.org/atomic-sleep/-/atomic-sleep-1.0.0.tgz. Extracting by manifest.
749 silly tarball no local data for asap@https://registry.npmjs.org/asap/-/asap-2.0.6.tgz. Extracting by manifest.
750 silly tarball no local data for assert-never@https://registry.npmjs.org/assert-never/-/assert-never-1.2.1.tgz. Extracting by manifest.
751 silly tarball no local data for at-least-node@https://registry.npmjs.org/at-least-node/-/at-least-node-1.0.0.tgz. Extracting by manifest.
752 silly tarball no local data for arraybuffer.prototype.slice@https://registry.npmjs.org/arraybuffer.prototype.slice/-/arraybuffer.prototype.slice-1.0.3.tgz. Extracting by manifest.
753 silly tarball no local data for array.prototype.flatmap@https://registry.npmjs.org/array.prototype.flatmap/-/array.prototype.flatmap-1.3.2.tgz. Extracting by manifest.
754 silly tarball no local data for array.prototype.flat@https://registry.npmjs.org/array.prototype.flat/-/array.prototype.flat-1.3.2.tgz. Extracting by manifest.
755 silly tarball no local data for array-union@https://registry.npmjs.org/array-union/-/array-union-2.1.0.tgz. Extracting by manifest.
756 silly tarball no local data for array.prototype.findlastindex@https://registry.npmjs.org/array.prototype.findlastindex/-/array.prototype.findlastindex-1.2.5.tgz. Extracting by manifest.
757 silly tarball no local data for array-includes@https://registry.npmjs.org/array-includes/-/array-includes-3.1.8.tgz. Extracting by manifest.
758 silly tarball no local data for argparse@https://registry.npmjs.org/argparse/-/argparse-2.0.1.tgz. Extracting by manifest.
759 silly tarball no local data for array-buffer-byte-length@https://registry.npmjs.org/array-buffer-byte-length/-/array-buffer-byte-length-1.0.1.tgz. Extracting by manifest.
760 silly tarball no local data for archy@https://registry.npmjs.org/archy/-/archy-1.0.0.tgz. Extracting by manifest.
761 silly tarball no local data for are-we-there-yet@https://registry.npmjs.org/are-we-there-yet/-/are-we-there-yet-3.0.1.tgz. Extracting by manifest.
762 silly tarball no local data for aproba@https://registry.npmjs.org/aproba/-/aproba-2.0.0.tgz. Extracting by manifest.
763 silly tarball no local data for ansi-styles@https://registry.npmjs.org/ansi-styles/-/ansi-styles-4.3.0.tgz. Extracting by manifest.
764 silly tarball no local data for anymatch@https://registry.npmjs.org/anymatch/-/anymatch-3.1.2.tgz. Extracting by manifest.
765 silly tarball no local data for ansi-regex@https://registry.npmjs.org/ansi-regex/-/ansi-regex-5.0.1.tgz. Extracting by manifest.
766 silly tarball no local data for ansi-escapes@https://registry.npmjs.org/ansi-escapes/-/ansi-escapes-4.3.2.tgz. Extracting by manifest.
767 silly tarball no local data for ansi-align@https://registry.npmjs.org/ansi-align/-/ansi-align-3.0.1.tgz. Extracting by manifest.
768 silly tarball no local data for ajv-keywords@https://registry.npmjs.org/ajv-keywords/-/ajv-keywords-3.5.2.tgz. Extracting by manifest.
769 silly tarball no local data for ajv@https://registry.npmjs.org/ajv/-/ajv-6.12.6.tgz. Extracting by manifest.
770 silly tarball no local data for ajv-formats@https://registry.npmjs.org/ajv-formats/-/ajv-formats-2.1.1.tgz. Extracting by manifest.
771 silly tarball no local data for aggregate-error@https://registry.npmjs.org/aggregate-error/-/aggregate-error-3.1.0.tgz. Extracting by manifest.
772 silly tarball no local data for agent-base@https://registry.npmjs.org/agent-base/-/agent-base-6.0.2.tgz. Extracting by manifest.
773 silly tarball no local data for agentkeepalive@https://registry.npmjs.org/agentkeepalive/-/agentkeepalive-4.2.1.tgz. Extracting by manifest.
774 silly tarball no local data for acorn-import-assertions@https://registry.npmjs.org/acorn-import-assertions/-/acorn-import-assertions-1.9.0.tgz. Extracting by manifest.
775 silly tarball no local data for acorn-jsx@https://registry.npmjs.org/acorn-jsx/-/acorn-jsx-5.3.2.tgz. Extracting by manifest.
776 silly tarball no local data for acorn@https://registry.npmjs.org/acorn/-/acorn-8.11.3.tgz. Extracting by manifest.
777 silly tarball no local data for abort-controller@https://registry.npmjs.org/abort-controller/-/abort-controller-3.0.0.tgz. Extracting by manifest.
778 silly tarball no local data for abstract-logging@https://registry.npmjs.org/abstract-logging/-/abstract-logging-2.0.1.tgz. Extracting by manifest.
779 silly tarball no local data for abbrev@https://registry.npmjs.org/abbrev/-/abbrev-1.1.1.tgz. Extracting by manifest.
780 silly tarball no local data for @xtuc/ieee754@https://registry.npmjs.org/@xtuc/ieee754/-/ieee754-1.2.0.tgz. Extracting by manifest.
781 silly tarball no local data for @xtuc/long@https://registry.npmjs.org/@xtuc/long/-/long-4.2.2.tgz. Extracting by manifest.
782 silly tarball no local data for @webpack-cli/serve@https://registry.npmjs.org/@webpack-cli/serve/-/serve-2.0.5.tgz. Extracting by manifest.
783 silly tarball no local data for @webpack-cli/configtest@https://registry.npmjs.org/@webpack-cli/configtest/-/configtest-2.1.1.tgz. Extracting by manifest.
784 silly tarball no local data for @webpack-cli/info@https://registry.npmjs.org/@webpack-cli/info/-/info-2.0.2.tgz. Extracting by manifest.
785 silly tarball no local data for @webassemblyjs/wast-printer@https://registry.npmjs.org/@webassemblyjs/wast-printer/-/wast-printer-1.12.1.tgz. Extracting by manifest.
786 silly tarball no local data for @webassemblyjs/wasm-opt@https://registry.npmjs.org/@webassemblyjs/wasm-opt/-/wasm-opt-1.12.1.tgz. Extracting by manifest.
787 silly tarball no local data for @webassemblyjs/wasm-parser@https://registry.npmjs.org/@webassemblyjs/wasm-parser/-/wasm-parser-1.12.1.tgz. Extracting by manifest.
788 silly tarball no local data for @webassemblyjs/wasm-edit@https://registry.npmjs.org/@webassemblyjs/wasm-edit/-/wasm-edit-1.12.1.tgz. Extracting by manifest.
789 silly tarball no local data for @webassemblyjs/wasm-gen@https://registry.npmjs.org/@webassemblyjs/wasm-gen/-/wasm-gen-1.12.1.tgz. Extracting by manifest.
790 silly tarball no local data for @webassemblyjs/utf8@https://registry.npmjs.org/@webassemblyjs/utf8/-/utf8-1.11.6.tgz. Extracting by manifest.
791 silly tarball no local data for @webassemblyjs/ieee754@https://registry.npmjs.org/@webassemblyjs/ieee754/-/ieee754-1.11.6.tgz. Extracting by manifest.
792 silly tarball no local data for @webassemblyjs/leb128@https://registry.npmjs.org/@webassemblyjs/leb128/-/leb128-1.11.6.tgz. Extracting by manifest.
793 silly tarball no local data for @webassemblyjs/helper-wasm-bytecode@https://registry.npmjs.org/@webassemblyjs/helper-wasm-bytecode/-/helper-wasm-bytecode-1.11.6.tgz. Extracting by manifest.
794 silly tarball no local data for @webassemblyjs/helper-wasm-section@https://registry.npmjs.org/@webassemblyjs/helper-wasm-section/-/helper-wasm-section-1.12.1.tgz. Extracting by manifest.
795 silly tarball no local data for @webassemblyjs/helper-numbers@https://registry.npmjs.org/@webassemblyjs/helper-numbers/-/helper-numbers-1.11.6.tgz. Extracting by manifest.
796 silly tarball no local data for @webassemblyjs/helper-buffer@https://registry.npmjs.org/@webassemblyjs/helper-buffer/-/helper-buffer-1.12.1.tgz. Extracting by manifest.
797 silly tarball no local data for @webassemblyjs/helper-api-error@https://registry.npmjs.org/@webassemblyjs/helper-api-error/-/helper-api-error-1.11.6.tgz. Extracting by manifest.
798 silly tarball no local data for @webassemblyjs/ast@https://registry.npmjs.org/@webassemblyjs/ast/-/ast-1.12.1.tgz. Extracting by manifest.
799 silly tarball no local data for @webassemblyjs/floating-point-hex-parser@https://registry.npmjs.org/@webassemblyjs/floating-point-hex-parser/-/floating-point-hex-parser-1.11.6.tgz. Extracting by manifest.
800 silly tarball no local data for @ungap/structured-clone@https://registry.npmjs.org/@ungap/structured-clone/-/structured-clone-1.2.0.tgz. Extracting by manifest.
801 silly tarball no local data for @vscode/sqlite3@https://registry.npmjs.org/@vscode/sqlite3/-/sqlite3-5.1.2.tgz. Extracting by manifest.
802 silly tarball no local data for @types/yargs-parser@https://registry.npmjs.org/@types/yargs-parser/-/yargs-parser-21.0.3.tgz. Extracting by manifest.
803 silly tarball no local data for @types/validator@https://registry.npmjs.org/@types/validator/-/validator-13.11.9.tgz. Extracting by manifest.
804 silly tarball no local data for @types/yargs@https://registry.npmjs.org/@types/yargs/-/yargs-17.0.32.tgz. Extracting by manifest.
805 silly tarball no local data for @types/stack-trace@https://registry.npmjs.org/@types/stack-trace/-/stack-trace-0.0.29.tgz. Extracting by manifest.
806 silly tarball no local data for @types/stack-utils@https://registry.npmjs.org/@types/stack-utils/-/stack-utils-2.0.3.tgz. Extracting by manifest.
807 silly tarball no local data for @types/semver-utils@https://registry.npmjs.org/@types/semver-utils/-/semver-utils-1.1.3.tgz. Extracting by manifest.
808 silly tarball no local data for @types/node@https://registry.npmjs.org/@types/node/-/node-20.12.7.tgz. Extracting by manifest.
809 silly tarball no local data for @types/responselike@https://registry.npmjs.org/@types/responselike/-/responselike-1.0.0.tgz. Extracting by manifest.
810 silly tarball no local data for @types/ms@https://registry.npmjs.org/@types/ms/-/ms-0.7.34.tgz. Extracting by manifest.
811 silly tarball no local data for @types/keyv@https://registry.npmjs.org/@types/keyv/-/keyv-3.1.4.tgz. Extracting by manifest.
812 silly tarball no local data for @types/json5@https://registry.npmjs.org/@types/json5/-/json5-0.0.29.tgz. Extracting by manifest.
813 silly tarball no local data for @types/jest@https://registry.npmjs.org/@types/jest/-/jest-29.5.12.tgz. Extracting by manifest.
814 silly tarball no local data for @types/json-schema@https://registry.npmjs.org/@types/json-schema/-/json-schema-7.0.11.tgz. Extracting by manifest.
815 silly tarball no local data for @types/istanbul-reports@https://registry.npmjs.org/@types/istanbul-reports/-/istanbul-reports-3.0.4.tgz. Extracting by manifest.
816 silly tarball no local data for @types/istanbul-lib-report@https://registry.npmjs.org/@types/istanbul-lib-report/-/istanbul-lib-report-3.0.3.tgz. Extracting by manifest.
817 silly tarball no local data for @types/istanbul-lib-coverage@https://registry.npmjs.org/@types/istanbul-lib-coverage/-/istanbul-lib-coverage-2.0.6.tgz. Extracting by manifest.
818 silly tarball no local data for @types/graceful-fs@https://registry.npmjs.org/@types/graceful-fs/-/graceful-fs-4.1.9.tgz. Extracting by manifest.
819 silly tarball no local data for @types/estree@https://registry.npmjs.org/@types/estree/-/estree-1.0.5.tgz. Extracting by manifest.
820 silly tarball no local data for @types/http-cache-semantics@https://registry.npmjs.org/@types/http-cache-semantics/-/http-cache-semantics-4.0.1.tgz. Extracting by manifest.
821 silly tarball no local data for @types/eslint@https://registry.npmjs.org/@types/eslint/-/eslint-8.4.6.tgz. Extracting by manifest.
822 silly tarball no local data for @types/debug@https://registry.npmjs.org/@types/debug/-/debug-4.1.12.tgz. Extracting by manifest.
823 silly tarball no local data for @types/eslint-scope@https://registry.npmjs.org/@types/eslint-scope/-/eslint-scope-3.7.4.tgz. Extracting by manifest.
824 silly tarball no local data for @types/cacheable-request@https://registry.npmjs.org/@types/cacheable-request/-/cacheable-request-6.0.2.tgz. Extracting by manifest.
825 silly tarball no local data for @types/babel__traverse@https://registry.npmjs.org/@types/babel__traverse/-/babel__traverse-7.20.5.tgz. Extracting by manifest.
826 silly tarball no local data for @types/babel__template@https://registry.npmjs.org/@types/babel__template/-/babel__template-7.4.4.tgz. Extracting by manifest.
827 silly tarball no local data for @types/babel__generator@https://registry.npmjs.org/@types/babel__generator/-/babel__generator-7.6.8.tgz. Extracting by manifest.
828 silly tarball no local data for @tufjs/models@https://registry.npmjs.org/@tufjs/models/-/models-1.0.4.tgz. Extracting by manifest.
829 silly tarball no local data for @tufjs/canonical-json@https://registry.npmjs.org/@tufjs/canonical-json/-/canonical-json-1.0.0.tgz. Extracting by manifest.
830 silly tarball no local data for @types/babel__core@https://registry.npmjs.org/@types/babel__core/-/babel__core-7.20.5.tgz. Extracting by manifest.
831 silly tarball no local data for @tootallnate/once@https://registry.npmjs.org/@tootallnate/once/-/once-2.0.0.tgz. Extracting by manifest.
832 silly tarball no local data for @szmarczak/http-timer@https://registry.npmjs.org/@szmarczak/http-timer/-/http-timer-5.0.1.tgz. Extracting by manifest.
833 silly tarball no local data for @sinonjs/fake-timers@https://registry.npmjs.org/@sinonjs/fake-timers/-/fake-timers-10.3.0.tgz. Extracting by manifest.
834 silly tarball no local data for @sinonjs/commons@https://registry.npmjs.org/@sinonjs/commons/-/commons-3.0.1.tgz. Extracting by manifest.
835 silly tarball no local data for @sinclair/typebox@https://registry.npmjs.org/@sinclair/typebox/-/typebox-0.27.8.tgz. Extracting by manifest.
836 silly tarball no local data for @sigstore/tuf@https://registry.npmjs.org/@sigstore/tuf/-/tuf-1.0.3.tgz. Extracting by manifest.
837 silly tarball no local data for @sindresorhus/is@https://registry.npmjs.org/@sindresorhus/is/-/is-5.3.0.tgz. Extracting by manifest.
838 silly tarball no local data for @sigstore/bundle@https://registry.npmjs.org/@sigstore/bundle/-/bundle-1.1.0.tgz. Extracting by manifest.
839 silly tarball no local data for @sigstore/protobuf-specs@https://registry.npmjs.org/@sigstore/protobuf-specs/-/protobuf-specs-0.2.1.tgz. Extracting by manifest.
840 silly tarball no local data for @sigstore/sign@https://registry.npmjs.org/@sigstore/sign/-/sign-1.0.0.tgz. Extracting by manifest.
841 silly tarball no local data for @rails/ujs@https://registry.npmjs.org/@rails/ujs/-/ujs-7.1.3-2.tgz. Extracting by manifest.
842 silly tarball no local data for @popperjs/core@https://registry.npmjs.org/@popperjs/core/-/core-2.11.8.tgz. Extracting by manifest.
843 silly tarball no local data for @pnpm/npm-conf@https://registry.npmjs.org/@pnpm/npm-conf/-/npm-conf-1.0.5.tgz. Extracting by manifest.
844 silly tarball no local data for @pnpm/network.ca-file@https://registry.npmjs.org/@pnpm/network.ca-file/-/network.ca-file-1.0.1.tgz. Extracting by manifest.
845 silly tarball no local data for @pkgjs/parseargs@https://registry.npmjs.org/@pkgjs/parseargs/-/parseargs-0.11.0.tgz. Extracting by manifest.
846 silly tarball no local data for @npmcli/run-script@https://registry.npmjs.org/@npmcli/run-script/-/run-script-6.0.2.tgz. Extracting by manifest.
847 silly tarball no local data for @one-ini/wasm@https://registry.npmjs.org/@one-ini/wasm/-/wasm-0.1.1.tgz. Extracting by manifest.
848 silly tarball no local data for @npmcli/promise-spawn@https://registry.npmjs.org/@npmcli/promise-spawn/-/promise-spawn-6.0.2.tgz. Extracting by manifest.
849 silly tarball no local data for @npmcli/move-file@https://registry.npmjs.org/@npmcli/move-file/-/move-file-2.0.1.tgz. Extracting by manifest.
850 silly tarball no local data for @npmcli/node-gyp@https://registry.npmjs.org/@npmcli/node-gyp/-/node-gyp-3.0.0.tgz. Extracting by manifest.
851 silly tarball no local data for @npmcli/installed-package-contents@https://registry.npmjs.org/@npmcli/installed-package-contents/-/installed-package-contents-2.0.2.tgz. Extracting by manifest.
852 silly tarball no local data for @npmcli/fs@https://registry.npmjs.org/@npmcli/fs/-/fs-3.1.0.tgz. Extracting by manifest.
853 silly tarball no local data for @npmcli/git@https://registry.npmjs.org/@npmcli/git/-/git-4.1.0.tgz. Extracting by manifest.
854 silly tarball no local data for @nodelib/fs.stat@https://registry.npmjs.org/@nodelib/fs.stat/-/fs.stat-2.0.5.tgz. Extracting by manifest.
855 silly tarball no local data for @nodelib/fs.walk@https://registry.npmjs.org/@nodelib/fs.walk/-/fs.walk-1.2.8.tgz. Extracting by manifest.
856 silly tarball no local data for @nodelib/fs.scandir@https://registry.npmjs.org/@nodelib/fs.scandir/-/fs.scandir-2.1.5.tgz. Extracting by manifest.
857 silly tarball no local data for @jridgewell/trace-mapping@https://registry.npmjs.org/@jridgewell/trace-mapping/-/trace-mapping-0.3.25.tgz. Extracting by manifest.
858 silly tarball no local data for @lukeed/ms@https://registry.npmjs.org/@lukeed/ms/-/ms-2.0.2.tgz. Extracting by manifest.
859 silly tarball no local data for @jridgewell/sourcemap-codec@https://registry.npmjs.org/@jridgewell/sourcemap-codec/-/sourcemap-codec-1.4.15.tgz. Extracting by manifest.
860 silly tarball no local data for @jridgewell/source-map@https://registry.npmjs.org/@jridgewell/source-map/-/source-map-0.3.6.tgz. Extracting by manifest.
861 silly tarball no local data for @jridgewell/set-array@https://registry.npmjs.org/@jridgewell/set-array/-/set-array-1.2.1.tgz. Extracting by manifest.
862 silly tarball no local data for @jridgewell/gen-mapping@https://registry.npmjs.org/@jridgewell/gen-mapping/-/gen-mapping-0.3.5.tgz. Extracting by manifest.
863 silly tarball no local data for @jridgewell/resolve-uri@https://registry.npmjs.org/@jridgewell/resolve-uri/-/resolve-uri-3.1.2.tgz. Extracting by manifest.
864 silly tarball no local data for @jest/types@https://registry.npmjs.org/@jest/types/-/types-29.6.3.tgz. Extracting by manifest.
865 silly tarball no local data for @jest/transform@https://registry.npmjs.org/@jest/transform/-/transform-29.7.0.tgz. Extracting by manifest.
866 silly tarball no local data for @jest/source-map@https://registry.npmjs.org/@jest/source-map/-/source-map-29.6.3.tgz. Extracting by manifest.
867 silly tarball no local data for @jest/schemas@https://registry.npmjs.org/@jest/schemas/-/schemas-29.6.3.tgz. Extracting by manifest.
868 silly tarball no local data for @jest/test-sequencer@https://registry.npmjs.org/@jest/test-sequencer/-/test-sequencer-29.7.0.tgz. Extracting by manifest.
869 silly tarball no local data for @jest/test-result@https://registry.npmjs.org/@jest/test-result/-/test-result-29.7.0.tgz. Extracting by manifest.
870 silly tarball no local data for @jest/reporters@https://registry.npmjs.org/@jest/reporters/-/reporters-29.7.0.tgz. Extracting by manifest.
871 silly tarball no local data for @jest/fake-timers@https://registry.npmjs.org/@jest/fake-timers/-/fake-timers-29.7.0.tgz. Extracting by manifest.
872 silly tarball no local data for @jest/expect@https://registry.npmjs.org/@jest/expect/-/expect-29.7.0.tgz. Extracting by manifest.
873 silly tarball no local data for @jest/expect-utils@https://registry.npmjs.org/@jest/expect-utils/-/expect-utils-29.7.0.tgz. Extracting by manifest.
874 silly tarball no local data for @jest/core@https://registry.npmjs.org/@jest/core/-/core-29.7.0.tgz. Extracting by manifest.
875 silly tarball no local data for @jest/environment@https://registry.npmjs.org/@jest/environment/-/environment-29.7.0.tgz. Extracting by manifest.
876 silly tarball no local data for @jest/console@https://registry.npmjs.org/@jest/console/-/console-29.7.0.tgz. Extracting by manifest.
877 silly tarball no local data for @istanbuljs/schema@https://registry.npmjs.org/@istanbuljs/schema/-/schema-0.1.3.tgz. Extracting by manifest.
878 silly tarball no local data for @istanbuljs/load-nyc-config@https://registry.npmjs.org/@istanbuljs/load-nyc-config/-/load-nyc-config-1.1.0.tgz. Extracting by manifest.
879 silly tarball no local data for @isaacs/cliui@https://registry.npmjs.org/@isaacs/cliui/-/cliui-8.0.2.tgz. Extracting by manifest.
880 silly tarball no local data for @humanwhocodes/object-schema@https://registry.npmjs.org/@humanwhocodes/object-schema/-/object-schema-2.0.3.tgz. Extracting by manifest.
881 silly tarball no local data for @jest/globals@https://registry.npmjs.org/@jest/globals/-/globals-29.7.0.tgz. Extracting by manifest.
882 silly tarball no local data for @humanwhocodes/module-importer@https://registry.npmjs.org/@humanwhocodes/module-importer/-/module-importer-1.0.1.tgz. Extracting by manifest.
883 silly tarball no local data for @humanwhocodes/config-array@https://registry.npmjs.org/@humanwhocodes/config-array/-/config-array-0.11.14.tgz. Extracting by manifest.
884 silly tarball no local data for @gar/promisify@https://registry.npmjs.org/@gar/promisify/-/promisify-1.1.3.tgz. Extracting by manifest.
885 silly tarball no local data for @fastify/view@https://registry.npmjs.org/@fastify/view/-/view-9.0.0.tgz. Extracting by manifest.
886 silly tarball no local data for @fastify/static@https://registry.npmjs.org/@fastify/static/-/static-7.0.3.tgz. Extracting by manifest.
887 silly tarball no local data for @fastify/secure-session@https://registry.npmjs.org/@fastify/secure-session/-/secure-session-7.5.1.tgz. Extracting by manifest.
888 silly tarball no local data for @fastify/send@https://registry.npmjs.org/@fastify/send/-/send-2.1.0.tgz. Extracting by manifest.
889 silly tarball no local data for @fastify/sensible@https://registry.npmjs.org/@fastify/sensible/-/sensible-5.5.0.tgz. Extracting by manifest.
890 silly tarball no local data for @fastify/formbody@https://registry.npmjs.org/@fastify/formbody/-/formbody-7.4.0.tgz. Extracting by manifest.
891 silly tarball no local data for @fastify/flash@https://registry.npmjs.org/@fastify/flash/-/flash-5.1.0.tgz. Extracting by manifest.
892 silly tarball no local data for @fastify/merge-json-schemas@https://registry.npmjs.org/@fastify/merge-json-schemas/-/merge-json-schemas-0.1.1.tgz. Extracting by manifest.
893 silly tarball no local data for @fastify/fast-json-stringify-compiler@https://registry.npmjs.org/@fastify/fast-json-stringify-compiler/-/fast-json-stringify-compiler-4.3.0.tgz. Extracting by manifest.
894 silly tarball no local data for @fastify/error@https://registry.npmjs.org/@fastify/error/-/error-3.4.1.tgz. Extracting by manifest.
895 silly tarball no local data for @fastify/deepmerge@https://registry.npmjs.org/@fastify/deepmerge/-/deepmerge-1.3.0.tgz. Extracting by manifest.
896 silly tarball no local data for @fastify/cookie@https://registry.npmjs.org/@fastify/cookie/-/cookie-9.3.1.tgz. Extracting by manifest.
897 silly tarball no local data for @fastify/accept-negotiator@https://registry.npmjs.org/@fastify/accept-negotiator/-/accept-negotiator-1.0.0.tgz. Extracting by manifest.
898 silly tarball no local data for @eslint/js@https://registry.npmjs.org/@eslint/js/-/js-9.1.1.tgz. Extracting by manifest.
899 silly tarball no local data for @fastify/ajv-compiler@https://registry.npmjs.org/@fastify/ajv-compiler/-/ajv-compiler-3.5.0.tgz. Extracting by manifest.
900 silly tarball no local data for @eslint/eslintrc@https://registry.npmjs.org/@eslint/eslintrc/-/eslintrc-3.0.2.tgz. Extracting by manifest.
901 silly tarball no local data for @eslint-community/regexpp@https://registry.npmjs.org/@eslint-community/regexpp/-/regexpp-4.10.0.tgz. Extracting by manifest.
902 silly tarball no local data for @eslint-community/eslint-utils@https://registry.npmjs.org/@eslint-community/eslint-utils/-/eslint-utils-4.4.0.tgz. Extracting by manifest.
903 silly tarball no local data for @discoveryjs/json-ext@https://registry.npmjs.org/@discoveryjs/json-ext/-/json-ext-0.5.7.tgz. Extracting by manifest.
904 silly tarball no local data for @bcoe/v8-coverage@https://registry.npmjs.org/@bcoe/v8-coverage/-/v8-coverage-0.2.3.tgz. Extracting by manifest.
905 silly tarball no local data for @babel/types@https://registry.npmjs.org/@babel/types/-/types-7.24.0.tgz. Extracting by manifest.
906 silly tarball no local data for @colors/colors@https://registry.npmjs.org/@colors/colors/-/colors-1.5.0.tgz. Extracting by manifest.
907 silly tarball no local data for @babel/traverse@https://registry.npmjs.org/@babel/traverse/-/traverse-7.24.1.tgz. Extracting by manifest.
908 silly tarball no local data for @babel/runtime@https://registry.npmjs.org/@babel/runtime/-/runtime-7.24.4.tgz. Extracting by manifest.
909 silly tarball no local data for @babel/plugin-syntax-typescript@https://registry.npmjs.org/@babel/plugin-syntax-typescript/-/plugin-syntax-typescript-7.24.1.tgz. Extracting by manifest.
910 silly tarball no local data for @babel/template@https://registry.npmjs.org/@babel/template/-/template-7.24.0.tgz. Extracting by manifest.
911 silly tarball no local data for @babel/plugin-syntax-optional-chaining@https://registry.npmjs.org/@babel/plugin-syntax-optional-chaining/-/plugin-syntax-optional-chaining-7.8.3.tgz. Extracting by manifest.
912 silly tarball no local data for @babel/plugin-syntax-optional-catch-binding@https://registry.npmjs.org/@babel/plugin-syntax-optional-catch-binding/-/plugin-syntax-optional-catch-binding-7.8.3.tgz. Extracting by manifest.
913 silly tarball no local data for @babel/plugin-syntax-top-level-await@https://registry.npmjs.org/@babel/plugin-syntax-top-level-await/-/plugin-syntax-top-level-await-7.14.5.tgz. Extracting by manifest.
914 silly tarball no local data for @babel/plugin-syntax-object-rest-spread@https://registry.npmjs.org/@babel/plugin-syntax-object-rest-spread/-/plugin-syntax-object-rest-spread-7.8.3.tgz. Extracting by manifest.
915 silly tarball no local data for @babel/plugin-syntax-numeric-separator@https://registry.npmjs.org/@babel/plugin-syntax-numeric-separator/-/plugin-syntax-numeric-separator-7.10.4.tgz. Extracting by manifest.
916 silly tarball no local data for @babel/plugin-syntax-nullish-coalescing-operator@https://registry.npmjs.org/@babel/plugin-syntax-nullish-coalescing-operator/-/plugin-syntax-nullish-coalescing-operator-7.8.3.tgz. Extracting by manifest.
917 silly tarball no local data for @babel/plugin-syntax-logical-assignment-operators@https://registry.npmjs.org/@babel/plugin-syntax-logical-assignment-operators/-/plugin-syntax-logical-assignment-operators-7.10.4.tgz. Extracting by manifest.
918 silly tarball no local data for @babel/plugin-syntax-json-strings@https://registry.npmjs.org/@babel/plugin-syntax-json-strings/-/plugin-syntax-json-strings-7.8.3.tgz. Extracting by manifest.
919 silly tarball no local data for @babel/plugin-syntax-import-meta@https://registry.npmjs.org/@babel/plugin-syntax-import-meta/-/plugin-syntax-import-meta-7.10.4.tgz. Extracting by manifest.
920 silly tarball no local data for @babel/plugin-syntax-jsx@https://registry.npmjs.org/@babel/plugin-syntax-jsx/-/plugin-syntax-jsx-7.24.1.tgz. Extracting by manifest.
921 silly tarball no local data for @babel/plugin-syntax-bigint@https://registry.npmjs.org/@babel/plugin-syntax-bigint/-/plugin-syntax-bigint-7.8.3.tgz. Extracting by manifest.
922 silly tarball no local data for @babel/plugin-syntax-async-generators@https://registry.npmjs.org/@babel/plugin-syntax-async-generators/-/plugin-syntax-async-generators-7.8.4.tgz. Extracting by manifest.
923 silly tarball no local data for @babel/plugin-syntax-class-properties@https://registry.npmjs.org/@babel/plugin-syntax-class-properties/-/plugin-syntax-class-properties-7.12.13.tgz. Extracting by manifest.
924 silly tarball no local data for @babel/highlight@https://registry.npmjs.org/@babel/highlight/-/highlight-7.24.2.tgz. Extracting by manifest.
925 silly tarball no local data for @babel/parser@https://registry.npmjs.org/@babel/parser/-/parser-7.24.4.tgz. Extracting by manifest.
926 silly tarball no local data for @babel/helpers@https://registry.npmjs.org/@babel/helpers/-/helpers-7.24.4.tgz. Extracting by manifest.
927 silly tarball no local data for @babel/helper-validator-option@https://registry.npmjs.org/@babel/helper-validator-option/-/helper-validator-option-7.23.5.tgz. Extracting by manifest.
928 silly tarball no local data for @babel/helper-validator-identifier@https://registry.npmjs.org/@babel/helper-validator-identifier/-/helper-validator-identifier-7.22.20.tgz. Extracting by manifest.
929 silly tarball no local data for @babel/helper-split-export-declaration@https://registry.npmjs.org/@babel/helper-split-export-declaration/-/helper-split-export-declaration-7.22.6.tgz. Extracting by manifest.
930 silly tarball no local data for @babel/helper-string-parser@https://registry.npmjs.org/@babel/helper-string-parser/-/helper-string-parser-7.24.1.tgz. Extracting by manifest.
931 silly tarball no local data for @babel/helper-plugin-utils@https://registry.npmjs.org/@babel/helper-plugin-utils/-/helper-plugin-utils-7.24.0.tgz. Extracting by manifest.
932 silly tarball no local data for @babel/helper-module-transforms@https://registry.npmjs.org/@babel/helper-module-transforms/-/helper-module-transforms-7.23.3.tgz. Extracting by manifest.
933 silly tarball no local data for @babel/helper-simple-access@https://registry.npmjs.org/@babel/helper-simple-access/-/helper-simple-access-7.22.5.tgz. Extracting by manifest.
934 silly tarball no local data for @babel/helper-module-imports@https://registry.npmjs.org/@babel/helper-module-imports/-/helper-module-imports-7.24.3.tgz. Extracting by manifest.
935 silly tarball no local data for @babel/helper-hoist-variables@https://registry.npmjs.org/@babel/helper-hoist-variables/-/helper-hoist-variables-7.22.5.tgz. Extracting by manifest.
936 silly tarball no local data for @babel/helper-function-name@https://registry.npmjs.org/@babel/helper-function-name/-/helper-function-name-7.23.0.tgz. Extracting by manifest.
937 silly tarball no local data for @babel/generator@https://registry.npmjs.org/@babel/generator/-/generator-7.24.4.tgz. Extracting by manifest.
938 silly tarball no local data for @babel/helper-environment-visitor@https://registry.npmjs.org/@babel/helper-environment-visitor/-/helper-environment-visitor-7.22.20.tgz. Extracting by manifest.
939 silly tarball no local data for @babel/helper-compilation-targets@https://registry.npmjs.org/@babel/helper-compilation-targets/-/helper-compilation-targets-7.23.6.tgz. Extracting by manifest.
940 silly tarball no local data for @babel/core@https://registry.npmjs.org/@babel/core/-/core-7.24.4.tgz. Extracting by manifest.
941 silly tarball no local data for @babel/compat-data@https://registry.npmjs.org/@babel/compat-data/-/compat-data-7.24.4.tgz. Extracting by manifest.
942 silly tarball no local data for @ampproject/remapping@https://registry.npmjs.org/@ampproject/remapping/-/remapping-2.3.0.tgz. Extracting by manifest.
943 silly tarball no local data for cookie@https://registry.npmjs.org/cookie/-/cookie-0.4.2.tgz. Extracting by manifest.
944 silly tarball no local data for @babel/code-frame@https://registry.npmjs.org/@babel/code-frame/-/code-frame-7.24.2.tgz. Extracting by manifest.
945 silly tarball no local data for @aashutoshrathi/word-wrap@https://registry.npmjs.org/@aashutoshrathi/word-wrap/-/word-wrap-1.2.6.tgz. Extracting by manifest.
946 silly tarball no local data for strip-ansi@https://registry.npmjs.org/strip-ansi/-/strip-ansi-7.0.1.tgz. Extracting by manifest.
947 silly tarball no local data for string-width@https://registry.npmjs.org/string-width/-/string-width-5.1.2.tgz. Extracting by manifest.
948 silly tarball no local data for emoji-regex@https://registry.npmjs.org/emoji-regex/-/emoji-regex-9.2.2.tgz. Extracting by manifest.
949 silly tarball no local data for ansi-regex@https://registry.npmjs.org/ansi-regex/-/ansi-regex-6.0.1.tgz. Extracting by manifest.
950 silly tarball no local data for strip-ansi@https://registry.npmjs.org/strip-ansi/-/strip-ansi-7.0.1.tgz. Extracting by manifest.
951 silly tarball no local data for ansi-regex@https://registry.npmjs.org/ansi-regex/-/ansi-regex-6.0.1.tgz. Extracting by manifest.
952 silly tarball no local data for string-width@https://registry.npmjs.org/string-width/-/string-width-5.1.2.tgz. Extracting by manifest.
953 silly tarball no local data for emoji-regex@https://registry.npmjs.org/emoji-regex/-/emoji-regex-9.2.2.tgz. Extracting by manifest.
954 silly tarball no local data for ansi-styles@https://registry.npmjs.org/ansi-styles/-/ansi-styles-6.1.0.tgz. Extracting by manifest.
955 silly tarball no local data for interpret@https://registry.npmjs.org/interpret/-/interpret-3.1.1.tgz. Extracting by manifest.
956 silly tarball no local data for estraverse@https://registry.npmjs.org/estraverse/-/estraverse-4.3.0.tgz. Extracting by manifest.
957 silly tarball no local data for schema-utils@https://registry.npmjs.org/schema-utils/-/schema-utils-3.3.0.tgz. Extracting by manifest.
958 silly tarball no local data for graceful-fs@https://registry.npmjs.org/graceful-fs/-/graceful-fs-4.2.11.tgz. Extracting by manifest.
959 silly tarball no local data for eslint-scope@https://registry.npmjs.org/eslint-scope/-/eslint-scope-5.1.1.tgz. Extracting by manifest.
960 silly tarball no local data for chalk@https://registry.npmjs.org/chalk/-/chalk-5.0.1.tgz. Extracting by manifest.
961 silly tarball no local data for strip-bom@https://registry.npmjs.org/strip-bom/-/strip-bom-3.0.0.tgz. Extracting by manifest.
962 silly tarball no local data for json5@https://registry.npmjs.org/json5/-/json5-1.0.2.tgz. Extracting by manifest.
963 silly tarball no local data for glob@https://registry.npmjs.org/glob/-/glob-7.2.3.tgz. Extracting by manifest.
964 silly tarball no local data for schema-utils@https://registry.npmjs.org/schema-utils/-/schema-utils-3.3.0.tgz. Extracting by manifest.
965 silly tarball no local data for source-map-support@https://registry.npmjs.org/source-map-support/-/source-map-support-0.5.21.tgz. Extracting by manifest.
966 silly tarball no local data for supports-color@https://registry.npmjs.org/supports-color/-/supports-color-8.1.1.tgz. Extracting by manifest.
967 silly tarball no local data for commander@https://registry.npmjs.org/commander/-/commander-2.20.3.tgz. Extracting by manifest.
968 silly tarball no local data for jest-worker@https://registry.npmjs.org/jest-worker/-/jest-worker-27.5.1.tgz. Extracting by manifest.
969 silly tarball no local data for chownr@https://registry.npmjs.org/chownr/-/chownr-1.1.4.tgz. Extracting by manifest.
970 silly tarball no local data for minipass@https://registry.npmjs.org/minipass/-/minipass-7.0.4.tgz. Extracting by manifest.
971 silly tarball no local data for escape-string-regexp@https://registry.npmjs.org/escape-string-regexp/-/escape-string-regexp-2.0.0.tgz. Extracting by manifest.
972 silly tarball no local data for socks-proxy-agent@https://registry.npmjs.org/socks-proxy-agent/-/socks-proxy-agent-6.2.1.tgz. Extracting by manifest.
973 silly tarball no local data for node-gyp@https://registry.npmjs.org/node-gyp/-/node-gyp-8.4.1.tgz. Extracting by manifest.
974 silly tarball no local data for ssri@https://registry.npmjs.org/ssri/-/ssri-8.0.1.tgz. Extracting by manifest.
975 silly tarball no local data for lru-cache@https://registry.npmjs.org/lru-cache/-/lru-cache-6.0.0.tgz. Extracting by manifest.
976 silly tarball no local data for node-addon-api@https://registry.npmjs.org/node-addon-api/-/node-addon-api-7.1.0.tgz. Extracting by manifest.
977 silly tarball no local data for make-fetch-happen@https://registry.npmjs.org/make-fetch-happen/-/make-fetch-happen-9.1.0.tgz. Extracting by manifest.
978 silly tarball no local data for http-proxy-agent@https://registry.npmjs.org/http-proxy-agent/-/http-proxy-agent-4.0.1.tgz. Extracting by manifest.
979 silly tarball no local data for glob@https://registry.npmjs.org/glob/-/glob-7.2.3.tgz. Extracting by manifest.
980 silly tarball no local data for minipass-fetch@https://registry.npmjs.org/minipass-fetch/-/minipass-fetch-1.4.1.tgz. Extracting by manifest.
981 silly tarball no local data for @tootallnate/once@https://registry.npmjs.org/@tootallnate/once/-/once-1.1.2.tgz. Extracting by manifest.
982 silly tarball no local data for cacache@https://registry.npmjs.org/cacache/-/cacache-15.3.0.tgz. Extracting by manifest.
983 silly tarball no local data for @npmcli/fs@https://registry.npmjs.org/@npmcli/fs/-/fs-1.1.1.tgz. Extracting by manifest.
984 silly tarball no local data for yargs-parser@https://registry.npmjs.org/yargs-parser/-/yargs-parser-20.2.9.tgz. Extracting by manifest.
985 silly tarball no local data for @npmcli/move-file@https://registry.npmjs.org/@npmcli/move-file/-/move-file-1.1.2.tgz. Extracting by manifest.
986 silly tarball no local data for wrap-ansi@https://registry.npmjs.org/wrap-ansi/-/wrap-ansi-7.0.0.tgz. Extracting by manifest.
987 silly tarball no local data for yargs@https://registry.npmjs.org/yargs/-/yargs-16.2.0.tgz. Extracting by manifest.
988 silly tarball no local data for cliui@https://registry.npmjs.org/cliui/-/cliui-7.0.4.tgz. Extracting by manifest.
989 silly tarball no local data for json-schema-traverse@https://registry.npmjs.org/json-schema-traverse/-/json-schema-traverse-1.0.0.tgz. Extracting by manifest.
990 silly tarball no local data for ajv-keywords@https://registry.npmjs.org/ajv-keywords/-/ajv-keywords-5.1.0.tgz. Extracting by manifest.
991 silly tarball no local data for lru-cache@https://registry.npmjs.org/lru-cache/-/lru-cache-6.0.0.tgz. Extracting by manifest.
992 silly tarball no local data for ajv@https://registry.npmjs.org/ajv/-/ajv-8.11.0.tgz. Extracting by manifest.
993 silly tarball no local data for glob@https://registry.npmjs.org/glob/-/glob-7.2.3.tgz. Extracting by manifest.
994 silly tarball no local data for json-parse-even-better-errors@https://registry.npmjs.org/json-parse-even-better-errors/-/json-parse-even-better-errors-3.0.1.tgz. Extracting by manifest.
995 silly tarball no local data for lowercase-keys@https://registry.npmjs.org/lowercase-keys/-/lowercase-keys-2.0.0.tgz. Extracting by manifest.
996 silly tarball no local data for json-parse-even-better-errors@https://registry.npmjs.org/json-parse-even-better-errors/-/json-parse-even-better-errors-3.0.1.tgz. Extracting by manifest.
997 silly tarball no local data for strip-json-comments@https://registry.npmjs.org/strip-json-comments/-/strip-json-comments-2.0.1.tgz. Extracting by manifest.
998 silly tarball no local data for ini@https://registry.npmjs.org/ini/-/ini-1.3.8.tgz. Extracting by manifest.
999 silly tarball no local data for kleur@https://registry.npmjs.org/kleur/-/kleur-4.1.5.tgz. Extracting by manifest.
1000 silly tarball no local data for path-exists@https://registry.npmjs.org/path-exists/-/path-exists-3.0.0.tgz. Extracting by manifest.
1001 silly tarball no local data for p-locate@https://registry.npmjs.org/p-locate/-/p-locate-3.0.0.tgz. Extracting by manifest.
1002 silly tarball no local data for ansi-styles@https://registry.npmjs.org/ansi-styles/-/ansi-styles-5.2.0.tgz. Extracting by manifest.
1003 silly tarball no local data for locate-path@https://registry.npmjs.org/locate-path/-/locate-path-3.0.0.tgz. Extracting by manifest.
1004 silly tarball no local data for p-limit@https://registry.npmjs.org/p-limit/-/p-limit-2.3.0.tgz. Extracting by manifest.
1005 silly tarball no local data for find-up@https://registry.npmjs.org/find-up/-/find-up-3.0.0.tgz. Extracting by manifest.
1006 silly tarball no local data for p-limit@https://registry.npmjs.org/p-limit/-/p-limit-2.3.0.tgz. Extracting by manifest.
1007 silly tarball no local data for p-locate@https://registry.npmjs.org/p-locate/-/p-locate-4.1.0.tgz. Extracting by manifest.
1008 silly tarball no local data for find-up@https://registry.npmjs.org/find-up/-/find-up-4.1.0.tgz. Extracting by manifest.
1009 silly tarball no local data for locate-path@https://registry.npmjs.org/locate-path/-/locate-path-5.0.0.tgz. Extracting by manifest.
1010 silly tarball no local data for readable-stream@https://registry.npmjs.org/readable-stream/-/readable-stream-4.5.2.tgz. Extracting by manifest.
1011 silly tarball no local data for help-me@https://registry.npmjs.org/help-me/-/help-me-5.0.0.tgz. Extracting by manifest.
1012 silly tarball no local data for buffer@https://registry.npmjs.org/buffer/-/buffer-6.0.3.tgz. Extracting by manifest.
1013 silly tarball no local data for readable-stream@https://registry.npmjs.org/readable-stream/-/readable-stream-4.5.2.tgz. Extracting by manifest.
1014 silly tarball no local data for split2@https://registry.npmjs.org/split2/-/split2-4.2.0.tgz. Extracting by manifest.
1015 silly tarball no local data for split2@https://registry.npmjs.org/split2/-/split2-4.2.0.tgz. Extracting by manifest.
1016 silly tarball no local data for buffer@https://registry.npmjs.org/buffer/-/buffer-6.0.3.tgz. Extracting by manifest.
1017 silly tarball no local data for pg-connection-string@https://registry.npmjs.org/pg-connection-string/-/pg-connection-string-2.6.4.tgz. Extracting by manifest.
1018 silly tarball no local data for minipass@https://registry.npmjs.org/minipass/-/minipass-7.0.4.tgz. Extracting by manifest.
1019 silly tarball no local data for lru-cache@https://registry.npmjs.org/lru-cache/-/lru-cache-10.2.0.tgz. Extracting by manifest.
1020 silly tarball no local data for minipass@https://registry.npmjs.org/minipass/-/minipass-5.0.0.tgz. Extracting by manifest.
1021 silly tarball no local data for fs-minipass@https://registry.npmjs.org/fs-minipass/-/fs-minipass-3.0.3.tgz. Extracting by manifest.
1022 silly tarball no local data for json-schema-traverse@https://registry.npmjs.org/json-schema-traverse/-/json-schema-traverse-1.0.0.tgz. Extracting by manifest.
1023 silly tarball no local data for ajv@https://registry.npmjs.org/ajv/-/ajv-8.12.0.tgz. Extracting by manifest.
1024 silly tarball no local data for minipass@https://registry.npmjs.org/minipass/-/minipass-7.0.4.tgz. Extracting by manifest.
1025 silly tarball no local data for lru-cache@https://registry.npmjs.org/lru-cache/-/lru-cache-7.18.3.tgz. Extracting by manifest.
1026 silly tarball no local data for minipass@https://registry.npmjs.org/minipass/-/minipass-5.0.0.tgz. Extracting by manifest.
1027 silly tarball no local data for hosted-git-info@https://registry.npmjs.org/hosted-git-info/-/hosted-git-info-6.1.1.tgz. Extracting by manifest.
1028 silly tarball no local data for strip-json-comments@https://registry.npmjs.org/strip-json-comments/-/strip-json-comments-5.0.1.tgz. Extracting by manifest.
1029 silly tarball no local data for strip-ansi@https://registry.npmjs.org/strip-ansi/-/strip-ansi-7.1.0.tgz. Extracting by manifest.
1030 silly tarball no local data for minimatch@https://registry.npmjs.org/minimatch/-/minimatch-9.0.4.tgz. Extracting by manifest.
1031 silly tarball no local data for rimraf@https://registry.npmjs.org/rimraf/-/rimraf-5.0.5.tgz. Extracting by manifest.
1032 silly tarball no local data for ini@https://registry.npmjs.org/ini/-/ini-4.1.2.tgz. Extracting by manifest.
1033 silly tarball no local data for source-map-support@https://registry.npmjs.org/source-map-support/-/source-map-support-0.5.21.tgz. Extracting by manifest.
1034 silly tarball no local data for chalk@https://registry.npmjs.org/chalk/-/chalk-5.3.0.tgz. Extracting by manifest.
1035 silly tarball no local data for ansi-regex@https://registry.npmjs.org/ansi-regex/-/ansi-regex-6.0.1.tgz. Extracting by manifest.
1036 silly tarball no local data for brace-expansion@https://registry.npmjs.org/brace-expansion/-/brace-expansion-2.0.1.tgz. Extracting by manifest.
1037 silly tarball no local data for hosted-git-info@https://registry.npmjs.org/hosted-git-info/-/hosted-git-info-6.1.1.tgz. Extracting by manifest.
1038 silly tarball no local data for lru-cache@https://registry.npmjs.org/lru-cache/-/lru-cache-7.18.3.tgz. Extracting by manifest.
1039 silly tarball no local data for unique-filename@https://registry.npmjs.org/unique-filename/-/unique-filename-2.0.1.tgz. Extracting by manifest.
1040 silly tarball no local data for nopt@https://registry.npmjs.org/nopt/-/nopt-6.0.0.tgz. Extracting by manifest.
1041 silly tarball no local data for unique-slug@https://registry.npmjs.org/unique-slug/-/unique-slug-3.0.0.tgz. Extracting by manifest.
1042 silly tarball no local data for ssri@https://registry.npmjs.org/ssri/-/ssri-9.0.1.tgz. Extracting by manifest.
1043 silly tarball no local data for minipass-fetch@https://registry.npmjs.org/minipass-fetch/-/minipass-fetch-2.1.2.tgz. Extracting by manifest.
1044 silly tarball no local data for make-fetch-happen@https://registry.npmjs.org/make-fetch-happen/-/make-fetch-happen-10.2.1.tgz. Extracting by manifest.
1045 silly tarball no local data for lru-cache@https://registry.npmjs.org/lru-cache/-/lru-cache-7.18.3.tgz. Extracting by manifest.
1046 silly tarball no local data for cacache@https://registry.npmjs.org/cacache/-/cacache-16.1.3.tgz. Extracting by manifest.
1047 silly tarball no local data for glob@https://registry.npmjs.org/glob/-/glob-7.2.3.tgz. Extracting by manifest.
1048 silly tarball no local data for minimatch@https://registry.npmjs.org/minimatch/-/minimatch-5.1.6.tgz. Extracting by manifest.
1049 silly tarball no local data for brace-expansion@https://registry.npmjs.org/brace-expansion/-/brace-expansion-2.0.1.tgz. Extracting by manifest.
1050 silly tarball no local data for glob@https://registry.npmjs.org/glob/-/glob-8.1.0.tgz. Extracting by manifest.
1051 silly tarball no local data for minipass@https://registry.npmjs.org/minipass/-/minipass-7.0.4.tgz. Extracting by manifest.
1052 silly tarball no local data for @npmcli/fs@https://registry.npmjs.org/@npmcli/fs/-/fs-2.1.2.tgz. Extracting by manifest.
1053 silly tarball no local data for minipass@https://registry.npmjs.org/minipass/-/minipass-5.0.0.tgz. Extracting by manifest.
1054 silly tarball no local data for yallist@https://registry.npmjs.org/yallist/-/yallist-3.1.1.tgz. Extracting by manifest.
1055 silly tarball no local data for lru-cache@https://registry.npmjs.org/lru-cache/-/lru-cache-7.18.3.tgz. Extracting by manifest.
1056 silly tarball no local data for nopt@https://registry.npmjs.org/nopt/-/nopt-7.2.0.tgz. Extracting by manifest.
1057 silly tarball no local data for abbrev@https://registry.npmjs.org/abbrev/-/abbrev-2.0.0.tgz. Extracting by manifest.
1058 silly tarball no local data for supports-color@https://registry.npmjs.org/supports-color/-/supports-color-8.1.1.tgz. Extracting by manifest.
1059 silly tarball no local data for glob@https://registry.npmjs.org/glob/-/glob-7.2.3.tgz. Extracting by manifest.
1060 silly tarball no local data for camelcase@https://registry.npmjs.org/camelcase/-/camelcase-6.3.0.tgz. Extracting by manifest.
1061 silly tarball no local data for glob@https://registry.npmjs.org/glob/-/glob-7.2.3.tgz. Extracting by manifest.
1062 silly tarball no local data for acorn@https://registry.npmjs.org/acorn/-/acorn-7.4.1.tgz. Extracting by manifest.
1063 silly tarball no local data for resolve-from@https://registry.npmjs.org/resolve-from/-/resolve-from-4.0.0.tgz. Extracting by manifest.
1064 silly tarball no local data for brace-expansion@https://registry.npmjs.org/brace-expansion/-/brace-expansion-2.0.1.tgz. Extracting by manifest.
1065 silly tarball no local data for lru-cache@https://registry.npmjs.org/lru-cache/-/lru-cache-7.18.3.tgz. Extracting by manifest.
1066 silly tarball no local data for minimatch@https://registry.npmjs.org/minimatch/-/minimatch-9.0.4.tgz. Extracting by manifest.
1067 silly tarball no local data for minimatch@https://registry.npmjs.org/minimatch/-/minimatch-5.1.6.tgz. Extracting by manifest.
1068 silly tarball no local data for brace-expansion@https://registry.npmjs.org/brace-expansion/-/brace-expansion-2.0.1.tgz. Extracting by manifest.
1069 silly tarball no local data for glob@https://registry.npmjs.org/glob/-/glob-8.1.0.tgz. Extracting by manifest.
1070 silly tarball no local data for minipass@https://registry.npmjs.org/minipass/-/minipass-7.0.4.tgz. Extracting by manifest.
1071 silly tarball no local data for brace-expansion@https://registry.npmjs.org/brace-expansion/-/brace-expansion-2.0.1.tgz. Extracting by manifest.
1072 silly tarball no local data for minimatch@https://registry.npmjs.org/minimatch/-/minimatch-9.0.4.tgz. Extracting by manifest.
1073 silly tarball no local data for knex@https://registry.npmjs.org/knex/-/knex-2.5.1.tgz. Extracting by manifest.
1074 silly tarball no local data for signal-exit@https://registry.npmjs.org/signal-exit/-/signal-exit-4.1.0.tgz. Extracting by manifest.
1075 silly tarball no local data for pg-connection-string@https://registry.npmjs.org/pg-connection-string/-/pg-connection-string-2.6.1.tgz. Extracting by manifest.
1076 silly tarball no local data for fastify-plugin@https://registry.npmjs.org/fastify-plugin/-/fastify-plugin-4.5.1.tgz. Extracting by manifest.
1077 silly tarball no local data for fastify-plugin@https://registry.npmjs.org/fastify-plugin/-/fastify-plugin-4.5.1.tgz. Extracting by manifest.
1078 silly tarball no local data for pino-pretty@https://registry.npmjs.org/pino-pretty/-/pino-pretty-10.3.1.tgz. Extracting by manifest.
1079 silly tarball no local data for fastify-plugin@https://registry.npmjs.org/fastify-plugin/-/fastify-plugin-2.3.4.tgz. Extracting by manifest.
1080 silly tarball no local data for readable-stream@https://registry.npmjs.org/readable-stream/-/readable-stream-4.5.2.tgz. Extracting by manifest.
1081 silly tarball no local data for help-me@https://registry.npmjs.org/help-me/-/help-me-5.0.0.tgz. Extracting by manifest.
1082 silly tarball no local data for fastify-plugin@https://registry.npmjs.org/fastify-plugin/-/fastify-plugin-4.5.1.tgz. Extracting by manifest.
1083 silly tarball no local data for buffer@https://registry.npmjs.org/buffer/-/buffer-6.0.3.tgz. Extracting by manifest.
1084 silly tarball no local data for ajv-formats@https://registry.npmjs.org/ajv-formats/-/ajv-formats-3.0.1.tgz. Extracting by manifest.
1085 silly tarball no local data for json-schema-traverse@https://registry.npmjs.org/json-schema-traverse/-/json-schema-traverse-1.0.0.tgz. Extracting by manifest.
1086 silly tarball no local data for ajv@https://registry.npmjs.org/ajv/-/ajv-8.12.0.tgz. Extracting by manifest.
1087 silly tarball no local data for eslint-visitor-keys@https://registry.npmjs.org/eslint-visitor-keys/-/eslint-visitor-keys-4.0.0.tgz. Extracting by manifest.
1088 silly tarball no local data for glob-parent@https://registry.npmjs.org/glob-parent/-/glob-parent-5.1.2.tgz. Extracting by manifest.
1089 silly tarball no local data for doctrine@https://registry.npmjs.org/doctrine/-/doctrine-2.1.0.tgz. Extracting by manifest.
1090 silly tarball no local data for semver@https://registry.npmjs.org/semver/-/semver-6.3.1.tgz. Extracting by manifest.
1091 silly tarball no local data for debug@https://registry.npmjs.org/debug/-/debug-3.2.7.tgz. Extracting by manifest.
1092 silly tarball no local data for debug@https://registry.npmjs.org/debug/-/debug-3.2.7.tgz. Extracting by manifest.
1093 silly tarball no local data for debug@https://registry.npmjs.org/debug/-/debug-3.2.7.tgz. Extracting by manifest.
1094 silly tarball no local data for semver@https://registry.npmjs.org/semver/-/semver-6.3.1.tgz. Extracting by manifest.
1095 silly tarball no local data for globals@https://registry.npmjs.org/globals/-/globals-13.24.0.tgz. Extracting by manifest.
1096 silly tarball no local data for espree@https://registry.npmjs.org/espree/-/espree-9.6.1.tgz. Extracting by manifest.
1097 silly tarball no local data for escape-string-regexp@https://registry.npmjs.org/escape-string-regexp/-/escape-string-regexp-4.0.0.tgz. Extracting by manifest.
1098 silly tarball no local data for minimatch@https://registry.npmjs.org/minimatch/-/minimatch-9.0.1.tgz. Extracting by manifest.
1099 silly tarball no local data for @eslint/eslintrc@https://registry.npmjs.org/@eslint/eslintrc/-/eslintrc-2.1.4.tgz. Extracting by manifest.
1100 silly tarball no local data for @eslint/js@https://registry.npmjs.org/@eslint/js/-/js-8.57.0.tgz. Extracting by manifest.
1101 silly tarball no local data for brace-expansion@https://registry.npmjs.org/brace-expansion/-/brace-expansion-2.0.1.tgz. Extracting by manifest.
1102 silly tarball no local data for mimic-response@https://registry.npmjs.org/mimic-response/-/mimic-response-3.1.0.tgz. Extracting by manifest.
1103 silly tarball no local data for ms@https://registry.npmjs.org/ms/-/ms-2.1.2.tgz. Extracting by manifest.
1104 silly tarball no local data for type-fest@https://registry.npmjs.org/type-fest/-/type-fest-1.4.0.tgz. Extracting by manifest.
1105 silly tarball no local data for ini@https://registry.npmjs.org/ini/-/ini-1.3.8.tgz. Extracting by manifest.
1106 silly tarball no local data for write-file-atomic@https://registry.npmjs.org/write-file-atomic/-/write-file-atomic-3.0.3.tgz. Extracting by manifest.
1107 silly tarball no local data for supports-color@https://registry.npmjs.org/supports-color/-/supports-color-8.1.1.tgz. Extracting by manifest.
1108 silly tarball no local data for glob-parent@https://registry.npmjs.org/glob-parent/-/glob-parent-5.1.2.tgz. Extracting by manifest.
1109 silly tarball no local data for get-stream@https://registry.npmjs.org/get-stream/-/get-stream-5.2.0.tgz. Extracting by manifest.
1110 silly tarball no local data for wrap-ansi@https://registry.npmjs.org/wrap-ansi/-/wrap-ansi-7.0.0.tgz. Extracting by manifest.
1111 silly tarball no local data for lowercase-keys@https://registry.npmjs.org/lowercase-keys/-/lowercase-keys-2.0.0.tgz. Extracting by manifest.
1112 silly tarball no local data for unique-slug@https://registry.npmjs.org/unique-slug/-/unique-slug-4.0.0.tgz. Extracting by manifest.
1113 silly tarball no local data for unique-filename@https://registry.npmjs.org/unique-filename/-/unique-filename-3.0.0.tgz. Extracting by manifest.
1114 silly tarball no local data for lru-cache@https://registry.npmjs.org/lru-cache/-/lru-cache-7.18.3.tgz. Extracting by manifest.
1115 silly tarball no local data for minipass@https://registry.npmjs.org/minipass/-/minipass-7.0.4.tgz. Extracting by manifest.
1116 silly tarball no local data for fs-minipass@https://registry.npmjs.org/fs-minipass/-/fs-minipass-3.0.3.tgz. Extracting by manifest.
1117 silly tarball no local data for type-fest@https://registry.npmjs.org/type-fest/-/type-fest-2.19.0.tgz. Extracting by manifest.
1118 silly tarball no local data for chalk@https://registry.npmjs.org/chalk/-/chalk-5.0.1.tgz. Extracting by manifest.
1119 silly tarball no local data for emoji-regex@https://registry.npmjs.org/emoji-regex/-/emoji-regex-9.2.2.tgz. Extracting by manifest.
1120 silly tarball no local data for strip-ansi@https://registry.npmjs.org/strip-ansi/-/strip-ansi-7.0.1.tgz. Extracting by manifest.
1121 silly tarball no local data for string-width@https://registry.npmjs.org/string-width/-/string-width-5.1.2.tgz. Extracting by manifest.
1122 silly tarball no local data for camelcase@https://registry.npmjs.org/camelcase/-/camelcase-7.0.0.tgz. Extracting by manifest.
1123 silly tarball no local data for ansi-regex@https://registry.npmjs.org/ansi-regex/-/ansi-regex-6.0.1.tgz. Extracting by manifest.
1124 silly tarball no local data for semver@https://registry.npmjs.org/semver/-/semver-6.3.1.tgz. Extracting by manifest.
1125 silly tarball no local data for json-schema-traverse@https://registry.npmjs.org/json-schema-traverse/-/json-schema-traverse-1.0.0.tgz. Extracting by manifest.
1126 silly tarball no local data for istanbul-lib-instrument@https://registry.npmjs.org/istanbul-lib-instrument/-/istanbul-lib-instrument-5.2.1.tgz. Extracting by manifest.
1127 silly tarball no local data for type-fest@https://registry.npmjs.org/type-fest/-/type-fest-0.21.3.tgz. Extracting by manifest.
1128 silly tarball no local data for ajv@https://registry.npmjs.org/ajv/-/ajv-8.11.0.tgz. Extracting by manifest.
1129 silly tarball no local data for depd@https://registry.npmjs.org/depd/-/depd-1.1.2.tgz. Extracting by manifest.
1130 silly tarball no local data for minimatch@https://registry.npmjs.org/minimatch/-/minimatch-9.0.4.tgz. Extracting by manifest.
1131 silly tarball no local data for brace-expansion@https://registry.npmjs.org/brace-expansion/-/brace-expansion-2.0.1.tgz. Extracting by manifest.
1132 silly tarball no local data for which@https://registry.npmjs.org/which/-/which-3.0.1.tgz. Extracting by manifest.
1133 silly tarball no local data for which@https://registry.npmjs.org/which/-/which-3.0.1.tgz. Extracting by manifest.
1134 silly tarball no local data for which@https://registry.npmjs.org/which/-/which-3.0.1.tgz. Extracting by manifest.
1135 silly tarball no local data for p-locate@https://registry.npmjs.org/p-locate/-/p-locate-4.1.0.tgz. Extracting by manifest.
1136 silly tarball no local data for glob@https://registry.npmjs.org/glob/-/glob-7.2.3.tgz. Extracting by manifest.
1137 silly tarball no local data for lru-cache@https://registry.npmjs.org/lru-cache/-/lru-cache-7.18.3.tgz. Extracting by manifest.
1138 silly tarball no local data for locate-path@https://registry.npmjs.org/locate-path/-/locate-path-5.0.0.tgz. Extracting by manifest.
1139 silly tarball no local data for p-limit@https://registry.npmjs.org/p-limit/-/p-limit-2.3.0.tgz. Extracting by manifest.
1140 silly tarball no local data for js-yaml@https://registry.npmjs.org/js-yaml/-/js-yaml-3.14.1.tgz. Extracting by manifest.
1141 silly tarball no local data for argparse@https://registry.npmjs.org/argparse/-/argparse-1.0.10.tgz. Extracting by manifest.
1142 silly tarball no local data for find-up@https://registry.npmjs.org/find-up/-/find-up-4.1.0.tgz. Extracting by manifest.
1143 silly tarball no local data for strip-ansi@https://registry.npmjs.org/strip-ansi/-/strip-ansi-7.1.0.tgz. Extracting by manifest.
1144 silly tarball no local data for emoji-regex@https://registry.npmjs.org/emoji-regex/-/emoji-regex-9.2.2.tgz. Extracting by manifest.
1145 silly tarball no local data for string-width@https://registry.npmjs.org/string-width/-/string-width-5.1.2.tgz. Extracting by manifest.
1146 silly tarball no local data for ansi-regex@https://registry.npmjs.org/ansi-regex/-/ansi-regex-6.0.1.tgz. Extracting by manifest.
1147 silly tarball no local data for fastify-plugin@https://registry.npmjs.org/fastify-plugin/-/fastify-plugin-4.2.0.tgz. Extracting by manifest.
1148 silly tarball no local data for fastify-plugin@https://registry.npmjs.org/fastify-plugin/-/fastify-plugin-4.2.0.tgz. Extracting by manifest.
1149 silly tarball no local data for fastify-plugin@https://registry.npmjs.org/fastify-plugin/-/fastify-plugin-4.5.1.tgz. Extracting by manifest.
1150 silly tarball no local data for fastify-plugin@https://registry.npmjs.org/fastify-plugin/-/fastify-plugin-4.5.1.tgz. Extracting by manifest.
1151 silly tarball no local data for fastify-plugin@https://registry.npmjs.org/fastify-plugin/-/fastify-plugin-4.5.1.tgz. Extracting by manifest.
1152 silly tarball no local data for fastify-plugin@https://registry.npmjs.org/fastify-plugin/-/fastify-plugin-4.5.1.tgz. Extracting by manifest.
1153 silly tarball no local data for fastify-plugin@https://registry.npmjs.org/fastify-plugin/-/fastify-plugin-4.5.1.tgz. Extracting by manifest.
1154 silly tarball no local data for ajv@https://registry.npmjs.org/ajv/-/ajv-8.12.0.tgz. Extracting by manifest.
1155 silly tarball no local data for json-schema-traverse@https://registry.npmjs.org/json-schema-traverse/-/json-schema-traverse-1.0.0.tgz. Extracting by manifest.
1156 silly tarball no local data for globals@https://registry.npmjs.org/globals/-/globals-14.0.0.tgz. Extracting by manifest.
1157 silly tarball no local data for supports-color@https://registry.npmjs.org/supports-color/-/supports-color-5.5.0.tgz. Extracting by manifest.
1158 silly tarball no local data for globals@https://registry.npmjs.org/globals/-/globals-11.12.0.tgz. Extracting by manifest.
1159 silly tarball no local data for has-flag@https://registry.npmjs.org/has-flag/-/has-flag-3.0.0.tgz. Extracting by manifest.
1160 silly tarball no local data for color-convert@https://registry.npmjs.org/color-convert/-/color-convert-1.9.3.tgz. Extracting by manifest.
1161 silly tarball no local data for color-name@https://registry.npmjs.org/color-name/-/color-name-1.1.3.tgz. Extracting by manifest.
1162 silly tarball no local data for ansi-styles@https://registry.npmjs.org/ansi-styles/-/ansi-styles-3.2.1.tgz. Extracting by manifest.
1163 silly tarball no local data for chalk@https://registry.npmjs.org/chalk/-/chalk-2.4.2.tgz. Extracting by manifest.
1164 silly tarball no local data for semver@https://registry.npmjs.org/semver/-/semver-6.3.1.tgz. Extracting by manifest.
1165 silly tarball no local data for semver@https://registry.npmjs.org/semver/-/semver-6.3.1.tgz. Extracting by manifest.
1166 http fetch POST 200 https://registry.npmjs.org/-/npm/v1/security/advisories/bulk 3150ms
1167 timing auditReport:getReport Completed in 3160ms
1168 silly audit report {
1168 silly audit report   '@babel/helpers': [
1168 silly audit report     {
1168 silly audit report       id: 1104001,
1168 silly audit report       url: 'https://github.com/advisories/GHSA-968p-4wvh-cqc8',
1168 silly audit report       title: 'Babel has inefficient RegExp complexity in generated code with .replace when transpiling named capturing groups',
1168 silly audit report       severity: 'moderate',
1168 silly audit report       vulnerable_versions: '<7.26.10',
1168 silly audit report       cwe: [Array],
1168 silly audit report       cvss: [Object]
1168 silly audit report     }
1168 silly audit report   ],
1168 silly audit report   '@babel/runtime': [
1168 silly audit report     {
1168 silly audit report       id: 1104000,
1168 silly audit report       url: 'https://github.com/advisories/GHSA-968p-4wvh-cqc8',
1168 silly audit report       title: 'Babel has inefficient RegExp complexity in generated code with .replace when transpiling named capturing groups',
1168 silly audit report       severity: 'moderate',
1168 silly audit report       vulnerable_versions: '<7.26.10',
1168 silly audit report       cwe: [Array],
1168 silly audit report       cvss: [Object]
1168 silly audit report     }
1168 silly audit report   ],
1168 silly audit report   ajv: [
1168 silly audit report     {
1168 silly audit report       id: 1113714,
1168 silly audit report       url: 'https://github.com/advisories/GHSA-2g4f-4pwh-qvx6',
1168 silly audit report       title: 'ajv has ReDoS when using `$data` option',
1168 silly audit report       severity: 'moderate',
1168 silly audit report       vulnerable_versions: '<6.14.0',
1168 silly audit report       cwe: [Array],
1168 silly audit report       cvss: [Object]
1168 silly audit report     },
1168 silly audit report     {
1168 silly audit report       id: 1113715,
1168 silly audit report       url: 'https://github.com/advisories/GHSA-2g4f-4pwh-qvx6',
1168 silly audit report       title: 'ajv has ReDoS when using `$data` option',
1168 silly audit report       severity: 'moderate',
1168 silly audit report       vulnerable_versions: '>=7.0.0-alpha.0 <8.18.0',
1168 silly audit report       cwe: [Array],
1168 silly audit report       cvss: [Object]
1168 silly audit report     }
1168 silly audit report   ],
1168 silly audit report   'js-yaml': [
1168 silly audit report     {
1168 silly audit report       id: 1112714,
1168 silly audit report       url: 'https://github.com/advisories/GHSA-mh29-5h37-fv8m',
1168 silly audit report       title: 'js-yaml has prototype pollution in merge (<<)',
1168 silly audit report       severity: 'moderate',
1168 silly audit report       vulnerable_versions: '<3.14.2',
1168 silly audit report       cwe: [Array],
1168 silly audit report       cvss: [Object]
1168 silly audit report     },
1168 silly audit report     {
1168 silly audit report       id: 1112715,
1168 silly audit report       url: 'https://github.com/advisories/GHSA-mh29-5h37-fv8m',
1168 silly audit report       title: 'js-yaml has prototype pollution in merge (<<)',
1168 silly audit report       severity: 'moderate',
1168 silly audit report       vulnerable_versions: '>=4.0.0 <4.1.1',
1168 silly audit report       cwe: [Array],
1168 silly audit report       cvss: [Object]
1168 silly audit report     }
1168 silly audit report   ],
1168 silly audit report   glob: [
1168 silly audit report     {
1168 silly audit report       id: 1109842,
1168 silly audit report       url: 'https://github.com/advisories/GHSA-5j98-mcp5-4vw2',
1168 silly audit report       title: 'glob CLI: Command injection via -c/--cmd executes matches with shell:true',
1168 silly audit report       severity: 'high',
1168 silly audit report       vulnerable_versions: '>=10.2.0 <10.5.0',
1168 silly audit report       cwe: [Array],
1168 silly audit report       cvss: [Object]
1168 silly audit report     }
1168 silly audit report   ],
1168 silly audit report   '@tootallnate/once': [
1168 silly audit report     {
1168 silly audit report       id: 1113977,
1168 silly audit report       url: 'https://github.com/advisories/GHSA-vpq2-c234-7xj6',
1168 silly audit report       title: '@tootallnate/once vulnerable to Incorrect Control Flow Scoping',
1168 silly audit report       severity: 'low',
1168 silly audit report       vulnerable_versions: '<3.0.1',
1168 silly audit report       cwe: [Array],
1168 silly audit report       cvss: [Object]
1168 silly audit report     }
1168 silly audit report   ],
1168 silly audit report   'brace-expansion': [
1168 silly audit report     {
1168 silly audit report       id: 1105443,
1168 silly audit report       url: 'https://github.com/advisories/GHSA-v6h2-p8h4-qcjw',
1168 silly audit report       title: 'brace-expansion Regular Expression Denial of Service vulnerability',
1168 silly audit report       severity: 'low',
1168 silly audit report       vulnerable_versions: '>=1.0.0 <=1.1.11',
1168 silly audit report       cwe: [Array],
1168 silly audit report       cvss: [Object]
1168 silly audit report     },
1168 silly audit report     {
1168 silly audit report       id: 1105444,
1168 silly audit report       url: 'https://github.com/advisories/GHSA-v6h2-p8h4-qcjw',
1168 silly audit report       title: 'brace-expansion Regular Expression Denial of Service vulnerability',
1168 silly audit report       severity: 'low',
1168 silly audit report       vulnerable_versions: '>=2.0.0 <=2.0.1',
1168 silly audit report       cwe: [Array],
1168 silly audit report       cvss: [Object]
1168 silly audit report     },
1168 silly audit report     {
1168 silly audit report       id: 1115540,
1168 silly audit report       url: 'https://github.com/advisories/GHSA-f886-m6hf-6m8v',
1168 silly audit report       title: 'brace-expansion: Zero-step sequence causes process hang and memory exhaustion',
1168 silly audit report       severity: 'moderate',
1168 silly audit report       vulnerable_versions: '<1.1.13',
1168 silly audit report       cwe: [Array],
1168 silly audit report       cvss: [Object]
1168 silly audit report     },
1168 silly audit report     {
1168 silly audit report       id: 1115541,
1168 silly audit report       url: 'https://github.com/advisories/GHSA-f886-m6hf-6m8v',
1168 silly audit report       title: 'brace-expansion: Zero-step sequence causes process hang and memory exhaustion',
1168 silly audit report       severity: 'moderate',
1168 silly audit report       vulnerable_versions: '>=2.0.0 <2.0.3',
1168 silly audit report       cwe: [Array],
1168 silly audit report       cvss: [Object]
1168 silly audit report     }
1168 silly audit report   ],
1168 silly audit report   minimatch: [
1168 silly audit report     {
1168 silly audit report       id: 1113459,
1168 silly audit report       url: 'https://github.com/advisories/GHSA-3ppc-4f35-3m26',
1168 silly audit report       title: 'minimatch has a ReDoS via repeated wildcards with non-matching literal in pattern',
1168 silly audit report       severity: 'high',
1168 silly audit report       vulnerable_versions: '<3.1.3',
1168 silly audit report       cwe: [Array],
1168 silly audit report       cvss: [Object]
1168 silly audit report     },
1168 silly audit report     {
1168 silly audit report       id: 1113461,
1168 silly audit report       url: 'https://github.com/advisories/GHSA-3ppc-4f35-3m26',
1168 silly audit report       title: 'minimatch has a ReDoS via repeated wildcards with non-matching literal in pattern',
1168 silly audit report       severity: 'high',
1168 silly audit report       vulnerable_versions: '>=5.0.0 <5.1.7',
1168 silly audit report       cwe: [Array],
1168 silly audit report       cvss: [Object]
1168 silly audit report     },
1168 silly audit report     {
1168 silly audit report       id: 1113465,
1168 silly audit report       url: 'https://github.com/advisories/GHSA-3ppc-4f35-3m26',
1168 silly audit report       title: 'minimatch has a ReDoS via repeated wildcards with non-matching literal in pattern',
1168 silly audit report       severity: 'high',
1168 silly audit report       vulnerable_versions: '>=9.0.0 <9.0.6',
1168 silly audit report       cwe: [Array],
1168 silly audit report       cvss: [Object]
1168 silly audit report     },
1168 silly audit report     {
1168 silly audit report       id: 1113538,
1168 silly audit report       url: 'https://github.com/advisories/GHSA-7r86-cg39-jmmj',
1168 silly audit report       title: 'minimatch has ReDoS: matchOne() combinatorial backtracking via multiple non-adjacent GLOBSTAR segments',
1168 silly audit report       severity: 'high',
1168 silly audit report       vulnerable_versions: '<3.1.3',
1168 silly audit report       cwe: [Array],
1168 silly audit report       cvss: [Object]
1168 silly audit report     },
1168 silly audit report     {
1168 silly audit report       id: 1113540,
1168 silly audit report       url: 'https://github.com/advisories/GHSA-7r86-cg39-jmmj',
1168 silly audit report       title: 'minimatch has ReDoS: matchOne() combinatorial backtracking via multiple non-adjacent GLOBSTAR segments',
1168 silly audit report       severity: 'high',
1168 silly audit report       vulnerable_versions: '>=5.0.0 <5.1.8',
1168 silly audit report       cwe: [Array],
1168 silly audit report       cvss: [Object]
1168 silly audit report     },
1168 silly audit report     {
1168 silly audit report       id: 1113544,
1168 silly audit report       url: 'https://github.com/advisories/GHSA-7r86-cg39-jmmj',
1168 silly audit report       title: 'minimatch has ReDoS: matchOne() combinatorial backtracking via multiple non-adjacent GLOBSTAR segments',
1168 silly audit report       severity: 'high',
1168 silly audit report       vulnerable_versions: '>=9.0.0 <9.0.7',
1168 silly audit report       cwe: [Array],
1168 silly audit report       cvss: [Object]
1168 silly audit report     },
1168 silly audit report     {
1168 silly audit report       id: 1113546,
1168 silly audit report       url: 'https://github.com/advisories/GHSA-23c5-xmqv-rm74',
1168 silly audit report       title: 'minimatch ReDoS: nested *() extglobs generate catastrophically backtracking regular expressions',
1168 silly audit report       severity: 'high',
1168 silly audit report       vulnerable_versions: '<3.1.4',
1168 silly audit report       cwe: [Array],
1168 silly audit report       cvss: [Object]
1168 silly audit report     },
1168 silly audit report     {
1168 silly audit report       id: 1113548,
1168 silly audit report       url: 'https://github.com/advisories/GHSA-23c5-xmqv-rm74',
1168 silly audit report       title: 'minimatch ReDoS: nested *() extglobs generate catastrophically backtracking regular expressions',
1168 silly audit report       severity: 'high',
1168 silly audit report       vulnerable_versions: '>=5.0.0 <5.1.8',
1168 silly audit report       cwe: [Array],
1168 silly audit report       cvss: [Object]
1168 silly audit report     },
1168 silly audit report     {
1168 silly audit report       id: 1113552,
1168 silly audit report       url: 'https://github.com/advisories/GHSA-23c5-xmqv-rm74',
1168 silly audit report       title: 'minimatch ReDoS: nested *() extglobs generate catastrophically backtracking regular expressions',
1168 silly audit report       severity: 'high',
1168 silly audit report       vulnerable_versions: '>=9.0.0 <9.0.7',
1168 silly audit report       cwe: [Array],
1168 silly audit report       cvss: [Object]
1168 silly audit report     }
1168 silly audit report   ],
1168 silly audit report   braces: [
1168 silly audit report     {
1168 silly audit report       id: 1098094,
1168 silly audit report       url: 'https://github.com/advisories/GHSA-grv7-fg5c-xmjg',
1168 silly audit report       title: 'Uncontrolled resource consumption in braces',
1168 silly audit report       severity: 'high',
1168 silly audit report       vulnerable_versions: '<3.0.3',
1168 silly audit report       cwe: [Array],
1168 silly audit report       cvss: [Object]
1168 silly audit report     }
1168 silly audit report   ],
1168 silly audit report   cookie: [
1168 silly audit report     {
1168 silly audit report       id: 1103907,
1168 silly audit report       url: 'https://github.com/advisories/GHSA-pxg6-pf52-xh8x',
1168 silly audit report       title: 'cookie accepts cookie name, path, and domain with out of bounds characters',
1168 silly audit report       severity: 'low',
1168 silly audit report       vulnerable_versions: '<0.7.0',
1168 silly audit report       cwe: [Array],
1168 silly audit report       cvss: [Object]
1168 silly audit report     }
1168 silly audit report   ],
1168 silly audit report   'cross-spawn': [
1168 silly audit report     {
1168 silly audit report       id: 1104664,
1168 silly audit report       url: 'https://github.com/advisories/GHSA-3xgq-45jj-v275',
1168 silly audit report       title: 'Regular Expression Denial of Service (ReDoS) in cross-spawn',
1168 silly audit report       severity: 'high',
1168 silly audit report       vulnerable_versions: '>=7.0.0 <7.0.5',
1168 silly audit report       cwe: [Array],
1168 silly audit report       cvss: [Object]
1168 silly audit report     }
1168 silly audit report   ],
1168 silly audit report   dottie: [
1168 silly audit report     {
1168 silly audit report       id: 1113536,
1168 silly audit report       url: 'https://github.com/advisories/GHSA-r5mx-6wc6-7h9w',
1168 silly audit report       title: 'dottie is vulnerable to Prototype Pollution bypass via non-first path segments in set() and transform()',
1168 silly audit report       severity: 'moderate',
1168 silly audit report       vulnerable_versions: '>=2.0.4 <=2.0.6',
1168 silly audit report       cwe: [Array],
1168 silly audit report       cvss: [Object]
1168 silly audit report     }
1168 silly audit report   ],
1168 silly audit report   fastify: [
1168 silly audit report     {
1168 silly audit report       id: 1112876,
1168 silly audit report       url: 'https://github.com/advisories/GHSA-mrq3-vjjr-p77c',
1168 silly audit report       title: 'Fastify Vulnerable to DoS via Unbounded Memory Allocation in sendWebStream',
1168 silly audit report       severity: 'low',
1168 silly audit report       vulnerable_versions: '<=5.7.2',
1168 silly audit report       cwe: [Array],
1168 silly audit report       cvss: [Object]
1168 silly audit report     },
1168 silly audit report     {
1168 silly audit report       id: 1112877,
1168 silly audit report       url: 'https://github.com/advisories/GHSA-jx2c-rxcm-jvmq',
1168 silly audit report       title: "Fastify's Content-Type header tab character allows body validation bypass",
1168 silly audit report       severity: 'high',
1168 silly audit report       vulnerable_versions: '<5.7.2',
1168 silly audit report       cwe: [Array],
1168 silly audit report       cvss: [Object]
1168 silly audit report     },
1168 silly audit report     {
1168 silly audit report       id: 1115367,
1168 silly audit report       url: 'https://github.com/advisories/GHSA-444r-cwp2-x5xf',
1168 silly audit report       title: 'fastify: request.protocol and request.host Spoofable via X-Forwarded-Proto/Host from Untrusted Connections',
1168 silly audit report       severity: 'moderate',
1168 silly audit report       vulnerable_versions: '<=5.8.2',
1168 silly audit report       cwe: [Array],
1168 silly audit report       cvss: [Object]
1168 silly audit report     }
1168 silly audit report   ],
1168 silly audit report   'find-my-way': [
1168 silly audit report     {
1168 silly audit report       id: 1099853,
1168 silly audit report       url: 'https://github.com/advisories/GHSA-rrr8-f88r-h8q6',
1168 silly audit report       title: 'find-my-way has a ReDoS vulnerability in multiparametric routes',
1168 silly audit report       severity: 'high',
1168 silly audit report       vulnerable_versions: '>=5.5.0 <8.2.2',
1168 silly audit report       cwe: [Array],
1168 silly audit report       cvss: [Object]
1168 silly audit report     }
1168 silly audit report   ],
1168 silly audit report   flatted: [
1168 silly audit report     {
1168 silly audit report       id: 1114526,
1168 silly audit report       url: 'https://github.com/advisories/GHSA-25h7-pfq9-p65f',
1168 silly audit report       title: 'flatted vulnerable to unbounded recursion DoS in parse() revive phase',
1168 silly audit report       severity: 'high',
1168 silly audit report       vulnerable_versions: '<3.4.0',
1168 silly audit report       cwe: [Array],
1168 silly audit report       cvss: [Object]
1168 silly audit report     },
1168 silly audit report     {
1168 silly audit report       id: 1115357,
1168 silly audit report       url: 'https://github.com/advisories/GHSA-rf6f-7fwh-wjgh',
1168 silly audit report       title: 'Prototype Pollution via parse() in NodeJS flatted',
1168 silly audit report       severity: 'high',
1168 silly audit report       vulnerable_versions: '<=3.4.1',
1168 silly audit report       cwe: [Array],
1168 silly audit report       cvss: [Object]
1168 silly audit report     }
1168 silly audit report   ],
1168 silly audit report   ip: [
1168 silly audit report     {
1168 silly audit report       id: 1101851,
1168 silly audit report       url: 'https://github.com/advisories/GHSA-2p57-rm9w-gvfp',
1168 silly audit report       title: 'ip SSRF improper categorization in isPublic',
1168 silly audit report       severity: 'high',
1168 silly audit report       vulnerable_versions: '<=2.0.1',
1168 silly audit report       cwe: [Array],
1168 silly audit report       cvss: [Object]
1168 silly audit report     },
1168 silly audit report     {
1168 silly audit report       id: 1114832,
1168 silly audit report       url: 'https://github.com/advisories/GHSA-78xj-cgh5-2h22',
1168 silly audit report       title: 'NPM IP package incorrectly identifies some private IP addresses as public',
1168 silly audit report       severity: 'low',
1168 silly audit report       vulnerable_versions: '=2.0.0',
1168 silly audit report       cwe: [Array],
1168 silly audit report       cvss: [Object]
1168 silly audit report     }
1168 silly audit report   ],
1168 silly audit report   lodash: [
1168 silly audit report     {
1168 silly audit report       id: 1112455,
1168 silly audit report       url: 'https://github.com/advisories/GHSA-xxjr-mmjv-4gpg',
1168 silly audit report       title: 'Lodash has Prototype Pollution Vulnerability in `_.unset` and `_.omit` functions',
1168 silly audit report       severity: 'moderate',
1168 silly audit report       vulnerable_versions: '>=4.0.0 <=4.17.22',
1168 silly audit report       cwe: [Array],
1168 silly audit report       cvss: [Object]
1168 silly audit report     },
1168 silly audit report     {
1168 silly audit report       id: 1115806,
1168 silly audit report       url: 'https://github.com/advisories/GHSA-r5fr-rjxr-66jc',
1168 silly audit report       title: 'lodash vulnerable to Code Injection via `_.template` imports key names',
1168 silly audit report       severity: 'high',
1168 silly audit report       vulnerable_versions: '>=4.0.0 <=4.17.23',
1168 silly audit report       cwe: [Array],
1168 silly audit report       cvss: [Object]
1168 silly audit report     },
1168 silly audit report     {
1168 silly audit report       id: 1115810,
1168 silly audit report       url: 'https://github.com/advisories/GHSA-f23m-r3pf-42rh',
1168 silly audit report       title: 'lodash vulnerable to Prototype Pollution via array path bypass in `_.unset` and `_.omit`',
1168 silly audit report       severity: 'moderate',
1168 silly audit report       vulnerable_versions: '<=4.17.23',
1168 silly audit report       cwe: [Array],
1168 silly audit report       cvss: [Object]
1168 silly audit report     }
1168 silly audit report   ],
1168 silly audit report   'markdown-it': [
1168 silly audit report     {
1168 silly audit report       id: 1113190,
1168 silly audit report       url: 'https://github.com/advisories/GHSA-38c4-r59v-3vqw',
1168 silly audit report       title: 'markdown-it is has a Regular Expression Denial of Service (ReDoS)',
1168 silly audit report       severity: 'moderate',
1168 silly audit report       vulnerable_versions: '>=13.0.0 <14.1.1',
1168 silly audit report       cwe: [Array],
1168 silly audit report       cvss: [Object]
1168 silly audit report     }
1168 silly audit report   ],
1168 silly audit report   micromatch: [
1168 silly audit report     {
1168 silly audit report       id: 1098681,
1168 silly audit report       url: 'https://github.com/advisories/GHSA-952p-6rrq-rcjv',
1168 silly audit report       title: 'Regular Expression Denial of Service (ReDoS) in micromatch',
1168 silly audit report       severity: 'moderate',
1168 silly audit report       vulnerable_versions: '<4.0.8',
1168 silly audit report       cwe: [Array],
1168 silly audit report       cvss: [Object]
1168 silly audit report     }
1168 silly audit report   ],
1168 silly audit report   nanoid: [
1168 silly audit report     {
1168 silly audit report       id: 1109563,
1168 silly audit report       url: 'https://github.com/advisories/GHSA-mwcw-c2x4-8c55',
1168 silly audit report       title: 'Predictable results in nanoid generation when given non-integer values',
1168 silly audit report       severity: 'moderate',
1168 silly audit report       vulnerable_versions: '<3.3.8',
1168 silly audit report       cwe: [Array],
1168 silly audit report       cvss: [Object]
1168 silly audit report     }
1168 silly audit report   ],
1168 silly audit report   'path-to-regexp': [
1168 silly audit report     {
1168 silly audit report       id: 1101846,
1168 silly audit report       url: 'https://github.com/advisories/GHSA-9wv6-86v2-598j',
1168 silly audit report       title: 'path-to-regexp outputs backtracking regular expressions',
1168 silly audit report       severity: 'high',
1168 silly audit report       vulnerable_versions: '>=4.0.0 <6.3.0',
1168 silly audit report       cwe: [Array],
1168 silly audit report       cvss: [Object]
1168 silly audit report     }
1168 silly audit report   ],
1168 silly audit report   picomatch: [
1168 silly audit report     {
1168 silly audit report       id: 1115549,
1168 silly audit report       url: 'https://github.com/advisories/GHSA-3v7f-55p6-f55p',
1168 silly audit report       title: 'Picomatch: Method Injection in POSIX Character Classes causes incorrect Glob Matching',
1168 silly audit report       severity: 'moderate',
1168 silly audit report       vulnerable_versions: '<2.3.2',
1168 silly audit report       cwe: [Array],
1168 silly audit report       cvss: [Object]
1168 silly audit report     },
1168 silly audit report     {
1168 silly audit report       id: 1115552,
1168 silly audit report       url: 'https://github.com/advisories/GHSA-c2c7-rcm5-vvqj',
1168 silly audit report       title: 'Picomatch has a ReDoS vulnerability via extglob quantifiers',
1168 silly audit report       severity: 'high',
1168 silly audit report       vulnerable_versions: '<2.3.2',
1168 silly audit report       cwe: [Array],
1168 silly audit report       cvss: [Object]
1168 silly audit report     }
1168 silly audit report   ],
1168 silly audit report   postcss: [
1168 silly audit report     {
1168 silly audit report       id: 1117015,
1168 silly audit report       url: 'https://github.com/advisories/GHSA-qx2v-qp2m-jg93',
1168 silly audit report       title: 'PostCSS has XSS via Unescaped </style> in its CSS Stringify Output',
1168 silly audit report       severity: 'moderate',
1168 silly audit report       vulnerable_versions: '<8.5.10',
1168 silly audit report       cwe: [Array],
1168 silly audit report       cvss: [Object]
1168 silly audit report     }
1168 silly audit report   ],
1168 silly audit report   pug: [
1168 silly audit report     {
1168 silly audit report       id: 1104111,
1168 silly audit report       url: 'https://github.com/advisories/GHSA-3965-hpx2-q597',
1168 silly audit report       title: 'Pug allows JavaScript code execution if an application accepts untrusted input',
1168 silly audit report       severity: 'moderate',
1168 silly audit report       vulnerable_versions: '<=3.0.2',
1168 silly audit report       cwe: [Array],
1168 silly audit report       cvss: [Object]
1168 silly audit report     }
1168 silly audit report   ],
1168 silly audit report   'pug-code-gen': [
1168 silly audit report     {
1168 silly audit report       id: 1104107,
1168 silly audit report       url: 'https://github.com/advisories/GHSA-3965-hpx2-q597',
1168 silly audit report       title: 'Pug allows JavaScript code execution if an application accepts untrusted input',
1168 silly audit report       severity: 'moderate',
1168 silly audit report       vulnerable_versions: '<=3.0.2',
1168 silly audit report       cwe: [Array],
1168 silly audit report       cvss: [Object]
1168 silly audit report     }
1168 silly audit report   ],
1168 silly audit report   qs: [
1168 silly audit report     {
1168 silly audit report       id: 1113161,
1168 silly audit report       url: 'https://github.com/advisories/GHSA-w7fw-mjwx-w883',
1168 silly audit report       title: "qs's arrayLimit bypass in comma parsing allows denial of service",
1168 silly audit report       severity: 'low',
1168 silly audit report       vulnerable_versions: '>=6.7.0 <=6.14.1',
1168 silly audit report       cwe: [Array],
1168 silly audit report       cvss: [Object]
1168 silly audit report     },
1168 silly audit report     {
1168 silly audit report       id: 1113719,
1168 silly audit report       url: 'https://github.com/advisories/GHSA-6rw7-vpxm-498p',
1168 silly audit report       title: "qs's arrayLimit bypass in its bracket notation allows DoS via memory exhaustion",
1168 silly audit report       severity: 'moderate',
1168 silly audit report       vulnerable_versions: '<6.14.1',
1168 silly audit report       cwe: [Array],
1168 silly audit report       cvss: [Object]
1168 silly audit report     }
1168 silly audit report   ],
1168 silly audit report   sequelize: [
1168 silly audit report     {
1168 silly audit report       id: 1114318,
1168 silly audit report       url: 'https://github.com/advisories/GHSA-6457-6jrx-69cr',
1168 silly audit report       title: 'Sequelize v6 Vulnerable to SQL Injection via JSON Column Cast Type',
1168 silly audit report       severity: 'high',
1168 silly audit report       vulnerable_versions: '>=6.0.0-beta.1 <=6.37.7',
1168 silly audit report       cwe: [Array],
1168 silly audit report       cvss: [Object]
1168 silly audit report     }
1168 silly audit report   ],
1168 silly audit report   'serialize-javascript': [
1168 silly audit report     {
1168 silly audit report       id: 1113686,
1168 silly audit report       url: 'https://github.com/advisories/GHSA-5c6j-r48x-rmvq',
1168 silly audit report       title: 'Serialize JavaScript is Vulnerable to RCE via RegExp.flags and Date.prototype.toISOString()',
1168 silly audit report       severity: 'high',
1168 silly audit report       vulnerable_versions: '<=7.0.2',
1168 silly audit report       cwe: [Array],
1168 silly audit report       cvss: [Object]
1168 silly audit report     },
1168 silly audit report     {
1168 silly audit report       id: 1115723,
1168 silly audit report       url: 'https://github.com/advisories/GHSA-qj8w-gfj5-8c6v',
1168 silly audit report       title: 'Serialize JavaScript has CPU Exhaustion Denial of Service via crafted array-like objects',
1168 silly audit report       severity: 'moderate',
1168 silly audit report       vulnerable_versions: '<7.0.5',
1168 silly audit report       cwe: [Array],
1168 silly audit report       cvss: [Object]
1168 silly audit report     }
1168 silly audit report   ],
1168 silly audit report   tar: [
1168 silly audit report     {
1168 silly audit report       id: 1112659,
1168 silly audit report       url: 'https://github.com/advisories/GHSA-34x7-hfp2-rc4v',
1168 silly audit report       title: 'node-tar Vulnerable to Arbitrary File Creation/Overwrite via Hardlink Path Traversal',
1168 silly audit report       severity: 'high',
1168 silly audit report       vulnerable_versions: '<7.5.7',
1168 silly audit report       cwe: [Array],
1168 silly audit report       cvss: [Object]
1168 silly audit report     },
1168 silly audit report     {
1168 silly audit report       id: 1113300,
1168 silly audit report       url: 'https://github.com/advisories/GHSA-8qq5-rm4j-mr97',
1168 silly audit report       title: 'node-tar is Vulnerable to Arbitrary File Overwrite and Symlink Poisoning via Insufficient Path Sanitization',
1168 silly audit report       severity: 'high',
1168 silly audit report       vulnerable_versions: '<=7.5.2',
1168 silly audit report       cwe: [Array],
1168 silly audit report       cvss: [Object]
1168 silly audit report     },
1168 silly audit report     {
1168 silly audit report       id: 1113375,
1168 silly audit report       url: 'https://github.com/advisories/GHSA-83g3-92jg-28cx',
1168 silly audit report       title: 'Arbitrary File Read/Write via Hardlink Target Escape Through Symlink Chain in node-tar Extraction',
1168 silly audit report       severity: 'high',
1168 silly audit report       vulnerable_versions: '<7.5.8',
1168 silly audit report       cwe: [Array],
1168 silly audit report       cvss: [Object]
1168 silly audit report     },
1168 silly audit report     {
1168 silly audit report       id: 1114200,
1168 silly audit report       url: 'https://github.com/advisories/GHSA-qffp-2rhf-9h96',
1168 silly audit report       title: 'tar has Hardlink Path Traversal via Drive-Relative Linkpath',
1168 silly audit report       severity: 'high',
1168 silly audit report       vulnerable_versions: '<=7.5.9',
1168 silly audit report       cwe: [Array],
1168 silly audit report       cvss: [Object]
1168 silly audit report     },
1168 silly audit report     {
1168 silly audit report       id: 1114302,
1168 silly audit report       url: 'https://github.com/advisories/GHSA-9ppj-qmqm-q256',
1168 silly audit report       title: 'node-tar Symlink Path Traversal via Drive-Relative Linkpath',
1168 silly audit report       severity: 'high',
1168 silly audit report       vulnerable_versions: '<=7.5.10',
1168 silly audit report       cwe: [Array],
1168 silly audit report       cvss: [Object]
1168 silly audit report     },
1168 silly audit report     {
1168 silly audit report       id: 1114680,
1168 silly audit report       url: 'https://github.com/advisories/GHSA-r6q2-hw4h-h46w',
1168 silly audit report       title: 'Race Condition in node-tar Path Reservations via Unicode Ligature Collisions on macOS APFS',
1168 silly audit report       severity: 'high',
1168 silly audit report       vulnerable_versions: '<=7.5.3',
1168 silly audit report       cwe: [Array],
1168 silly audit report       cvss: [Object]
1168 silly audit report     },
1168 silly audit report     {
1168 silly audit report       id: 1097493,
1168 silly audit report       url: 'https://github.com/advisories/GHSA-f5x3-32g6-xq36',
1168 silly audit report       title: 'Denial of service while parsing a tar file due to lack of folders count validation',
1168 silly audit report       severity: 'moderate',
1168 silly audit report       vulnerable_versions: '<6.2.1',
1168 silly audit report       cwe: [Array],
1168 silly audit report       cvss: [Object]
1168 silly audit report     }
1168 silly audit report   ],
1168 silly audit report   'tar-fs': [
1168 silly audit report     {
1168 silly audit report       id: 1109532,
1168 silly audit report       url: 'https://github.com/advisories/GHSA-vj76-c3g6-qr5v',
1168 silly audit report       title: 'tar-fs has a symlink validation bypass if destination directory is predictable with a specific tarball',
1168 silly audit report       severity: 'high',
1168 silly audit report       vulnerable_versions: '>=2.0.0 <2.1.4',
1168 silly audit report       cwe: [Array],
1168 silly audit report       cvss: [Object]
1168 silly audit report     },
1168 silly audit report     {
1168 silly audit report       id: 1109543,
1168 silly audit report       url: 'https://github.com/advisories/GHSA-8cj5-5rvv-wf4v',
1168 silly audit report       title: 'tar-fs can extract outside the specified dir with a specific tarball',
1168 silly audit report       severity: 'high',
1168 silly audit report       vulnerable_versions: '>=2.0.0 <2.1.3',
1168 silly audit report       cwe: [Array],
1168 silly audit report       cvss: [Object]
1168 silly audit report     },
1168 silly audit report     {
1168 silly audit report       id: 1109552,
1168 silly audit report       url: 'https://github.com/advisories/GHSA-pq67-2wwv-3xjx',
1168 silly audit report       title: 'tar-fs Vulnerable to Link Following and Path Traversal via Extracting a Crafted tar File',
1168 silly audit report       severity: 'high',
1168 silly audit report       vulnerable_versions: '>=2.0.0 <2.1.2',
1168 silly audit report       cwe: [Array],
1168 silly audit report       cvss: [Object]
1168 silly audit report     }
1168 silly audit report   ],
1168 silly audit report   validator: [
1168 silly audit report     {
1168 silly audit report       id: 1109241,
1168 silly audit report       url: 'https://github.com/advisories/GHSA-9965-vmph-33xx',
1168 silly audit report       title: 'validator.js has a URL validation bypass vulnerability in its isURL function',
1168 silly audit report       severity: 'moderate',
1168 silly audit report       vulnerable_versions: '<13.15.20',
1168 silly audit report       cwe: [Array],
1168 silly audit report       cvss: [Object]
1168 silly audit report     },
1168 silly audit report     {
1168 silly audit report       id: 1112713,
1168 silly audit report       url: 'https://github.com/advisories/GHSA-vghf-hv5q-vc2g',
1168 silly audit report       title: 'Validator is Vulnerable to Incomplete Filtering of One or More Instances of Special Elements',
1168 silly audit report       severity: 'high',
1168 silly audit report       vulnerable_versions: '<13.15.22',
1168 silly audit report       cwe: [Array],
1168 silly audit report       cvss: [Object]
1168 silly audit report     }
1168 silly audit report   ],
1168 silly audit report   webpack: [
1168 silly audit report     {
1168 silly audit report       id: 1113041,
1168 silly audit report       url: 'https://github.com/advisories/GHSA-8fgc-7cc6-rx7x',
1168 silly audit report       title: 'webpack buildHttp: allowedUris allow-list bypass via URL userinfo (@) leading to build-time SSRF behavior',
1168 silly audit report       severity: 'low',
1168 silly audit report       vulnerable_versions: '>=5.49.0 <=5.104.0',
1168 silly audit report       cwe: [Array],
1168 silly audit report       cvss: [Object]
1168 silly audit report     },
1168 silly audit report     {
1168 silly audit report       id: 1113042,
1168 silly audit report       url: 'https://github.com/advisories/GHSA-38r7-794h-5758',
1168 silly audit report       title: 'webpack buildHttp HttpUriPlugin allowedUris bypass via HTTP redirects → SSRF + cache persistence',
1168 silly audit report       severity: 'low',
1168 silly audit report       vulnerable_versions: '>=5.49.0 <5.104.0',
1168 silly audit report       cwe: [Array],
1168 silly audit report       cvss: [Object]
1168 silly audit report     },
1168 silly audit report     {
1168 silly audit report       id: 1099351,
1168 silly audit report       url: 'https://github.com/advisories/GHSA-4vvj-4cpr-p986',
1168 silly audit report       title: "Webpack's AutoPublicPathRuntimeModule has a DOM Clobbering Gadget that leads to XSS",
1168 silly audit report       severity: 'moderate',
1168 silly audit report       vulnerable_versions: '>=5.0.0-alpha.0 <5.94.0',
1168 silly audit report       cwe: [Array],
1168 silly audit report       cvss: [Object]
1168 silly audit report     }
1168 silly audit report   ]
1168 silly audit report }
1169 timing metavuln:cache:get:security-advisory:@babel/helpers:+NsF1flAI8VENgJn0XVIWaC4lCe3b89AZgBOx219qXn/BdXH1EWl/yD49aHbhQimIG4kna8zgkunsmpiAVwNPQ== Completed in 35ms
1170 timing metavuln:cache:get:security-advisory:@babel/runtime:xDaNmlS3J8LRk7IfDb7e9Gp3gcy/xDr1QZXCKC997SMkqKVemm2guY9vQpRI6omD11L5cfCI+STpoAdxUgnVsA== Completed in 34ms
1171 timing metavuln:cache:get:security-advisory:ajv:u4HOZ0QFYFTDLqnZ5TPSC8VEvP+HMuGcZACJuTqG8bm/gunrgkQwsiiH2pbF9tNIl45RK0sW2ccPzEojb1k0xQ== Completed in 34ms
1172 timing metavuln:cache:get:security-advisory:ajv:URErmxoyazZWR5lFcXpgTkGsbkrUBDlzD8W6txjBw2wZoOC7oHjHFfCrRr/VnGeJvbyUY9E2jxrL8p2XbwfP8g== Completed in 34ms
1173 timing metavuln:cache:get:security-advisory:js-yaml:MQ5RokLIvrWmT8/NQU0dD+jQ+6pFslHlaXx1Z5q7mESITohR8AwLT525ddIc2KvKZYbB1p5yclW3kV4xeRYXEg== Completed in 33ms
1174 timing metavuln:cache:get:security-advisory:js-yaml:621IdjBdZEeVoUcjWGl1jXN0jFDGaf7dIQMeaPVKf5MxqYprJztiOC0OHOUPVoayh7Cq/fTC8L5CqEb98qlE7w== Completed in 33ms
1175 timing metavuln:cache:get:security-advisory:glob:NTB2XjbDOgk4lkd8PZ3tUAm1F3E/ohGF6rl9/3LEO7Z0FDzSR5nWwzd3nUENA3NCNdyeR+35DOC12wPml2IV+g== Completed in 33ms
1176 timing metavuln:cache:get:security-advisory:@tootallnate/once:Bij+qufwr7God+MYI0JIFJYEDFT3IlGllIhDaMb6DB6UZOYpGBBfXc1Jq59Wdg/M2NdGRUO2+zYnIEZHW42YDw== Completed in 34ms
1177 timing metavuln:cache:get:security-advisory:brace-expansion:7IQMvcVTr+svbh5KCx4Kl6FQKJ1GciM03BnJAve/5WYJjUeRzKAIrStVpfachbl3T6a7o8nYlQEVG6Ih0TNXRg== Completed in 33ms
1178 timing metavuln:cache:get:security-advisory:brace-expansion:mClmYqWawCNXseeTBHWiIwZH/2CmFUqPCmosJIeOhAgD9z1v3SayhHAwaWVo8wmeKU/JN9VP4zDBeXaqy3Ay2A== Completed in 29ms
1179 timing metavuln:cache:get:security-advisory:brace-expansion:kIHgu1L8zIy7pY0wp6wYzUm7tst3xTM2tiSYrstcGK/XsO7o4p6zyuUSjq93oH1dvU2tbEvlSW+gaNbGIbeudw== Completed in 29ms
1180 timing metavuln:cache:get:security-advisory:brace-expansion:ZHzAtnciS42HIMtUGajCifTIrkCUkWb93u/V1lJEt9HzdJ+ypMofn/dKgSOaziPQj+WGAcGS7t7WdPUHJBz0LA== Completed in 29ms
1181 timing metavuln:cache:get:security-advisory:minimatch:V/3cIcyAQcG1bwuH0e0PI9Qt5WRtbvb/WOz2mBxAfNzXf+Dvs9G1X05eHjnPq2b0TJY4zXXpqhCAkRAipgk3iQ== Completed in 29ms
1182 timing metavuln:cache:get:security-advisory:minimatch:/utMkAt3a6jSPsaWIJ1J7tAb7G+ccGxNsymbhFTVWOMIyhRZOJ9QR0zn1SNtejrdUO5fsO4RDJKDMI6C5/bkuw== Completed in 28ms
1183 timing metavuln:cache:get:security-advisory:minimatch:B00WbbnnDNaFGA7l9BgrTioYpRMzU4+U8SUF8cn65LwArJAK0O380QwyP/UyxPr7i9XUjX9/AADC41/edu9OrA== Completed in 28ms
1184 timing metavuln:cache:get:security-advisory:minimatch:kx7kRjUmjSYmgQBpfsU82Na4xORZqvqpRRSlOyPLadasPBl0YfFJCjIETC00BG7Gd2omQLizgz8/GnnE/hk+Jw== Completed in 28ms
1185 timing metavuln:cache:get:security-advisory:minimatch:txOieOIAfgHfBPiN09+pYAjPLRzgUOz3D3illtf9vTzeqs41QJZjfj5jVXCi/3ICpBX0YlJi/ghdWSjCJwNtwA== Completed in 28ms
1186 timing metavuln:cache:get:security-advisory:minimatch:tJ9Z2VGWqiQfLaVKxc9K/6Rz1g70Mpl3An4UK+K1lyHdz27vYPzhMIkC4jRGAN2wpssY+8l13Ql259B6zkaX/Q== Completed in 28ms
1187 timing metavuln:cache:get:security-advisory:minimatch:tdaAHfWGUw/nl/W8ALWVH+LvG2E3gvo3P2FI/fVPxm3aZteLxWMOEuk/9iDk5O0/cZN/GRXnabt/mW/bfUoL/g== Completed in 28ms
1188 timing metavuln:cache:get:security-advisory:minimatch:d1vHbFmApmPZ8D7tU5wibuYDk+ODEPdqBqmhQYykwFs/yMixetMkwY01zYVdWNOsg0NvkvSTlNgJ2ddzclruSA== Completed in 28ms
1189 timing metavuln:cache:get:security-advisory:minimatch:IBqefxF0lKwSFXzwGHp5L8khqSaPYY99x0GHtXNH4YxtdIexeL4FFPzrnnBvkhgmGDEWHo3XAgpPYGyM1jidQQ== Completed in 27ms
1190 timing metavuln:cache:get:security-advisory:braces:JiXBFkEDkUnBQLw3PO6emUmmm2JXqgEbh+FhB3SNDS8k6Z0wM20irrfaOjjxYuMxZaKaDudvR037mtEoeqZzXw== Completed in 27ms
1191 timing metavuln:cache:get:security-advisory:cookie:EFt7h/FZLeopARa06+F2CBY5ItUm007mP/cHgZjTJZX1MeIwg3JD7toSioRoDeE8wm5VdkimqlS+CnuPhZqbIg== Completed in 28ms
1192 timing metavuln:cache:get:security-advisory:cross-spawn:PBcc/5P1UEO/1Ba/jUNR65wOzs1wU0Y+m+OOSfB57dG5EajzjbqRMRm0l7MWqcJgHDYM5GoZ36Hm7qAYFlIH3A== Completed in 27ms
1193 timing metavuln:cache:get:security-advisory:dottie:0ACVlgh2XixrZ76V6Aw4AGmXe/vScI8AGIUQKFGZaYZxp4MyNabKSDBfLcT9XlERSFeHYQ9hiMRtZaHo1b3mTw== Completed in 27ms
1194 timing metavuln:cache:get:security-advisory:fastify:5OdrwYv5Xzq+rI3bchsuaHIz85Yyo5gTdhOrQGf2Em7pRhXXR2ur0R7W7qQ6UpWsSxuRBW8Fdp57dyqUhR5/yw== Completed in 26ms
1195 timing metavuln:cache:get:security-advisory:fastify:Mu3bbsgGIQMzQU+JUqKbxbOdmJ9sahc+8jmwkzzm3/7BqYYzReNvhjLjZ9XT5ElUjr+2gUCz/6X6tV16iM+obQ== Completed in 26ms
1196 timing metavuln:cache:get:security-advisory:fastify:vrddC5kD1iC6bjQC2yMAnNLy1/+VmRDX3Vr+8eGmbbd/ikD6VgNiIpwTn2TMS3TAzr8ZR+5OeLpu/4I5U8QBKA== Completed in 26ms
1197 timing metavuln:cache:get:security-advisory:find-my-way:ncPGiupWBmuLy3osYbi6NeA3zAkV0H2ETbz204QySGfjGMvhOUrckXpvAqjVyzsYU9NNJZrPHuMSulTPi+/bfw== Completed in 25ms
1198 timing metavuln:cache:get:security-advisory:flatted:oa7V2KnuHnLCPcrXFvcQLRAa1NASGJm9yZ+B92xpfwxan7PZyVrZjYAHt6LB51PFfA2mM8KGE+VHR+U5X/2uZw== Completed in 25ms
1199 timing metavuln:cache:get:security-advisory:flatted:uMG/3R828PE31LVzr7SnM2pFAXessH3XoRtonZYiGJtZfR5a//VWhmdMxy/RepstCydCDFxkci7fqEuzEvhnAA== Completed in 25ms
1200 timing metavuln:cache:get:security-advisory:ip:FcMhhitnipE8n5zCPiVRq2NLRNmu7UZkoO9lrM5CRC/emGwY5wSoa1+q1Q1Z8SPpfXO9tzox/MNRv7luhyJvqg== Completed in 24ms
1201 timing metavuln:cache:get:security-advisory:ip:kueZWtHx2OlOfcgg7jCuzsMg1G+hSWSz46I4qS9A9YkI1yyLIkm6qmb9EAp6afwx9qKW96Z5AKmkLgtElUvJrg== Completed in 24ms
1202 timing metavuln:cache:get:security-advisory:lodash:OGNA5lR8rR8aeucWHqvJLBV5oaroI/lF2JfG9J2l63dx9uiGUyHuI4ymC6nv+dqWwxtqCIMcqBukiWYEiF5/RQ== Completed in 24ms
1203 timing metavuln:cache:get:security-advisory:lodash:DNnxUw8Ep7p1YCAJl4A30HMQmsK3uaHxA5fhfuTpXJUBgCvmZbKGD7OWAcfQ2u+fc9lY6ap1BhHpARF9oEarxQ== Completed in 24ms
1204 timing metavuln:cache:get:security-advisory:lodash:thshZSsl03tivWaq68PzU+tj1Rdgd6ZGN992B7QB+2oylByv6bvG8a/FXYANJwK5kybQ7+c0hg18JSj4gYikrg== Completed in 23ms
1205 timing metavuln:cache:get:security-advisory:markdown-it:745Vt4mrHCdT8gFHVh7oHROmP4aH4fErXXhbpeVBhtIHmsxTVI7P3rJSdfXZ1iZTBS6GEnTERL4OWUfc4Co9jQ== Completed in 23ms
1206 timing metavuln:cache:get:security-advisory:micromatch:TlYHmS8BZBwkbsPHbTfH2/e91KJnOnqfC63ZoKdiRy+yt6biPd8BwjBdyfPUht1+ZO675I3Gg00RQPYaWiOm8Q== Completed in 23ms
1207 timing metavuln:cache:get:security-advisory:nanoid:SvMVdtEUVO5ESues2DL9aEFMy6oMG+saOn/tNitKJcx7q7CvMfC5ZcstpC8dbnZl5KL/q/3pYBvQrAPBFsC+nQ== Completed in 23ms
1208 timing metavuln:cache:get:security-advisory:path-to-regexp:TmkHz1g6xKc2pnDD1h6+ZDKMikxz0M1BBY/wyR9ER8446AKOUk6gXjoSR2douZ5enAllzNSKaynTW1H+LBi1CA== Completed in 23ms
1209 timing metavuln:cache:get:security-advisory:picomatch:GSQ5ghUF1JWDKMssoydWDVRebjlPePRwktLhrdWzXCq5xeBXdo4Cm9HGHnH2b6P1Nq93YjwPmimVjAx6kge32A== Completed in 23ms
1210 timing metavuln:cache:get:security-advisory:picomatch:H8EHkZXRRUdil3DyUl8tc8lCQUliQzjc5H5D4llqFojH152sBqO1suz3XiNiRQT++wJdWkgXe/zFc/Bbrrz6ng== Completed in 22ms
1211 timing metavuln:cache:get:security-advisory:postcss:685RVq5xScaqegAXk2BRJrsMaZmsz1d/volUoA67iVw3AvHhUlX03u+VPRrmo8iuObcSDvuZF+fuiOnLC9L1uA== Completed in 22ms
1212 timing metavuln:cache:get:security-advisory:pug:q1QCNIb5doZm6I3eRGcu7TI0K8fyc7dAf2McLW9B8u9n+aVFF2mdYrDZecswkGEqvp/OYAJdtseKaRANUQq8pQ== Completed in 22ms
1213 timing metavuln:cache:get:security-advisory:pug-code-gen:jYtA+ua4XfswkuObBtnwWn2fYvQUK4ca+Iv1+bqgs4mXRLiX4zUdwwNSawL0T4CvKtEq8q6TFgvFydQ8OKg+/Q== Completed in 21ms
1214 timing metavuln:cache:get:security-advisory:qs:vVSN+MRVpdux32gCUfPGidHUGmS/0G5Ziwtmb1YXw3NARw1r47LtySeR7yFf/LZ4sKzi41443WWDDZzPHuCh9g== Completed in 21ms
1215 timing metavuln:cache:get:security-advisory:qs:iChjlXxtVMTpyXsUse674XoeCayLW4gF6rE7sQcXvHRFegwpM44fUr9Eqlmsmu+S9udu9w9eZmpzcAcyiUJMIQ== Completed in 20ms
1216 timing metavuln:cache:get:security-advisory:sequelize:wjhMoLZiiqIacD4+V2lI9921Z2ZeJryL/EpzUzvbYcIegwFDJzNWjjO/YQBa50uUmoyjfCuJxHX0z9qwD769Dg== Completed in 20ms
1217 timing metavuln:cache:get:security-advisory:serialize-javascript:VNhzhjSQJJPSfVWQUXMpEy6hsW23faurQllLlGbSJ7QrUHjncb9PKDTQYw8APRVBzMug+7YJc5EWXV6SYvPIiw== Completed in 20ms
1218 timing metavuln:cache:get:security-advisory:serialize-javascript:y5ht5IaVIMjpwL0IZGKIrAJO+O1KQhhG2+VGCBx2lcZuGkhWWkccmfdEpDP4g3jX06lLdfGiDu1+ptdkafpN0Q== Completed in 19ms
1219 timing metavuln:cache:get:security-advisory:tar:qPQeYPFDBIedTWfYK3sbnScF6Ha7ouTs+wgndnz4PT5P+/K+GBD4epoPcYpXlu6AC7gSJlCJTJeuKbYAFoK9PA== Completed in 19ms
1220 timing metavuln:cache:get:security-advisory:tar:cbwMpzkxWE086TmEbj2aUk80Z6hlvP0jzlWS+XiX15JwqEtFzUgHyHj3QX4I6EZYk8tgcYPuNr3hYFVCQY6e3Q== Completed in 19ms
1221 timing metavuln:cache:get:security-advisory:tar:Bbf0Br7FJ1lJBIJDoLLFwjsDrbaYgLVqfrwr0ATzSQWEKW7Xp073S+5zxU9imRf4OqRJHo2MsCDeyKR0KRVsdA== Completed in 19ms
1222 timing metavuln:cache:get:security-advisory:tar:eeMx7uxRjV2T2ub1XcSZGVUMDQllh5SgBOjApRXoDwccZb2xPyoJEKCNDkl/ZQGHcurw9K/Nf+wQF6u7SWH6CQ== Completed in 19ms
1223 timing metavuln:cache:get:security-advisory:tar:UWW3Y4BpqE/fE3Qp2/QBaix5a7TZZoP7gM6asxPYL9ED9MweoK3ryao+Bp0Y6Y8Xds/rmjAafpG21YRYkP3N4g== Completed in 19ms
1224 timing metavuln:cache:get:security-advisory:tar:vbDW3SJe6e2hhLv65iuyXehzCzEAirdu2MloZluu8ApJ5S0mpjZNCz+7tMRaz8WDOzMKfYQKi/M/IfcFNOa3Cw== Completed in 19ms
1225 timing metavuln:cache:get:security-advisory:tar:xsfciMtNhQn+Vb692L8h5HEYBYUJ5Lhjy3bF//LOsKSn8tp0f1hbuDX26k9UtKJNPZjM5uuq2Cxlz3KwL19oJg== Completed in 19ms
1226 timing metavuln:cache:get:security-advisory:tar-fs:cvuUIK3mvYU/u7TShVqDjuuoWy7Jgl2iyysqZzndeGLLwvbCDiePQ/rot9wwSNqpYc8yRaszF/7dU1Uelp1dUw== Completed in 19ms
1227 timing metavuln:cache:get:security-advisory:tar-fs:Ix/Js08sk80rCM814qr/o6ab9zjh7+H8VVJui+xRbBltVjhzX21eodMzpIt77aC2gIFcrK8EEBkOSiDgsanD1w== Completed in 18ms
1228 timing metavuln:cache:get:security-advisory:tar-fs:1dRVXY1/KAgNRzluJejkcnnY74RNVCtUBdSLW4DLR6KPpPmll6CDT96fyxIYOX7Nsq4AChUF8ivPlQmppqQqYw== Completed in 18ms
1229 timing metavuln:cache:get:security-advisory:validator:IkyJOqfhkev0E9tRX4zbgkqtsxJX67cd4upO2f1EheDpncnx522qyf9oLyXwjDcWGeZOQHSqJUAh/kUyYH60qQ== Completed in 18ms
1230 timing metavuln:cache:get:security-advisory:validator:K8tnmsGw+QkTexUmTWxKwuHjWuT7Hea3z5nNI9JdW3F0rI0+n7L2rpU8PIPJJVMbPs2Qmf97TEHw10QorOnMzQ== Completed in 18ms
1231 timing metavuln:cache:get:security-advisory:webpack:IzHFkMfHDC+SV3IL23ZHngntgLDUgyESA9Ge8Mh5rKNVcDpaWLuTZIcoUJg4/bAH+BQlnDzJ4nLfJCy6fOIM0A== Completed in 18ms
1232 timing metavuln:cache:get:security-advisory:webpack:s8eUYzfoKCRSDroeyV91F0huXvDaY4W8tlhzcL2BszFV9dolZHIAn/UZ/7LVU12F35esXqY1PqnhYKHfHcDozQ== Completed in 17ms
1233 timing metavuln:cache:get:security-advisory:webpack:7Pl1j4sHKhCQAEccTmt3XZIEEazRzvyC0TOx07N0G7o5OIhhZ0j0Ji3KSCbTwfmCR/2OHJ3Mx5ZmedDQEQeBbg== Completed in 18ms
1234 http fetch GET 200 https://registry.npmjs.org/youch/-/youch-2.2.2.tgz 2820ms (cache miss)
1235 timing reifyNode:node_modules/youch Completed in 3252ms
1236 http fetch GET 200 https://registry.npmjs.org/@babel%2fhelpers 1803ms (cache miss)
1237 timing metavuln:packument:@babel/helpers Completed in 1805ms
1238 timing metavuln:load:security-advisory:@babel/helpers:1104001 Completed in 5ms
1239 timing metavuln:cache:put:security-advisory:@babel/helpers:+NsF1flAI8VENgJn0XVIWaC4lCe3b89AZgBOx219qXn/BdXH1EWl/yD49aHbhQimIG4kna8zgkunsmpiAVwNPQ== Completed in 5ms
1240 timing metavuln:calculate:security-advisory:@babel/helpers:1104001 Completed in 1816ms
1241 http fetch GET 200 https://registry.npmjs.org/color-convert/-/color-convert-2.0.1.tgz 5825ms (cache miss)
1242 timing reifyNode:node_modules/color-convert Completed in 6633ms
1243 http fetch GET 200 https://registry.npmjs.org/commist/-/commist-3.0.0.tgz 6032ms (cache miss)
1244 timing reifyNode:node_modules/commist Completed in 6837ms
1245 http fetch GET 200 https://registry.npmjs.org/collect-v8-coverage/-/collect-v8-coverage-1.0.2.tgz 6064ms (cache miss)
1246 timing reifyNode:node_modules/collect-v8-coverage Completed in 6879ms
1247 http fetch GET 200 https://registry.npmjs.org/clone-deep/-/clone-deep-4.0.1.tgz 6064ms (cache miss)
1248 timing reifyNode:node_modules/clone-deep Completed in 6879ms
1249 http fetch GET 200 https://registry.npmjs.org/chrome-trace-event/-/chrome-trace-event-1.0.3.tgz 6800ms (cache miss)
1250 timing reifyNode:node_modules/chrome-trace-event Completed in 7618ms
1251 http fetch GET 200 https://registry.npmjs.org/character-parser/-/character-parser-2.2.0.tgz 6800ms (cache miss)
1252 timing reifyNode:node_modules/character-parser Completed in 7619ms
1253 http fetch GET 200 https://registry.npmjs.org/chalk/-/chalk-4.1.2.tgz 6805ms (cache miss)
1254 timing reifyNode:node_modules/chalk Completed in 7625ms
1255 http fetch GET 200 https://registry.npmjs.org/configstore/-/configstore-6.0.0.tgz 6905ms (cache miss)
1256 timing reifyNode:node_modules/configstore Completed in 7711ms
1257 http fetch GET 200 https://registry.npmjs.org/cli-boxes/-/cli-boxes-3.0.0.tgz 7117ms (cache miss)
1258 timing reifyNode:node_modules/cli-boxes Completed in 7933ms
1259 http fetch GET 200 https://registry.npmjs.org/cli-table3/-/cli-table3-0.6.4.tgz 7222ms (cache miss)
1260 timing reifyNode:node_modules/cli-table3 Completed in 8037ms
1261 http fetch GET 200 https://registry.npmjs.org/camelcase/-/camelcase-5.3.1.tgz 7270ms (cache miss)
1262 timing reifyNode:node_modules/camelcase Completed in 8091ms
1263 http fetch GET 200 https://registry.npmjs.org/color-name/-/color-name-1.1.4.tgz 7291ms (cache miss)
1264 timing reifyNode:node_modules/color-name Completed in 8105ms
1265 http fetch GET 200 https://registry.npmjs.org/braces/-/braces-3.0.2.tgz 7314ms (cache miss)
1266 timing reifyNode:node_modules/braces Completed in 8141ms
1267 http fetch GET 200 https://registry.npmjs.org/call-bind/-/call-bind-1.0.7.tgz 7323ms (cache miss)
1268 timing reifyNode:node_modules/call-bind Completed in 8144ms
1269 http fetch GET 200 https://registry.npmjs.org/close-with-grace/-/close-with-grace-1.1.0.tgz 7352ms (cache miss)
1270 timing reifyNode:node_modules/close-with-grace Completed in 8167ms
1271 http fetch GET 200 https://registry.npmjs.org/builtins/-/builtins-5.1.0.tgz 7349ms (cache miss)
1272 timing reifyNode:node_modules/builtins Completed in 8170ms
1273 http fetch GET 200 https://registry.npmjs.org/bl/-/bl-4.1.0.tgz 7343ms (cache miss)
1274 timing reifyNode:node_modules/bl Completed in 8171ms
1275 http fetch GET 200 https://registry.npmjs.org/ci-info/-/ci-info-3.3.2.tgz 7386ms (cache miss)
1276 timing reifyNode:node_modules/ci-info Completed in 8204ms
1277 http fetch GET 200 https://registry.npmjs.org/babel-preset-jest/-/babel-preset-jest-29.6.3.tgz 7470ms (cache miss)
1278 timing reifyNode:node_modules/babel-preset-jest Completed in 8299ms
1279 http fetch GET 200 https://registry.npmjs.org/arraybuffer.prototype.slice/-/arraybuffer.prototype.slice-1.0.3.tgz 7610ms (cache miss)
1280 timing reifyNode:node_modules/arraybuffer.prototype.slice Completed in 8443ms
1281 http fetch GET 200 https://registry.npmjs.org/array-union/-/array-union-2.1.0.tgz 7711ms (cache miss)
1282 timing reifyNode:node_modules/array-union Completed in 8547ms
1283 http fetch GET 200 https://registry.npmjs.org/babel-jest/-/babel-jest-29.7.0.tgz 7720ms (cache miss)
1284 timing reifyNode:node_modules/babel-jest Completed in 8553ms
1285 http fetch GET 200 https://registry.npmjs.org/aggregate-error/-/aggregate-error-3.1.0.tgz 7705ms (cache miss)
1286 timing reifyNode:node_modules/aggregate-error Completed in 8551ms
1287 http fetch GET 200 https://registry.npmjs.org/asap/-/asap-2.0.6.tgz 7723ms (cache miss)
1288 timing reifyNode:node_modules/asap Completed in 8556ms
1289 http fetch GET 200 https://registry.npmjs.org/ajv-formats/-/ajv-formats-2.1.1.tgz 7876ms (cache miss)
1290 timing reifyNode:node_modules/ajv-formats Completed in 8722ms
1291 http fetch GET 200 https://registry.npmjs.org/babel-plugin-jest-hoist/-/babel-plugin-jest-hoist-29.6.3.tgz 8122ms (cache miss)
1292 timing reifyNode:node_modules/babel-plugin-jest-hoist Completed in 8953ms
1293 http fetch GET 200 https://registry.npmjs.org/ansi-escapes/-/ansi-escapes-4.3.2.tgz 8161ms (cache miss)
1294 timing reifyNode:node_modules/ansi-escapes Completed in 9007ms
1295 http fetch GET 200 https://registry.npmjs.org/@webassemblyjs/helper-api-error/-/helper-api-error-1.11.6.tgz 8158ms (cache miss)
1296 timing reifyNode:node_modules/@webassemblyjs/helper-api-error Completed in 9019ms
1297 http fetch GET 200 https://registry.npmjs.org/boxen/-/boxen-7.0.0.tgz 8199ms (cache miss)
1298 timing reifyNode:node_modules/boxen Completed in 9025ms
1299 http fetch GET 200 https://registry.npmjs.org/abbrev/-/abbrev-1.1.1.tgz 8208ms (cache miss)
1300 timing reifyNode:node_modules/abbrev Completed in 9058ms
1301 http fetch GET 200 https://registry.npmjs.org/array.prototype.flatmap/-/array.prototype.flatmap-1.3.2.tgz 8228ms (cache miss)
1302 timing reifyNode:node_modules/array.prototype.flatmap Completed in 9062ms
1303 http fetch GET 200 https://registry.npmjs.org/ansi-styles/-/ansi-styles-4.3.0.tgz 8340ms (cache miss)
1304 timing reifyNode:node_modules/ansi-styles Completed in 9184ms
1305 http fetch GET 200 https://registry.npmjs.org/babel-preset-current-node-syntax/-/babel-preset-current-node-syntax-1.0.1.tgz 8357ms (cache miss)
1306 timing reifyNode:node_modules/babel-preset-current-node-syntax Completed in 9187ms
1307 http fetch GET 200 https://registry.npmjs.org/@webassemblyjs/wasm-edit/-/wasm-edit-1.12.1.tgz 8333ms (cache miss)
1308 timing reifyNode:node_modules/@webassemblyjs/wasm-edit Completed in 9185ms
1309 http fetch GET 200 https://registry.npmjs.org/binary-extensions/-/binary-extensions-2.2.0.tgz 8393ms (cache miss)
1310 timing reifyNode:node_modules/binary-extensions Completed in 9222ms
1311 http fetch GET 200 https://registry.npmjs.org/bindings/-/bindings-1.5.0.tgz 8422ms (cache miss)
1312 timing reifyNode:node_modules/bindings Completed in 9251ms
1313 http fetch GET 200 https://registry.npmjs.org/@types/yargs/-/yargs-17.0.32.tgz 8434ms (cache miss)
1314 timing reifyNode:node_modules/@types/yargs Completed in 9298ms
1315 http fetch GET 200 https://registry.npmjs.org/archy/-/archy-1.0.0.tgz 8511ms (cache miss)
1316 timing reifyNode:node_modules/archy Completed in 9353ms
1317 http fetch GET 200 https://registry.npmjs.org/@webpack-cli/configtest/-/configtest-2.1.1.tgz 8597ms (cache miss)
1318 timing reifyNode:node_modules/@webpack-cli/configtest Completed in 9447ms
1319 http fetch GET 200 https://registry.npmjs.org/@types/stack-trace/-/stack-trace-0.0.29.tgz 8644ms (cache miss)
1320 timing reifyNode:node_modules/@types/stack-trace Completed in 9508ms
1321 http fetch GET 200 https://registry.npmjs.org/@types/json5/-/json5-0.0.29.tgz 8642ms (cache miss)
1322 timing reifyNode:node_modules/@types/json5 Completed in 9508ms
1323 http fetch GET 200 https://registry.npmjs.org/@webassemblyjs/ieee754/-/ieee754-1.11.6.tgz 8653ms (cache miss)
1324 timing reifyNode:node_modules/@webassemblyjs/ieee754 Completed in 9512ms
1325 http fetch GET 200 https://registry.npmjs.org/@types/istanbul-lib-report/-/istanbul-lib-report-3.0.3.tgz 8654ms (cache miss)
1326 timing reifyNode:node_modules/@types/istanbul-lib-report Completed in 9523ms
1327 http fetch GET 200 https://registry.npmjs.org/@sigstore/tuf/-/tuf-1.0.3.tgz 8686ms (cache miss)
1328 timing reifyNode:node_modules/@sigstore/tuf Completed in 9567ms
1329 http fetch GET 200 https://registry.npmjs.org/@types/validator/-/validator-13.11.9.tgz 8745ms (cache miss)
1330 timing reifyNode:node_modules/@types/validator Completed in 9611ms
1331 http fetch GET 200 https://registry.npmjs.org/@types/semver-utils/-/semver-utils-1.1.3.tgz 8752ms (cache miss)
1332 timing reifyNode:node_modules/@types/semver-utils Completed in 9618ms
1333 http fetch GET 200 https://registry.npmjs.org/@tufjs/canonical-json/-/canonical-json-1.0.0.tgz 8738ms (cache miss)
1334 timing reifyNode:node_modules/@tufjs/canonical-json Completed in 9617ms
1335 http fetch GET 200 https://registry.npmjs.org/@webassemblyjs/floating-point-hex-parser/-/floating-point-hex-parser-1.11.6.tgz 8759ms (cache miss)
1336 timing reifyNode:node_modules/@webassemblyjs/floating-point-hex-parser Completed in 9621ms
1337 http fetch GET 200 https://registry.npmjs.org/@types/istanbul-reports/-/istanbul-reports-3.0.4.tgz 8774ms (cache miss)
1338 timing reifyNode:node_modules/@types/istanbul-reports Completed in 9643ms
1339 http fetch GET 200 https://registry.npmjs.org/@npmcli/node-gyp/-/node-gyp-3.0.0.tgz 8783ms (cache miss)
1340 timing reifyNode:node_modules/@npmcli/node-gyp Completed in 9671ms
1341 http fetch GET 200 https://registry.npmjs.org/@npmcli/run-script/-/run-script-6.0.2.tgz 8802ms (cache miss)
1342 timing reifyNode:node_modules/@npmcli/run-script Completed in 9688ms
1343 http fetch GET 200 https://registry.npmjs.org/@sigstore/sign/-/sign-1.0.0.tgz 8812ms (cache miss)
1344 timing reifyNode:node_modules/@sigstore/sign Completed in 9695ms
1345 http fetch GET 200 https://registry.npmjs.org/@webassemblyjs/wasm-opt/-/wasm-opt-1.12.1.tgz 8878ms (cache miss)
1346 timing reifyNode:node_modules/@webassemblyjs/wasm-opt Completed in 9730ms
1347 http fetch GET 200 https://registry.npmjs.org/@jridgewell/set-array/-/set-array-1.2.1.tgz 8861ms (cache miss)
1348 timing reifyNode:node_modules/@jridgewell/set-array Completed in 9758ms
1349 http fetch GET 200 https://registry.npmjs.org/@npmcli/fs/-/fs-3.1.0.tgz 8871ms (cache miss)
1350 timing reifyNode:node_modules/@npmcli/fs Completed in 9764ms
1351 http fetch GET 200 https://registry.npmjs.org/@jest/source-map/-/source-map-29.6.3.tgz 8922ms (cache miss)
1352 timing reifyNode:node_modules/@jest/source-map Completed in 9821ms
1353 http fetch GET 200 https://registry.npmjs.org/chokidar/-/chokidar-3.5.3.tgz 9043ms (cache miss)
1354 timing reifyNode:node_modules/chokidar Completed in 9863ms
1355 http fetch GET 200 https://registry.npmjs.org/@jest/expect/-/expect-29.7.0.tgz 9004ms (cache miss)
1356 timing reifyNode:node_modules/@jest/expect Completed in 9905ms
1357 http fetch GET 200 https://registry.npmjs.org/chownr/-/chownr-2.0.0.tgz 9137ms (cache miss)
1358 timing reifyNode:node_modules/chownr Completed in 9955ms
1359 http fetch GET 200 https://registry.npmjs.org/@jest/expect-utils/-/expect-utils-29.7.0.tgz 9074ms (cache miss)
1360 timing reifyNode:node_modules/@jest/expect-utils Completed in 9976ms
1361 http fetch GET 200 https://registry.npmjs.org/@jridgewell/sourcemap-codec/-/sourcemap-codec-1.4.15.tgz 9082ms (cache miss)
1362 timing reifyNode:node_modules/@jridgewell/sourcemap-codec Completed in 9978ms
1363 http fetch GET 200 https://registry.npmjs.org/@eslint/js/-/js-9.1.1.tgz 9062ms (cache miss)
1364 timing reifyNode:node_modules/@eslint/js Completed in 9974ms
1365 http fetch GET 200 https://registry.npmjs.org/cliui/-/cliui-8.0.1.tgz 9180ms (cache miss)
1366 timing reifyNode:node_modules/cliui Completed in 9996ms
1367 http fetch GET 200 https://registry.npmjs.org/char-regex/-/char-regex-1.0.2.tgz 9176ms (cache miss)
1368 timing reifyNode:node_modules/char-regex Completed in 9996ms
1369 http fetch GET 200 https://registry.npmjs.org/color-support/-/color-support-1.1.3.tgz 9199ms (cache miss)
1370 timing reifyNode:node_modules/color-support Completed in 10005ms
1371 http fetch GET 200 https://registry.npmjs.org/@babel/plugin-syntax-import-meta/-/plugin-syntax-import-meta-7.10.4.tgz 9057ms (cache miss)
1372 timing reifyNode:node_modules/@babel/plugin-syntax-import-meta Completed in 9983ms
1373 http fetch GET 200 https://registry.npmjs.org/clean-stack/-/clean-stack-2.2.0.tgz 9239ms (cache miss)
1374 timing reifyNode:node_modules/clean-stack Completed in 10056ms
1375 http fetch GET 200 https://registry.npmjs.org/@babel/plugin-syntax-json-strings/-/plugin-syntax-json-strings-7.8.3.tgz 9116ms (cache miss)
1376 timing reifyNode:node_modules/@babel/plugin-syntax-json-strings Completed in 10042ms
1377 http fetch GET 200 https://registry.npmjs.org/@babel/helper-split-export-declaration/-/helper-split-export-declaration-7.22.6.tgz 9153ms (cache miss)
1378 timing reifyNode:node_modules/@babel/helper-split-export-declaration Completed in 10082ms
1379 http fetch GET 200 https://registry.npmjs.org/co/-/co-4.6.0.tgz 9298ms (cache miss)
1380 timing reifyNode:node_modules/co Completed in 10112ms
1381 http fetch GET 200 https://registry.npmjs.org/buffer-from/-/buffer-from-1.1.2.tgz 9291ms (cache miss)
1382 timing reifyNode:node_modules/buffer-from Completed in 10110ms
1383 http fetch GET 200 https://registry.npmjs.org/colorette/-/colorette-2.0.19.tgz 9311ms (cache miss)
1384 timing reifyNode:node_modules/colorette Completed in 10117ms
1385 http fetch GET 200 https://registry.npmjs.org/cacheable-lookup/-/cacheable-lookup-6.1.0.tgz 9294ms (cache miss)
1386 timing reifyNode:node_modules/cacheable-lookup Completed in 10116ms
1387 http fetch GET 200 https://registry.npmjs.org/@babel/helper-environment-visitor/-/helper-environment-visitor-7.22.20.tgz 9161ms (cache miss)
1388 timing reifyNode:node_modules/@babel/helper-environment-visitor Completed in 10094ms
1389 http fetch GET 200 https://registry.npmjs.org/@fastify/formbody/-/formbody-7.4.0.tgz 9190ms (cache miss)
1390 timing reifyNode:node_modules/@fastify/formbody Completed in 10100ms
1391 http fetch GET 200 https://registry.npmjs.org/@fastify/ajv-compiler/-/ajv-compiler-3.5.0.tgz 9191ms (cache miss)
1392 timing reifyNode:node_modules/@fastify/ajv-compiler Completed in 10103ms
1393 http fetch GET 200 https://registry.npmjs.org/@discoveryjs/json-ext/-/json-ext-0.5.7.tgz 9193ms (cache miss)
1394 timing reifyNode:node_modules/@discoveryjs/json-ext Completed in 10107ms
1395 http fetch GET 200 https://registry.npmjs.org/@fastify/secure-session/-/secure-session-7.5.1.tgz 9201ms (cache miss)
1396 timing reifyNode:node_modules/@fastify/secure-session Completed in 10110ms
1397 http fetch GET 200 https://registry.npmjs.org/cli-color/-/cli-color-2.0.4.tgz 9315ms (cache miss)
1398 timing reifyNode:node_modules/cli-color Completed in 10131ms
1399 http fetch GET 200 https://registry.npmjs.org/@babel/plugin-syntax-nullish-coalescing-operator/-/plugin-syntax-nullish-coalescing-operator-7.8.3.tgz 9186ms (cache miss)
1400 timing reifyNode:node_modules/@babel/plugin-syntax-nullish-coalescing-operator Completed in 10111ms
1401 http fetch GET 200 https://registry.npmjs.org/@babel/plugin-syntax-logical-assignment-operators/-/plugin-syntax-logical-assignment-operators-7.10.4.tgz 9276ms (cache miss)
1402 timing reifyNode:node_modules/@babel/plugin-syntax-logical-assignment-operators Completed in 10201ms
1403 http fetch GET 200 https://registry.npmjs.org/yocto-queue/-/yocto-queue-0.1.0.tgz 9866ms (cache miss)
1404 timing reifyNode:node_modules/yocto-queue Completed in 10299ms
1405 http fetch GET 200 https://registry.npmjs.org/@babel/plugin-syntax-object-rest-spread/-/plugin-syntax-object-rest-spread-7.8.3.tgz 9285ms (cache miss)
1406 timing reifyNode:node_modules/@babel/plugin-syntax-object-rest-spread Completed in 10209ms
1407 http fetch GET 200 https://registry.npmjs.org/wrap-ansi/-/wrap-ansi-7.0.0.tgz 9869ms (cache miss)
1408 timing reifyNode:node_modules/wrap-ansi-cjs Completed in 10305ms
1409 http fetch GET 200 https://registry.npmjs.org/brace-expansion/-/brace-expansion-1.1.11.tgz 9415ms (cache miss)
1410 timing reifyNode:node_modules/brace-expansion Completed in 10242ms
1411 http fetch GET 200 https://registry.npmjs.org/@babel/plugin-syntax-top-level-await/-/plugin-syntax-top-level-await-7.14.5.tgz 9302ms (cache miss)
1412 timing reifyNode:node_modules/@babel/plugin-syntax-top-level-await Completed in 10226ms
1413 http fetch GET 200 https://registry.npmjs.org/@babel/helper-validator-option/-/helper-validator-option-7.23.5.tgz 9299ms (cache miss)
1414 timing reifyNode:node_modules/@babel/helper-validator-option Completed in 10228ms
1415 http fetch GET 200 https://registry.npmjs.org/clone-response/-/clone-response-1.0.3.tgz 9437ms (cache miss)
1416 timing reifyNode:node_modules/clone-response Completed in 10252ms
1417 http fetch GET 200 https://registry.npmjs.org/@babel/plugin-syntax-async-generators/-/plugin-syntax-async-generators-7.8.4.tgz 9319ms (cache miss)
1418 timing reifyNode:node_modules/@babel/plugin-syntax-async-generators Completed in 10247ms
1419 http fetch GET 200 https://registry.npmjs.org/browserslist/-/browserslist-4.23.0.tgz 9446ms (cache miss)
1420 timing reifyNode:node_modules/browserslist Completed in 10267ms
1421 http fetch GET 200 https://registry.npmjs.org/xtend/-/xtend-4.0.2.tgz 9906ms (cache miss)
1422 timing reifyNode:node_modules/xtend Completed in 10340ms
1423 http fetch GET 200 https://registry.npmjs.org/wrappy/-/wrappy-1.0.2.tgz 9905ms (cache miss)
1424 timing reifyNode:node_modules/wrappy Completed in 10340ms
1425 http fetch GET 200 https://registry.npmjs.org/cacheable-request/-/cacheable-request-7.0.2.tgz 9452ms (cache miss)
1426 timing reifyNode:node_modules/cacheable-request Completed in 10273ms
1427 http fetch GET 200 https://registry.npmjs.org/@babel/plugin-syntax-optional-chaining/-/plugin-syntax-optional-chaining-7.8.3.tgz 9336ms (cache miss)
1428 timing reifyNode:node_modules/@babel/plugin-syntax-optional-chaining Completed in 10253ms
1429 http fetch GET 200 https://registry.npmjs.org/abstract-logging/-/abstract-logging-2.0.1.tgz 9417ms (cache miss)
1430 timing reifyNode:node_modules/abstract-logging Completed in 10267ms
1431 http fetch GET 200 https://registry.npmjs.org/acorn-jsx/-/acorn-jsx-5.3.2.tgz 9420ms (cache miss)
1432 timing reifyNode:node_modules/acorn-jsx Completed in 10268ms
1433 http fetch GET 200 https://registry.npmjs.org/cacache/-/cacache-17.1.4.tgz 9462ms (cache miss)
1434 timing reifyNode:node_modules/cacache Completed in 10285ms
1435 http fetch GET 200 https://registry.npmjs.org/xdg-basedir/-/xdg-basedir-5.1.0.tgz 9928ms (cache miss)
1436 timing reifyNode:node_modules/xdg-basedir Completed in 10363ms
1437 http fetch GET 200 https://registry.npmjs.org/wildcard/-/wildcard-2.0.0.tgz 9926ms (cache miss)
1438 timing reifyNode:node_modules/wildcard Completed in 10362ms
1439 http fetch GET 200 https://registry.npmjs.org/agentkeepalive/-/agentkeepalive-4.2.1.tgz 9441ms (cache miss)
1440 timing reifyNode:node_modules/agentkeepalive Completed in 10289ms
1441 http fetch GET 200 https://registry.npmjs.org/@xtuc/ieee754/-/ieee754-1.2.0.tgz 9439ms (cache miss)
1442 timing reifyNode:node_modules/@xtuc/ieee754 Completed in 10288ms
1443 http fetch GET 200 https://registry.npmjs.org/acorn-import-assertions/-/acorn-import-assertions-1.9.0.tgz 9446ms (cache miss)
1444 timing reifyNode:node_modules/acorn-import-assertions Completed in 10293ms
1445 http fetch GET 200 https://registry.npmjs.org/which-boxed-primitive/-/which-boxed-primitive-1.0.2.tgz 10026ms (cache miss)
1446 timing reifyNode:node_modules/which-boxed-primitive Completed in 10461ms
1447 http fetch GET 200 https://registry.npmjs.org/vary/-/vary-1.1.2.tgz 10071ms (cache miss)
1448 timing reifyNode:node_modules/vary Completed in 10512ms
1449 http fetch GET 200 https://registry.npmjs.org/webpack-sources/-/webpack-sources-3.2.3.tgz 10106ms (cache miss)
1450 timing reifyNode:node_modules/webpack-sources Completed in 10543ms
1451 http fetch GET 200 https://registry.npmjs.org/@types/keyv/-/keyv-3.1.4.tgz 9607ms (cache miss)
1452 timing reifyNode:node_modules/@types/keyv Completed in 10473ms
1453 http fetch GET 200 https://registry.npmjs.org/@types/json-schema/-/json-schema-7.0.11.tgz 9616ms (cache miss)
1454 timing reifyNode:node_modules/@types/json-schema Completed in 10483ms
1455 http fetch GET 200 https://registry.npmjs.org/watchpack/-/watchpack-2.4.1.tgz 10126ms (cache miss)
1456 timing reifyNode:node_modules/watchpack Completed in 10564ms
1457 http fetch GET 200 https://registry.npmjs.org/@babel/highlight/-/highlight-7.24.2.tgz 9551ms (cache miss)
1458 timing reifyNode:node_modules/@babel/highlight Completed in 10479ms
1459 http fetch GET 200 https://registry.npmjs.org/widest-line/-/widest-line-4.0.1.tgz 10215ms (cache miss)
1460 timing reifyNode:node_modules/widest-line Completed in 10652ms
1461 http fetch GET 200 https://registry.npmjs.org/agent-base/-/agent-base-6.0.2.tgz 9733ms (cache miss)
1462 timing reifyNode:node_modules/agent-base Completed in 10579ms
1463 http fetch GET 200 https://registry.npmjs.org/which/-/which-2.0.2.tgz 10216ms (cache miss)
1464 timing reifyNode:node_modules/which Completed in 10653ms
1465 http fetch GET 200 https://registry.npmjs.org/validate-npm-package-name/-/validate-npm-package-name-5.0.0.tgz 10213ms (cache miss)
1466 timing reifyNode:node_modules/validate-npm-package-name Completed in 10653ms
1467 http fetch GET 200 https://registry.npmjs.org/@ungap/structured-clone/-/structured-clone-1.2.0.tgz 9731ms (cache miss)
1468 timing reifyNode:node_modules/@ungap/structured-clone Completed in 10593ms
1469 http fetch GET 200 https://registry.npmjs.org/@babel/plugin-syntax-class-properties/-/plugin-syntax-class-properties-7.12.13.tgz 9696ms (cache miss)
1470 timing reifyNode:node_modules/@babel/plugin-syntax-class-properties Completed in 10624ms
1471 http fetch GET 200 https://registry.npmjs.org/@types/babel__template/-/babel__template-7.4.4.tgz 9832ms (cache miss)
1472 timing reifyNode:node_modules/@types/babel__template Completed in 10709ms
1473 http fetch GET 200 https://registry.npmjs.org/@types/cacheable-request/-/cacheable-request-6.0.2.tgz 9834ms (cache miss)
1474 timing reifyNode:node_modules/@types/cacheable-request Completed in 10710ms
1475 http fetch GET 200 https://registry.npmjs.org/@szmarczak/http-timer/-/http-timer-5.0.1.tgz 9831ms (cache miss)
1476 timing reifyNode:node_modules/@szmarczak/http-timer Completed in 10711ms
1477 http fetch GET 200 https://registry.npmjs.org/unique-filename/-/unique-filename-1.1.1.tgz 10342ms (cache miss)
1478 timing reifyNode:node_modules/unique-filename Completed in 10785ms
1479 http fetch GET 200 https://registry.npmjs.org/@tootallnate/once/-/once-2.0.0.tgz 9834ms (cache miss)
1480 timing reifyNode:node_modules/@tootallnate/once Completed in 10713ms
1481 http fetch GET 200 https://registry.npmjs.org/@sinonjs/fake-timers/-/fake-timers-10.3.0.tgz 9833ms (cache miss)
1482 timing reifyNode:node_modules/@sinonjs/fake-timers Completed in 10714ms
1483 http fetch GET 200 https://registry.npmjs.org/tslib/-/tslib-2.6.2.tgz 10355ms (cache miss)
1484 timing reifyNode:node_modules/tslib Completed in 10812ms
1485 http fetch GET 200 https://registry.npmjs.org/token-stream/-/token-stream-1.0.0.tgz 10357ms (cache miss)
1486 timing reifyNode:node_modules/token-stream Completed in 10814ms
1487 http fetch GET 200 https://registry.npmjs.org/typed-array-buffer/-/typed-array-buffer-1.0.2.tgz 10368ms (cache miss)
1488 timing reifyNode:node_modules/typed-array-buffer Completed in 10822ms
1489 http fetch GET 200 https://registry.npmjs.org/tunnel-agent/-/tunnel-agent-0.6.0.tgz 10380ms (cache miss)
1490 timing reifyNode:node_modules/tunnel-agent Completed in 10836ms
1491 http fetch GET 200 https://registry.npmjs.org/uc.micro/-/uc.micro-1.0.6.tgz 10389ms (cache miss)
1492 timing reifyNode:node_modules/uc.micro Completed in 10848ms
1493 http fetch GET 200 https://registry.npmjs.org/@sindresorhus/is/-/is-5.3.0.tgz 9903ms (cache miss)
1494 timing reifyNode:node_modules/@sindresorhus/is Completed in 10786ms
1495 http fetch GET 200 https://registry.npmjs.org/@types/responselike/-/responselike-1.0.0.tgz 9933ms (cache miss)
1496 timing reifyNode:node_modules/@types/responselike Completed in 10799ms
1497 http fetch GET 200 https://registry.npmjs.org/@jest/test-result/-/test-result-29.7.0.tgz 9901ms (cache miss)
1498 timing reifyNode:node_modules/@jest/test-result Completed in 10802ms
1499 http fetch GET 200 https://registry.npmjs.org/type-is/-/type-is-1.6.18.tgz 10426ms (cache miss)
1500 timing reifyNode:node_modules/type-is Completed in 10879ms
1501 http fetch GET 200 https://registry.npmjs.org/typed-array-byte-length/-/typed-array-byte-length-1.0.1.tgz 10431ms (cache miss)
1502 timing reifyNode:node_modules/typed-array-byte-length Completed in 10883ms
1503 http fetch GET 200 https://registry.npmjs.org/unbox-primitive/-/unbox-primitive-1.0.2.tgz 10434ms (cache miss)
1504 timing reifyNode:node_modules/unbox-primitive Completed in 10884ms
1505 http fetch GET 200 https://registry.npmjs.org/type-check/-/type-check-0.4.0.tgz 10433ms (cache miss)
1506 timing reifyNode:node_modules/type-check Completed in 10886ms
1507 http fetch GET 200 https://registry.npmjs.org/to-fast-properties/-/to-fast-properties-2.0.0.tgz 10427ms (cache miss)
1508 timing reifyNode:node_modules/to-fast-properties Completed in 10886ms
1509 http fetch GET 200 https://registry.npmjs.org/@jest/fake-timers/-/fake-timers-29.7.0.tgz 9914ms (cache miss)
1510 timing reifyNode:node_modules/@jest/fake-timers Completed in 10814ms
1511 http fetch GET 200 https://registry.npmjs.org/@nodelib/fs.walk/-/fs.walk-1.2.8.tgz 9928ms (cache miss)
1512 timing reifyNode:node_modules/@nodelib/fs.walk Completed in 10825ms
1513 http fetch GET 200 https://registry.npmjs.org/toposort-class/-/toposort-class-1.0.1.tgz 10443ms (cache miss)
1514 timing reifyNode:node_modules/toposort-class Completed in 10899ms
1515 http fetch GET 200 https://registry.npmjs.org/umzug/-/umzug-2.3.0.tgz 10489ms (cache miss)
1516 timing reifyNode:node_modules/umzug Completed in 10939ms
1517 http fetch GET 200 https://registry.npmjs.org/to-regex-range/-/to-regex-range-5.0.1.tgz 10480ms (cache miss)
1518 timing reifyNode:node_modules/to-regex-range Completed in 10938ms
1519 http fetch GET 200 https://registry.npmjs.org/ssri/-/ssri-10.0.5.tgz 10531ms (cache miss)
1520 timing reifyNode:node_modules/ssri Completed in 11006ms
1521 http fetch GET 200 https://registry.npmjs.org/string_decoder/-/string_decoder-1.3.0.tgz 10535ms (cache miss)
1522 timing reifyNode:node_modules/string_decoder Completed in 11009ms
1523 http fetch GET 200 https://registry.npmjs.org/spdx-exceptions/-/spdx-exceptions-2.5.0.tgz 10534ms (cache miss)
1524 timing reifyNode:node_modules/spdx-exceptions Completed in 11009ms
1525 http fetch GET 200 https://registry.npmjs.org/@isaacs/cliui/-/cliui-8.0.2.tgz 10039ms (cache miss)
1526 timing reifyNode:node_modules/@isaacs/cliui Completed in 10941ms
1527 http fetch GET 200 https://registry.npmjs.org/slash/-/slash-3.0.0.tgz 10528ms (cache miss)
1528 timing reifyNode:node_modules/slash Completed in 11015ms
1529 http fetch GET 200 https://registry.npmjs.org/split2/-/split2-3.2.2.tgz 10544ms (cache miss)
1530 timing reifyNode:node_modules/split2 Completed in 11018ms
1531 http fetch GET 200 https://registry.npmjs.org/spdx-expression-parse/-/spdx-expression-parse-3.0.1.tgz 10594ms (cache miss)
1532 timing reifyNode:node_modules/spdx-expression-parse Completed in 11070ms
1533 http fetch GET 200 https://registry.npmjs.org/y18n/-/y18n-5.0.8.tgz 10653ms (cache miss)
1534 timing reifyNode:node_modules/y18n Completed in 11087ms
1535 http fetch GET 200 https://registry.npmjs.org/simple-get/-/simple-get-4.0.1.tgz 10590ms (cache miss)
1536 timing reifyNode:node_modules/simple-get Completed in 11077ms
1537 http fetch GET 200 https://registry.npmjs.org/cjs-module-lexer/-/cjs-module-lexer-1.2.3.tgz 10213ms (cache miss)
1538 timing reifyNode:node_modules/cjs-module-lexer Completed in 11030ms
1539 http fetch GET 200 https://registry.npmjs.org/thread-stream/-/thread-stream-2.6.0.tgz 10630ms (cache miss)
1540 timing reifyNode:node_modules/thread-stream Completed in 11089ms
1541 http fetch GET 200 https://registry.npmjs.org/shell-quote/-/shell-quote-1.8.1.tgz 10640ms (cache miss)
1542 timing reifyNode:node_modules/shell-quote Completed in 11127ms
1543 http fetch GET 200 https://registry.npmjs.org/spawn-please/-/spawn-please-2.0.2.tgz 10650ms (cache miss)
1544 timing reifyNode:node_modules/spawn-please Completed in 11138ms
1545 http fetch GET 200 https://registry.npmjs.org/simple-concat/-/simple-concat-1.0.1.tgz 10679ms (cache miss)
1546 timing reifyNode:node_modules/simple-concat Completed in 11168ms
1547 http fetch GET 200 https://registry.npmjs.org/walker/-/walker-1.0.8.tgz 10752ms (cache miss)
1548 timing reifyNode:node_modules/walker Completed in 11192ms
1549 http fetch GET 200 https://registry.npmjs.org/wrap-ansi/-/wrap-ansi-8.1.0.tgz 10806ms (cache miss)
1550 timing reifyNode:node_modules/wrap-ansi Completed in 11242ms
1551 http fetch GET 200 https://registry.npmjs.org/@babel/plugin-syntax-typescript/-/plugin-syntax-typescript-7.24.1.tgz 10264ms (cache miss)
1552 timing reifyNode:node_modules/@babel/plugin-syntax-typescript Completed in 11181ms
1553 http fetch GET 200 https://registry.npmjs.org/util-deprecate/-/util-deprecate-1.0.2.tgz 10830ms (cache miss)
1554 timing reifyNode:node_modules/util-deprecate Completed in 11272ms
1555 http fetch GET 200 https://registry.npmjs.org/safe-stable-stringify/-/safe-stable-stringify-2.4.3.tgz 10762ms (cache miss)
1556 timing reifyNode:node_modules/safe-stable-stringify Completed in 11262ms
1557 http fetch GET 200 https://registry.npmjs.org/safer-buffer/-/safer-buffer-2.1.2.tgz 10772ms (cache miss)
1558 timing reifyNode:node_modules/safer-buffer Completed in 11273ms
1559 http fetch GET 200 https://registry.npmjs.org/@humanwhocodes/config-array/-/config-array-0.11.14.tgz 10305ms (cache miss)
1560 timing reifyNode:node_modules/@humanwhocodes/config-array Completed in 11213ms
1561 http fetch GET 200 https://registry.npmjs.org/yallist/-/yallist-4.0.0.tgz 10868ms (cache miss)
1562 timing reifyNode:node_modules/yallist Completed in 11302ms
1563 http fetch GET 200 https://registry.npmjs.org/unique-string/-/unique-string-3.0.0.tgz 10869ms (cache miss)
1564 timing reifyNode:node_modules/unique-string Completed in 11312ms
1565 http fetch GET 200 https://registry.npmjs.org/wide-align/-/wide-align-1.1.5.tgz 10880ms (cache miss)
1566 timing reifyNode:node_modules/wide-align Completed in 11317ms
1567 http fetch GET 200 https://registry.npmjs.org/with/-/with-7.0.2.tgz 10882ms (cache miss)
1568 timing reifyNode:node_modules/with Completed in 11317ms
1569 http fetch GET 200 https://registry.npmjs.org/@fastify/flash/-/flash-5.1.0.tgz 10465ms (cache miss)
1570 timing reifyNode:node_modules/@fastify/flash Completed in 11374ms
1571 http fetch GET 200 https://registry.npmjs.org/read-package-json/-/read-package-json-6.0.4.tgz 10947ms (cache miss)
1572 timing reifyNode:node_modules/read-package-json Completed in 11466ms
1573 http fetch GET 200 https://registry.npmjs.org/write-file-atomic/-/write-file-atomic-4.0.2.tgz 11064ms (cache miss)
1574 timing reifyNode:node_modules/write-file-atomic Completed in 11498ms
1575 http fetch GET 200 https://registry.npmjs.org/regenerator-runtime/-/regenerator-runtime-0.14.1.tgz 10966ms (cache miss)
1576 timing reifyNode:node_modules/regenerator-runtime Completed in 11482ms
1577 http fetch GET 200 https://registry.npmjs.org/safe-regex2/-/safe-regex2-2.0.0.tgz 10984ms (cache miss)
1578 timing reifyNode:node_modules/safe-regex2 Completed in 11485ms
1579 http fetch GET 200 https://registry.npmjs.org/signal-exit/-/signal-exit-3.0.7.tgz 10999ms (cache miss)
1580 timing reifyNode:node_modules/signal-exit Completed in 11488ms
1581 http fetch GET 200 https://registry.npmjs.org/rechoir/-/rechoir-0.8.0.tgz 10970ms (cache miss)
1582 timing reifyNode:node_modules/rechoir Completed in 11486ms
1583 http fetch GET 200 https://registry.npmjs.org/universalify/-/universalify-2.0.1.tgz 11063ms (cache miss)
1584 timing reifyNode:node_modules/universalify Completed in 11505ms
1585 http fetch GET 200 https://registry.npmjs.org/pump/-/pump-3.0.0.tgz 10973ms (cache miss)
1586 timing reifyNode:node_modules/pump Completed in 11497ms
1587 http fetch GET 200 https://registry.npmjs.org/webpack-merge/-/webpack-merge-5.8.0.tgz 11090ms (cache miss)
1588 timing reifyNode:node_modules/webpack-merge Completed in 11528ms
1589 http fetch GET 200 https://registry.npmjs.org/resolve-cwd/-/resolve-cwd-3.0.0.tgz 11005ms (cache miss)
1590 timing reifyNode:node_modules/resolve-cwd Completed in 11513ms
1591 http fetch GET 200 https://registry.npmjs.org/update-notifier/-/update-notifier-6.0.2.tgz 11121ms (cache miss)
1592 timing reifyNode:node_modules/update-notifier Completed in 11563ms
1593 http fetch GET 200 https://registry.npmjs.org/typedarray-to-buffer/-/typedarray-to-buffer-3.1.5.tgz 11111ms (cache miss)
1594 timing reifyNode:node_modules/typedarray-to-buffer Completed in 11562ms
1595 http fetch GET 200 https://registry.npmjs.org/pug-load/-/pug-load-3.0.0.tgz 11038ms (cache miss)
1596 timing reifyNode:node_modules/pug-load Completed in 11562ms
1597 http fetch GET 200 https://registry.npmjs.org/tree-kill/-/tree-kill-1.2.2.tgz 11120ms (cache miss)
1598 timing reifyNode:node_modules/tree-kill Completed in 11576ms
1599 http fetch GET 200 https://registry.npmjs.org/require-from-string/-/require-from-string-2.0.2.tgz 11057ms (cache miss)
1600 timing reifyNode:node_modules/require-from-string Completed in 11567ms
1601 http fetch GET 200 https://registry.npmjs.org/registry-url/-/registry-url-6.0.1.tgz 11067ms (cache miss)
1602 timing reifyNode:node_modules/registry-url Completed in 11576ms
1603 http fetch GET 200 https://registry.npmjs.org/quick-lru/-/quick-lru-5.1.1.tgz 11055ms (cache miss)
1604 timing reifyNode:node_modules/quick-lru Completed in 11575ms
1605 http fetch GET 200 https://registry.npmjs.org/pug-linker/-/pug-linker-4.0.0.tgz 11059ms (cache miss)
1606 timing reifyNode:node_modules/pug-linker Completed in 11584ms
1607 http fetch GET 200 https://registry.npmjs.org/promise-inflight/-/promise-inflight-1.0.1.tgz 11049ms (cache miss)
1608 timing reifyNode:node_modules/promise-inflight Completed in 11582ms
1609 http fetch GET 200 https://registry.npmjs.org/unique-slug/-/unique-slug-2.0.2.tgz 11162ms (cache miss)
1610 timing reifyNode:node_modules/unique-slug Completed in 11606ms
1611 http fetch GET 200 https://registry.npmjs.org/postgres-bytea/-/postgres-bytea-1.0.0.tgz 11057ms (cache miss)
1612 timing reifyNode:node_modules/postgres-bytea Completed in 11596ms
1613 http fetch GET 200 https://registry.npmjs.org/validate-npm-package-license/-/validate-npm-package-license-3.0.4.tgz 11183ms (cache miss)
1614 timing reifyNode:node_modules/validate-npm-package-license Completed in 11625ms
1615 http fetch GET 200 https://registry.npmjs.org/pug-walk/-/pug-walk-2.0.0.tgz 11085ms (cache miss)
1616 timing reifyNode:node_modules/pug-walk Completed in 11608ms
1617 http fetch GET 200 https://registry.npmjs.org/@fastify/merge-json-schemas/-/merge-json-schemas-0.1.1.tgz 10637ms (cache miss)
1618 timing reifyNode:node_modules/@fastify/merge-json-schemas Completed in 11547ms
1619 http fetch GET 200 https://registry.npmjs.org/quick-format-unescaped/-/quick-format-unescaped-4.0.4.tgz 11094ms (cache miss)
1620 timing reifyNode:node_modules/quick-format-unescaped Completed in 11614ms
1621 http fetch GET 200 https://registry.npmjs.org/@pkgjs/parseargs/-/parseargs-0.11.0.tgz 10690ms (cache miss)
1622 timing reifyNode:node_modules/@pkgjs/parseargs Completed in 11575ms
1623 http fetch GET 200 https://registry.npmjs.org/terser-webpack-plugin/-/terser-webpack-plugin-5.3.10.tgz 11196ms (cache miss)
1624 timing reifyNode:node_modules/terser-webpack-plugin Completed in 11657ms
1625 http fetch GET 200 https://registry.npmjs.org/pug-strip-comments/-/pug-strip-comments-2.0.0.tgz 11140ms (cache miss)
1626 timing reifyNode:node_modules/pug-strip-comments Completed in 11663ms
1627 http fetch GET 200 https://registry.npmjs.org/toidentifier/-/toidentifier-1.0.1.tgz 11219ms (cache miss)
1628 timing reifyNode:node_modules/toidentifier Completed in 11676ms
1629 http fetch GET 200 https://registry.npmjs.org/string-length/-/string-length-4.0.2.tgz 11207ms (cache miss)
1630 timing reifyNode:node_modules/string-length Completed in 11680ms
1631 http fetch GET 200 https://registry.npmjs.org/tarn/-/tarn-3.0.2.tgz 11221ms (cache miss)
1632 timing reifyNode:node_modules/tarn Completed in 11689ms
1633 http fetch GET 200 https://registry.npmjs.org/punycode/-/punycode-2.1.1.tgz 11157ms (cache miss)
1634 timing reifyNode:node_modules/punycode Completed in 11679ms
1635 http fetch GET 200 https://registry.npmjs.org/strip-json-comments/-/strip-json-comments-3.1.1.tgz 11220ms (cache miss)
1636 timing reifyNode:node_modules/strip-json-comments Completed in 11690ms
1637 http fetch GET 200 https://registry.npmjs.org/pug-code-gen/-/pug-code-gen-3.0.2.tgz 11160ms (cache miss)
1638 timing reifyNode:node_modules/pug-code-gen Completed in 11686ms
1639 http fetch GET 200 https://registry.npmjs.org/rc/-/rc-1.2.8.tgz 11173ms (cache miss)
1640 timing reifyNode:node_modules/rc Completed in 11692ms
1641 http fetch GET 200 https://registry.npmjs.org/stack-trace/-/stack-trace-0.0.10.tgz 11227ms (cache miss)
1642 timing reifyNode:node_modules/stack-trace Completed in 11700ms
1643 http fetch GET 200 https://registry.npmjs.org/progress/-/progress-2.0.3.tgz 11154ms (cache miss)
1644 timing reifyNode:node_modules/progress Completed in 11689ms
1645 http fetch GET 200 https://registry.npmjs.org/pug-lexer/-/pug-lexer-5.0.1.tgz 11171ms (cache miss)
1646 timing reifyNode:node_modules/pug-lexer Completed in 11696ms
1647 http fetch GET 200 https://registry.npmjs.org/strip-final-newline/-/strip-final-newline-2.0.0.tgz 11236ms (cache miss)
1648 timing reifyNode:node_modules/strip-final-newline Completed in 11707ms
1649 http fetch GET 200 https://registry.npmjs.org/prelude-ls/-/prelude-ls-1.2.1.tgz 11157ms (cache miss)
1650 timing reifyNode:node_modules/prelude-ls Completed in 11695ms
1651 http fetch GET 200 https://registry.npmjs.org/tuf-js/-/tuf-js-1.1.7.tgz 11259ms (cache miss)
1652 timing reifyNode:node_modules/tuf-js Completed in 11715ms
1653 http fetch GET 200 https://registry.npmjs.org/proc-log/-/proc-log-3.0.0.tgz 11164ms (cache miss)
1654 timing reifyNode:node_modules/proc-log Completed in 11700ms
1655 http fetch GET 200 https://registry.npmjs.org/which-typed-array/-/which-typed-array-1.1.15.tgz 11288ms (cache miss)
1656 timing reifyNode:node_modules/which-typed-array Completed in 11725ms
1657 http fetch GET 200 https://registry.npmjs.org/spawn-command/-/spawn-command-0.0.2.tgz 11240ms (cache miss)
1658 timing reifyNode:node_modules/spawn-command Completed in 11724ms
1659 http fetch GET 200 https://registry.npmjs.org/pug/-/pug-3.0.2.tgz 11189ms (cache miss)
1660 timing reifyNode:node_modules/pug Completed in 11714ms
1661 http fetch GET 200 https://registry.npmjs.org/shebang-regex/-/shebang-regex-3.0.0.tgz 11234ms (cache miss)
1662 timing reifyNode:node_modules/shebang-regex Completed in 11722ms
1663 http fetch GET 200 https://registry.npmjs.org/prebuild-install/-/prebuild-install-7.1.2.tgz 11185ms (cache miss)
1664 timing reifyNode:node_modules/prebuild-install Completed in 11722ms
1665 http fetch GET 200 https://registry.npmjs.org/read-package-json-fast/-/read-package-json-fast-3.0.2.tgz 11226ms (cache miss)
1666 timing reifyNode:node_modules/read-package-json-fast Completed in 11745ms
1667 http fetch GET 200 https://registry.npmjs.org/@jridgewell/source-map/-/source-map-0.3.6.tgz 10792ms (cache miss)
1668 timing reifyNode:node_modules/@jridgewell/source-map Completed in 11689ms
1669 http fetch GET 200 https://registry.npmjs.org/stack-utils/-/stack-utils-2.0.6.tgz 11309ms (cache miss)
1670 timing reifyNode:node_modules/stack-utils Completed in 11783ms
1671 http fetch GET 200 https://registry.npmjs.org/undici-types/-/undici-types-5.26.5.tgz 11355ms (cache miss)
1672 timing reifyNode:node_modules/undici-types Completed in 11798ms
1673 http fetch GET 200 https://registry.npmjs.org/tar-stream/-/tar-stream-2.2.0.tgz 11337ms (cache miss)
1674 timing reifyNode:node_modules/tar-stream Completed in 11798ms
1675 http fetch GET 200 https://registry.npmjs.org/pirates/-/pirates-4.0.6.tgz 11244ms (cache miss)
1676 timing reifyNode:node_modules/pirates Completed in 11786ms
1677 http fetch GET 200 https://registry.npmjs.org/@one-ini/wasm/-/wasm-0.1.1.tgz 10860ms (cache miss)
1678 timing reifyNode:node_modules/@one-ini/wasm Completed in 11746ms
1679 http fetch GET 200 https://registry.npmjs.org/promise/-/promise-7.3.1.tgz 11280ms (cache miss)
1680 http fetch GET 200 https://registry.npmjs.org/style-loader/-/style-loader-4.0.0.tgz 11361ms (cache miss)
1681 timing reifyNode:node_modules/style-loader Completed in 11830ms
1682 timing reifyNode:node_modules/promise Completed in 11818ms
1683 http fetch GET 200 https://registry.npmjs.org/sequelize-cli/-/sequelize-cli-6.6.2.tgz 11401ms (cache miss)
1684 timing reifyNode:node_modules/sequelize-cli Completed in 11893ms
1685 http fetch GET 200 https://registry.npmjs.org/npm-normalize-package-bin/-/npm-normalize-package-bin-3.0.1.tgz 11284ms (cache miss)
1686 timing reifyNode:node_modules/npm-normalize-package-bin Completed in 11879ms
1687 http fetch GET 200 https://registry.npmjs.org/smart-buffer/-/smart-buffer-4.2.0.tgz 11411ms (cache miss)
1688 timing reifyNode:node_modules/smart-buffer Completed in 11896ms
1689 http fetch GET 200 https://registry.npmjs.org/pure-rand/-/pure-rand-6.1.0.tgz 11384ms (cache miss)
1690 timing reifyNode:node_modules/pure-rand Completed in 11905ms
1691 http fetch GET 200 https://registry.npmjs.org/commander/-/commander-10.0.1.tgz 11123ms (cache miss)
1692 timing reifyNode:node_modules/commander Completed in 11930ms
1693 http fetch GET 200 https://registry.npmjs.org/type/-/type-2.7.2.tgz 11535ms (cache miss)
1694 timing reifyNode:node_modules/type Completed in 11990ms
1695 http fetch GET 200 https://registry.npmjs.org/pkg-up/-/pkg-up-3.1.0.tgz 11511ms (cache miss)
1696 timing reifyNode:node_modules/pkg-up Completed in 12054ms
1697 http fetch GET 200 https://registry.npmjs.org/shebang-command/-/shebang-command-2.0.0.tgz 11575ms (cache miss)
1698 timing reifyNode:node_modules/shebang-command Completed in 12064ms
1699 http fetch GET 200 https://registry.npmjs.org/ansi-align/-/ansi-align-3.0.1.tgz 11161ms (cache miss)
1700 timing reifyNode:node_modules/ansi-align Completed in 12005ms
1701 http fetch GET 200 https://registry.npmjs.org/tmpl/-/tmpl-1.0.5.tgz 11616ms (cache miss)
1702 timing reifyNode:node_modules/tmpl Completed in 12073ms
1703 http fetch GET 200 https://registry.npmjs.org/ansi-regex/-/ansi-regex-5.0.1.tgz 11164ms (cache miss)
1704 timing reifyNode:node_modules/ansi-regex Completed in 12008ms
1705 http fetch GET 200 https://registry.npmjs.org/sisteransi/-/sisteransi-1.0.5.tgz 11584ms (cache miss)
1706 timing reifyNode:node_modules/sisteransi Completed in 12071ms
1707 http fetch GET 200 https://registry.npmjs.org/semver-diff/-/semver-diff-4.0.0.tgz 11576ms (cache miss)
1708 timing reifyNode:node_modules/semver-diff Completed in 12069ms
1709 http fetch GET 200 https://registry.npmjs.org/real-require/-/real-require-0.2.0.tgz 11555ms (cache miss)
1710 timing reifyNode:node_modules/real-require Completed in 12072ms
1711 http fetch GET 200 https://registry.npmjs.org/concat-map/-/concat-map-0.0.1.tgz 11229ms (cache miss)
1712 timing reifyNode:node_modules/concat-map Completed in 12034ms
1713 http fetch GET 200 https://registry.npmjs.org/base64-js/-/base64-js-1.5.1.tgz 11216ms (cache miss)
1714 timing reifyNode:node_modules/base64-js Completed in 12045ms
1715 http fetch GET 200 https://registry.npmjs.org/path-parse/-/path-parse-1.0.7.tgz 11591ms (cache miss)
1716 timing reifyNode:node_modules/path-parse Completed in 12146ms
1717 http fetch GET 200 https://registry.npmjs.org/are-we-there-yet/-/are-we-there-yet-3.0.1.tgz 11274ms (cache miss)
1718 timing reifyNode:node_modules/are-we-there-yet Completed in 12117ms
1719 http fetch GET 200 https://registry.npmjs.org/picocolors/-/picocolors-1.0.0.tgz 11656ms (cache miss)
1720 timing reifyNode:node_modules/picocolors Completed in 12207ms
1721 http fetch GET 200 https://registry.npmjs.org/pgpass/-/pgpass-1.0.5.tgz 11656ms (cache miss)
1722 timing reifyNode:node_modules/pgpass Completed in 12209ms
1723 http fetch GET 200 https://registry.npmjs.org/path-type/-/path-type-4.0.0.tgz 11653ms (cache miss)
1724 timing reifyNode:node_modules/path-type Completed in 12209ms
1725 http fetch GET 200 https://registry.npmjs.org/aproba/-/aproba-2.0.0.tgz 11327ms (cache miss)
1726 timing reifyNode:node_modules/aproba Completed in 12170ms
1727 http fetch GET 200 https://registry.npmjs.org/type-detect/-/type-detect-4.0.8.tgz 11788ms (cache miss)
1728 timing reifyNode:node_modules/type-detect Completed in 12242ms
1729 http fetch GET 200 https://registry.npmjs.org/react-is/-/react-is-18.2.0.tgz 11714ms (cache miss)
1730 timing reifyNode:node_modules/react-is Completed in 12232ms
1731 http fetch GET 200 https://registry.npmjs.org/set-function-name/-/set-function-name-2.0.2.tgz 11747ms (cache miss)
1732 timing reifyNode:node_modules/set-function-name Completed in 12237ms
1733 http fetch GET 200 https://registry.npmjs.org/side-channel/-/side-channel-1.0.6.tgz 11751ms (cache miss)
1734 timing reifyNode:node_modules/side-channel Completed in 12240ms
1735 http fetch GET 200 https://registry.npmjs.org/pino-std-serializers/-/pino-std-serializers-6.2.2.tgz 11691ms (cache miss)
1736 timing reifyNode:node_modules/pino-std-serializers Completed in 12233ms
1737 http fetch GET 200 https://registry.npmjs.org/sequelize-pool/-/sequelize-pool-7.1.0.tgz 11754ms (cache miss)
1738 timing reifyNode:node_modules/sequelize-pool Completed in 12247ms
1739 http fetch GET 200 https://registry.npmjs.org/pino-abstract-transport/-/pino-abstract-transport-1.2.0.tgz 11693ms (cache miss)
1740 timing reifyNode:node_modules/pino-abstract-transport Completed in 12245ms
1741 http fetch GET 200 https://registry.npmjs.org/sonic-boom/-/sonic-boom-3.8.1.tgz 11777ms (cache miss)
1742 timing reifyNode:node_modules/sonic-boom Completed in 12261ms
1743 http fetch GET 200 https://registry.npmjs.org/webpack-cli/-/webpack-cli-5.1.4.tgz 11842ms (cache miss)
1744 timing reifyNode:node_modules/webpack-cli Completed in 12281ms
1745 http fetch GET 200 https://registry.npmjs.org/@types/eslint/-/eslint-8.4.6.tgz 11691ms (cache miss)
1746 timing reifyNode:node_modules/@types/eslint Completed in 12568ms
1747 http fetch GET 200 https://registry.npmjs.org/@jest/reporters/-/reporters-29.7.0.tgz 11770ms (cache miss)
1748 timing reifyNode:node_modules/@jest/reporters Completed in 12671ms
1749 http fetch GET 200 https://registry.npmjs.org/fast-deep-equal/-/fast-deep-equal-3.1.3.tgz 11979ms (cache miss)
1750 timing reifyNode:node_modules/fast-deep-equal Completed in 12739ms
1751 http fetch GET 200 https://registry.npmjs.org/@fastify/send/-/send-2.1.0.tgz 11818ms (cache miss)
1752 timing reifyNode:node_modules/@fastify/send Completed in 12732ms
1753 http fetch GET 200 https://registry.npmjs.org/@types/http-cache-semantics/-/http-cache-semantics-4.0.1.tgz 11877ms (cache miss)
1754 timing reifyNode:node_modules/@types/http-cache-semantics Completed in 12747ms
1755 http fetch GET 200 https://registry.npmjs.org/@types/estree/-/estree-1.0.5.tgz 11879ms (cache miss)
1756 timing reifyNode:node_modules/@types/estree Completed in 12748ms
1757 http fetch GET 200 https://registry.npmjs.org/@types/babel__generator/-/babel__generator-7.6.8.tgz 11875ms (cache miss)
1758 timing reifyNode:node_modules/@types/babel__generator Completed in 12753ms
1759 http fetch GET 200 https://registry.npmjs.org/@sinonjs/commons/-/commons-3.0.1.tgz 11876ms (cache miss)
1760 timing reifyNode:node_modules/@sinonjs/commons Completed in 12758ms
1761 http fetch GET 200 https://registry.npmjs.org/string-width/-/string-width-4.2.3.tgz 12355ms (cache miss)
1762 timing reifyNode:node_modules/string-width Completed in 12828ms
1763 http fetch GET 200 https://registry.npmjs.org/@fastify/view/-/view-9.0.0.tgz 11851ms (cache miss)
1764 timing reifyNode:node_modules/@fastify/view Completed in 12761ms
1765 http fetch GET 200 https://registry.npmjs.org/source-map-support/-/source-map-support-0.5.13.tgz 12363ms (cache miss)
1766 timing reifyNode:node_modules/source-map-support Completed in 12848ms
1767 http fetch GET 200 https://registry.npmjs.org/yargs-parser/-/yargs-parser-21.1.1.tgz 12450ms (cache miss)
1768 timing reifyNode:node_modules/yargs-parser Completed in 12883ms
1769 http fetch GET 200 https://registry.npmjs.org/@types/babel__traverse/-/babel__traverse-7.20.5.tgz 11931ms (cache miss)
1770 timing reifyNode:node_modules/@types/babel__traverse Completed in 12809ms
1771 http fetch GET 200 https://registry.npmjs.org/esrecurse/-/esrecurse-4.3.0.tgz 12122ms (cache miss)
1772 timing reifyNode:node_modules/esrecurse Completed in 12890ms
1773 http fetch GET 200 https://registry.npmjs.org/resolve/-/resolve-1.22.8.tgz 12437ms (cache miss)
1774 timing reifyNode:node_modules/resolve Completed in 12946ms
1775 http fetch GET 200 https://registry.npmjs.org/semver/-/semver-7.6.0.tgz 12462ms (cache miss)
1776 timing reifyNode:node_modules/semver Completed in 12961ms
1777 http fetch GET 200 https://registry.npmjs.org/lines-and-columns/-/lines-and-columns-1.2.4.tgz 12306ms (cache miss)
1778 timing reifyNode:node_modules/lines-and-columns Completed in 12940ms
1779 http fetch GET 200 https://registry.npmjs.org/lru-queue/-/lru-queue-0.1.0.tgz 12324ms (cache miss)
1780 timing reifyNode:node_modules/lru-queue Completed in 12948ms
1781 http fetch GET 200 https://registry.npmjs.org/fast-json-stable-stringify/-/fast-json-stable-stringify-2.1.0.tgz 12218ms (cache miss)
1782 timing reifyNode:node_modules/fast-json-stable-stringify Completed in 12976ms
1783 http fetch GET 200 https://registry.npmjs.org/@pnpm/npm-conf/-/npm-conf-1.0.5.tgz 12070ms (cache miss)
1784 timing reifyNode:node_modules/@pnpm/npm-conf Completed in 12954ms
1785 http fetch GET 200 https://registry.npmjs.org/event-emitter/-/event-emitter-0.3.5.tgz 12217ms (cache miss)
1786 timing reifyNode:node_modules/event-emitter Completed in 12981ms
1787 http fetch GET 200 https://registry.npmjs.org/levn/-/levn-0.4.1.tgz 12375ms (cache miss)
1788 timing reifyNode:node_modules/levn Completed in 13012ms
1789 http fetch GET 200 https://registry.npmjs.org/@fastify/deepmerge/-/deepmerge-1.3.0.tgz 12056ms (cache miss)
1790 timing reifyNode:node_modules/@fastify/deepmerge Completed in 12967ms
1791 http fetch GET 200 https://registry.npmjs.org/fastify-method-override/-/fastify-method-override-1.5.10.tgz 12260ms (cache miss)
1792 timing reifyNode:node_modules/fastify-method-override Completed in 13014ms
1793 http fetch GET 200 https://registry.npmjs.org/json-schema-ref-resolver/-/json-schema-ref-resolver-1.0.1.tgz 12387ms (cache miss)
1794 timing reifyNode:node_modules/json-schema-ref-resolver Completed in 13031ms
1795 http fetch GET 200 https://registry.npmjs.org/minipass-flush/-/minipass-flush-1.0.5.tgz 12438ms (cache miss)
1796 timing reifyNode:node_modules/minipass-flush Completed in 13047ms
1797 http fetch GET 200 https://registry.npmjs.org/@npmcli/git/-/git-4.1.0.tgz 12119ms (cache miss)
1798 timing reifyNode:node_modules/@npmcli/git Completed in 13013ms
1799 http fetch GET 200 https://registry.npmjs.org/@fastify/error/-/error-3.4.1.tgz 12132ms (cache miss)
1800 timing reifyNode:node_modules/@fastify/error Completed in 13042ms
1801 http fetch GET 200 https://registry.npmjs.org/lodash.castarray/-/lodash.castarray-4.4.0.tgz 12465ms (cache miss)
1802 timing reifyNode:node_modules/lodash.castarray Completed in 13100ms
1803 http fetch GET 200 https://registry.npmjs.org/@gar/promisify/-/promisify-1.1.3.tgz 12146ms (cache miss)
1804 timing reifyNode:node_modules/@gar/promisify Completed in 13055ms
1805 http fetch GET 200 https://registry.npmjs.org/merge-stream/-/merge-stream-2.0.0.tgz 12491ms (cache miss)
1806 timing reifyNode:node_modules/merge-stream Completed in 13108ms
1807 http fetch GET 200 https://registry.npmjs.org/minipass-collect/-/minipass-collect-1.0.2.tgz 12500ms (cache miss)
1808 timing reifyNode:node_modules/minipass-collect Completed in 13109ms
1809 http fetch GET 200 https://registry.npmjs.org/napi-build-utils/-/napi-build-utils-1.0.2.tgz 12515ms (cache miss)
1810 timing reifyNode:node_modules/napi-build-utils Completed in 13120ms
1811 http fetch GET 200 https://registry.npmjs.org/mimic-response/-/mimic-response-1.0.1.tgz 12507ms (cache miss)
1812 timing reifyNode:node_modules/mimic-response Completed in 13120ms
1813 http fetch GET 200 https://registry.npmjs.org/mkdirp-classic/-/mkdirp-classic-0.5.3.tgz 12520ms (cache miss)
1814 timing reifyNode:node_modules/mkdirp-classic Completed in 13127ms
1815 http fetch GET 200 https://registry.npmjs.org/make-promises-safe/-/make-promises-safe-5.1.0.tgz 12509ms (cache miss)
1816 timing reifyNode:node_modules/make-promises-safe Completed in 13131ms
1817 http fetch GET 200 https://registry.npmjs.org/minipass-pipeline/-/minipass-pipeline-1.2.4.tgz 12528ms (cache miss)
1818 timing reifyNode:node_modules/minipass-pipeline Completed in 13135ms
1819 http fetch GET 200 https://registry.npmjs.org/array-includes/-/array-includes-3.1.8.tgz 12260ms (cache miss)
1820 timing reifyNode:node_modules/array-includes Completed in 13096ms
1821 http fetch GET 200 https://registry.npmjs.org/ms/-/ms-2.1.3.tgz 12538ms (cache miss)
1822 timing reifyNode:node_modules/ms Completed in 13142ms
1823 http fetch GET 200 https://registry.npmjs.org/readable-stream/-/readable-stream-3.6.2.tgz 12640ms (cache miss)
1824 timing reifyNode:node_modules/readable-stream Completed in 13159ms
1825 http fetch GET 200 https://registry.npmjs.org/typed-array-length/-/typed-array-length-1.0.6.tgz 12729ms (cache miss)
1826 timing reifyNode:node_modules/typed-array-length Completed in 13180ms
1827 http fetch GET 200 https://registry.npmjs.org/jsonfile/-/jsonfile-6.1.0.tgz 12504ms (cache miss)
1828 timing reifyNode:node_modules/jsonfile Completed in 13147ms
1829 http fetch GET 200 https://registry.npmjs.org/npm-bundled/-/npm-bundled-3.0.0.tgz 12572ms (cache miss)
1830 timing reifyNode:node_modules/npm-bundled Completed in 13168ms
1831 http fetch GET 200 https://registry.npmjs.org/normalize-url/-/normalize-url-6.1.0.tgz 12575ms (cache miss)
1832 timing reifyNode:node_modules/normalize-url Completed in 13169ms
1833 http fetch GET 200 https://registry.npmjs.org/esniff/-/esniff-2.0.1.tgz 12377ms (cache miss)
1834 timing reifyNode:node_modules/esniff Completed in 13147ms
1835 http fetch GET 200 https://registry.npmjs.org/mkdirp/-/mkdirp-1.0.4.tgz 12584ms (cache miss)
1836 timing reifyNode:node_modules/mkdirp Completed in 13190ms
1837 http fetch GET 200 https://registry.npmjs.org/espree/-/espree-10.0.1.tgz 12435ms (cache miss)
1838 timing reifyNode:node_modules/espree Completed in 13203ms
1839 http fetch GET 200 https://registry.npmjs.org/@rails/ujs/-/ujs-7.1.3-2.tgz 12321ms (cache miss)
1840 timing reifyNode:node_modules/@rails/ujs Completed in 13205ms
1841 http fetch GET 200 https://registry.npmjs.org/minimatch/-/minimatch-3.1.2.tgz 12659ms (cache miss)
1842 timing reifyNode:node_modules/minimatch Completed in 13270ms
1843 http fetch GET 200 https://registry.npmjs.org/minipass/-/minipass-3.3.4.tgz 12679ms (cache miss)
1844 timing reifyNode:node_modules/minipass Completed in 13289ms
1845 http fetch GET 200 https://registry.npmjs.org/type-fest/-/type-fest-0.20.2.tgz 12878ms (cache miss)
1846 timing reifyNode:node_modules/type-fest Completed in 13333ms
1847 http fetch GET 200 https://registry.npmjs.org/memoizee/-/memoizee-0.4.15.tgz 12686ms (cache miss)
1848 timing reifyNode:node_modules/memoizee Completed in 13305ms
1849 http fetch GET 200 https://registry.npmjs.org/minipass-fetch/-/minipass-fetch-3.0.4.tgz 12699ms (cache miss)
1850 timing reifyNode:node_modules/minipass-fetch Completed in 13308ms
1851 http fetch GET 200 https://registry.npmjs.org/@fastify/fast-json-stringify-compiler/-/fast-json-stringify-compiler-4.3.0.tgz 12364ms (cache miss)
1852 timing reifyNode:node_modules/@fastify/fast-json-stringify-compiler Completed in 13275ms
1853 http fetch GET 200 https://registry.npmjs.org/mime/-/mime-3.0.0.tgz 12714ms (cache miss)
1854 timing reifyNode:node_modules/mime Completed in 13328ms
1855 http fetch GET 200 https://registry.npmjs.org/socks/-/socks-2.7.0.tgz 12918ms (cache miss)
1856 timing reifyNode:node_modules/socks Completed in 13404ms
1857 http fetch GET 200 https://registry.npmjs.org/tar/-/tar-6.1.11.tgz 12952ms (cache miss)
1858 timing reifyNode:node_modules/tar Completed in 13419ms
1859 http fetch GET 200 https://registry.npmjs.org/source-map-js/-/source-map-js-1.2.0.tgz 12963ms (cache miss)
1860 timing reifyNode:node_modules/source-map-js Completed in 13445ms
1861 http fetch GET 200 https://registry.npmjs.org/abort-controller/-/abort-controller-3.0.0.tgz 12619ms (cache miss)
1862 timing reifyNode:node_modules/abort-controller Completed in 13469ms
1863 http fetch GET 200 https://registry.npmjs.org/@babel%2fruntime 10414ms (cache miss)
1864 timing metavuln:packument:@babel/runtime Completed in 10417ms
1865 timing metavuln:load:security-advisory:@babel/runtime:1104000 Completed in 3ms
1866 http fetch GET 200 https://registry.npmjs.org/sigstore/-/sigstore-1.9.0.tgz 13073ms (cache miss)
1867 timing reifyNode:node_modules/sigstore Completed in 13561ms
1868 http fetch GET 200 https://registry.npmjs.org/v8-to-istanbul/-/v8-to-istanbul-9.2.0.tgz 13132ms (cache miss)
1869 timing reifyNode:node_modules/v8-to-istanbul Completed in 13573ms
1870 timing metavuln:cache:put:security-advisory:@babel/runtime:xDaNmlS3J8LRk7IfDb7e9Gp3gcy/xDr1QZXCKC997SMkqKVemm2guY9vQpRI6omD11L5cfCI+STpoAdxUgnVsA== Completed in 19ms
1871 timing metavuln:calculate:security-advisory:@babel/runtime:1104000 Completed in 10440ms
1872 http fetch GET 200 https://registry.npmjs.org/wkx/-/wkx-0.5.0.tgz 13172ms (cache miss)
1873 timing reifyNode:node_modules/wkx Completed in 13607ms
1874 http fetch GET 200 https://registry.npmjs.org/avvio/-/avvio-8.3.0.tgz 12707ms (cache miss)
1875 timing reifyNode:node_modules/avvio Completed in 13540ms
1876 http fetch GET 200 https://registry.npmjs.org/@eslint-community/eslint-utils/-/eslint-utils-4.4.0.tgz 12626ms (cache miss)
1877 timing reifyNode:node_modules/@eslint-community/eslint-utils Completed in 13539ms
1878 http fetch GET 200 https://registry.npmjs.org/yargs/-/yargs-17.7.2.tgz 13197ms (cache miss)
1879 timing reifyNode:node_modules/yargs Completed in 13630ms
1880 http fetch GET 200 https://registry.npmjs.org/picomatch/-/picomatch-2.3.1.tgz 13090ms (cache miss)
1881 timing reifyNode:node_modules/picomatch Completed in 13641ms
1882 http fetch GET 200 https://registry.npmjs.org/has-yarn/-/has-yarn-3.0.0.tgz 13083ms (cache miss)
1883 timing reifyNode:node_modules/has-yarn Completed in 13811ms
1884 http fetch GET 200 https://registry.npmjs.org/ieee754/-/ieee754-1.2.1.tgz 13119ms (cache miss)
1885 timing reifyNode:node_modules/ieee754 Completed in 13828ms
1886 http fetch GET 200 https://registry.npmjs.org/get-stdin/-/get-stdin-8.0.0.tgz 13088ms (cache miss)
1887 timing reifyNode:node_modules/get-stdin Completed in 13828ms
1888 http fetch GET 200 https://registry.npmjs.org/indent-string/-/indent-string-4.0.0.tgz 13127ms (cache miss)
1889 timing reifyNode:node_modules/indent-string Completed in 13833ms
1890 http fetch GET 200 https://registry.npmjs.org/get-stream/-/get-stream-6.0.1.tgz 13102ms (cache miss)
1891 timing reifyNode:node_modules/get-stream Completed in 13843ms
1892 http fetch GET 200 https://registry.npmjs.org/@webassemblyjs/helper-wasm-bytecode/-/helper-wasm-bytecode-1.11.6.tgz 12962ms (cache miss)
1893 timing reifyNode:node_modules/@webassemblyjs/helper-wasm-bytecode Completed in 13822ms
1894 http fetch GET 200 https://registry.npmjs.org/import-local/-/import-local-3.1.0.tgz 13151ms (cache miss)
1895 timing reifyNode:node_modules/import-local Completed in 13857ms
1896 http fetch GET 200 https://registry.npmjs.org/imurmurhash/-/imurmurhash-0.1.4.tgz 13151ms (cache miss)
1897 timing reifyNode:node_modules/imurmurhash Completed in 13857ms
1898 http fetch GET 200 https://registry.npmjs.org/fs.realpath/-/fs.realpath-1.0.0.tgz 13141ms (cache miss)
1899 timing reifyNode:node_modules/fs.realpath Completed in 13887ms
1900 http fetch GET 200 https://registry.npmjs.org/fs-constants/-/fs-constants-1.0.0.tgz 13164ms (cache miss)
1901 timing reifyNode:node_modules/fs-constants Completed in 13911ms
1902 http fetch GET 200 https://registry.npmjs.org/ignore-walk/-/ignore-walk-6.0.4.tgz 13215ms (cache miss)
1903 timing reifyNode:node_modules/ignore-walk Completed in 13923ms
1904 http fetch GET 200 https://registry.npmjs.org/fb-watchman/-/fb-watchman-2.0.2.tgz 13174ms (cache miss)
1905 timing reifyNode:node_modules/fb-watchman Completed in 13923ms
1906 http fetch GET 200 https://registry.npmjs.org/gensync/-/gensync-1.0.0-beta.2.tgz 13220ms (cache miss)
1907 timing reifyNode:node_modules/gensync Completed in 13962ms
1908 http fetch GET 200 https://registry.npmjs.org/functions-have-names/-/functions-have-names-1.2.3.tgz 13230ms (cache miss)
1909 timing reifyNode:node_modules/functions-have-names Completed in 13974ms
1910 http fetch GET 200 https://registry.npmjs.org/html-escaper/-/html-escaper-2.0.2.tgz 13254ms (cache miss)
1911 timing reifyNode:node_modules/html-escaper Completed in 13980ms
1912 http fetch GET 200 https://registry.npmjs.org/internal-slot/-/internal-slot-1.0.7.tgz 13281ms (cache miss)
1913 timing reifyNode:node_modules/internal-slot Completed in 13983ms
1914 http fetch GET 200 https://registry.npmjs.org/get-package-type/-/get-package-type-0.1.0.tgz 13238ms (cache miss)
1915 timing reifyNode:node_modules/get-package-type Completed in 13979ms
1916 http fetch GET 200 https://registry.npmjs.org/is-bigint/-/is-bigint-1.0.4.tgz 13292ms (cache miss)
1917 timing reifyNode:node_modules/is-bigint Completed in 13993ms
1918 http fetch GET 200 https://registry.npmjs.org/mdurl/-/mdurl-1.0.1.tgz 13384ms (cache miss)
1919 timing reifyNode:node_modules/mdurl Completed in 14005ms
1920 http fetch GET 200 https://registry.npmjs.org/file-entry-cache/-/file-entry-cache-6.0.1.tgz 13254ms (cache miss)
1921 timing reifyNode:node_modules/file-entry-cache Completed in 14002ms
1922 http fetch GET 200 https://registry.npmjs.org/forwarded/-/forwarded-0.2.0.tgz 13260ms (cache miss)
1923 timing reifyNode:node_modules/forwarded Completed in 14007ms
1924 http fetch GET 200 https://registry.npmjs.org/ignore/-/ignore-5.2.0.tgz 13308ms (cache miss)
1925 timing reifyNode:node_modules/ignore Completed in 14015ms
1926 http fetch GET 200 https://registry.npmjs.org/is-array-buffer/-/is-array-buffer-3.0.4.tgz 13319ms (cache miss)
1927 timing reifyNode:node_modules/is-array-buffer Completed in 14020ms
1928 http fetch GET 200 https://registry.npmjs.org/gauge/-/gauge-4.0.4.tgz 13276ms (cache miss)
1929 timing reifyNode:node_modules/gauge Completed in 14020ms
1930 http fetch GET 200 https://registry.npmjs.org/human-signals/-/human-signals-2.1.0.tgz 13303ms (cache miss)
1931 timing reifyNode:node_modules/human-signals Completed in 14024ms
1932 http fetch GET 200 https://registry.npmjs.org/is-fullwidth-code-point/-/is-fullwidth-code-point-3.0.0.tgz 13391ms (cache miss)
1933 timing reifyNode:node_modules/is-fullwidth-code-point Completed in 14082ms
1934 http fetch GET 200 https://registry.npmjs.org/jest-leak-detector/-/jest-leak-detector-29.7.0.tgz 13423ms (cache miss)
1935 timing reifyNode:node_modules/jest-leak-detector Completed in 14087ms
1936 http fetch GET 200 https://registry.npmjs.org/eslint-config-airbnb-base/-/eslint-config-airbnb-base-15.0.0.tgz 13300ms (cache miss)
1937 timing reifyNode:node_modules/eslint-config-airbnb-base Completed in 14071ms
1938 http fetch GET 200 https://registry.npmjs.org/is-ci/-/is-ci-3.0.1.tgz 13391ms (cache miss)
1939 timing reifyNode:node_modules/is-ci Completed in 14086ms
1940 http fetch GET 200 https://registry.npmjs.org/interpret/-/interpret-2.2.0.tgz 13385ms (cache miss)
1941 timing reifyNode:node_modules/interpret Completed in 14086ms
1942 http fetch GET 200 https://registry.npmjs.org/kleur/-/kleur-3.0.3.tgz 13464ms (cache miss)
1943 timing reifyNode:node_modules/kleur Completed in 14100ms
1944 http fetch GET 200 https://registry.npmjs.org/uuid/-/uuid-8.3.2.tgz 13701ms (cache miss)
1945 timing reifyNode:node_modules/uuid Completed in 14143ms
1946 http fetch GET 200 https://registry.npmjs.org/is-docker/-/is-docker-2.2.1.tgz 13419ms (cache miss)
1947 timing reifyNode:node_modules/is-docker Completed in 14112ms
1948 http fetch GET 200 https://registry.npmjs.org/@eslint-community/regexpp/-/regexpp-4.10.0.tgz 13160ms (cache miss)
1949 timing reifyNode:node_modules/@eslint-community/regexpp Completed in 14073ms
1950 http fetch GET 200 https://registry.npmjs.org/jest-resolve-dependencies/-/jest-resolve-dependencies-29.7.0.tgz 13465ms (cache miss)
1951 timing reifyNode:node_modules/jest-resolve-dependencies Completed in 14120ms
1952 http fetch GET 200 https://registry.npmjs.org/kind-of/-/kind-of-6.0.3.tgz 13490ms (cache miss)
1953 timing reifyNode:node_modules/kind-of Completed in 14127ms
1954 http fetch GET 200 https://registry.npmjs.org/jsonlines/-/jsonlines-0.1.1.tgz 13543ms (cache miss)
1955 timing reifyNode:node_modules/jsonlines Completed in 14186ms
1956 http fetch GET 200 https://registry.npmjs.org/generify/-/generify-4.2.0.tgz 13433ms (cache miss)
1957 timing reifyNode:node_modules/generify Completed in 14177ms
1958 http fetch GET 200 https://registry.npmjs.org/is-expression/-/is-expression-4.0.0.tgz 13492ms (cache miss)
1959 timing reifyNode:node_modules/is-expression Completed in 14184ms
1960 http fetch GET 200 https://registry.npmjs.org/latest-version/-/latest-version-7.0.0.tgz 13557ms (cache miss)
1961 timing reifyNode:node_modules/latest-version Completed in 14194ms
1962 http fetch GET 200 https://registry.npmjs.org/is-data-view/-/is-data-view-1.0.1.tgz 13498ms (cache miss)
1963 timing reifyNode:node_modules/is-data-view Completed in 14192ms
1964 http fetch GET 200 https://registry.npmjs.org/@bcoe/v8-coverage/-/v8-coverage-0.2.3.tgz 13237ms (cache miss)
1965 timing reifyNode:node_modules/@bcoe/v8-coverage Completed in 14151ms
1966 http fetch GET 200 https://registry.npmjs.org/ini/-/ini-2.0.0.tgz 13494ms (cache miss)
1967 timing reifyNode:node_modules/ini Completed in 14198ms
1968 http fetch GET 200 https://registry.npmjs.org/is-date-object/-/is-date-object-1.0.5.tgz 13515ms (cache miss)
1969 timing reifyNode:node_modules/is-date-object Completed in 14208ms
1970 http fetch GET 200 https://registry.npmjs.org/jest-runner/-/jest-runner-29.7.0.tgz 13555ms (cache miss)
1971 timing reifyNode:node_modules/jest-runner Completed in 14216ms
1972 http fetch GET 200 https://registry.npmjs.org/keyv/-/keyv-4.5.4.tgz 13579ms (cache miss)
1973 timing reifyNode:node_modules/keyv Completed in 14219ms
1974 http fetch GET 200 https://registry.npmjs.org/has-proto/-/has-proto-1.0.3.tgz 13478ms (cache miss)
1975 timing reifyNode:node_modules/has-proto Completed in 14209ms
1976 http fetch GET 200 https://registry.npmjs.org/help-me/-/help-me-4.2.0.tgz 13490ms (cache miss)
1977 timing reifyNode:node_modules/help-me Completed in 14216ms
1978 http fetch GET 200 https://registry.npmjs.org/light-my-request/-/light-my-request-5.13.0.tgz 13591ms (cache miss)
1979 timing reifyNode:node_modules/light-my-request Completed in 14227ms
1980 http fetch GET 200 https://registry.npmjs.org/is-callable/-/is-callable-1.2.7.tgz 13522ms (cache miss)
1981 timing reifyNode:node_modules/is-callable Completed in 14221ms
1982 http fetch GET 200 https://registry.npmjs.org/jest-resolve/-/jest-resolve-29.7.0.tgz 13565ms (cache miss)
1983 timing reifyNode:node_modules/jest-resolve Completed in 14226ms
1984 http fetch GET 200 https://registry.npmjs.org/@colors/colors/-/colors-1.5.0.tgz 13267ms (cache miss)
1985 timing reifyNode:node_modules/@colors/colors Completed in 14182ms
1986 http fetch GET 200 https://registry.npmjs.org/ipaddr.js/-/ipaddr.js-1.9.1.tgz 13523ms (cache miss)
1987 timing reifyNode:node_modules/ipaddr.js Completed in 14224ms
1988 http fetch GET 200 https://registry.npmjs.org/micromatch/-/micromatch-4.0.5.tgz 13639ms (cache miss)
1989 timing reifyNode:node_modules/micromatch Completed in 14255ms
1990 http fetch GET 200 https://registry.npmjs.org/jest-snapshot/-/jest-snapshot-29.7.0.tgz 13605ms (cache miss)
1991 timing reifyNode:node_modules/jest-snapshot Completed in 14259ms
1992 http fetch GET 200 https://registry.npmjs.org/postcss-selector-parser/-/postcss-selector-parser-6.0.16.tgz 13779ms (cache miss)
1993 timing reifyNode:node_modules/postcss-selector-parser Completed in 14318ms
1994 http fetch GET 200 https://registry.npmjs.org/jju/-/jju-1.4.0.tgz 13671ms (cache miss)
1995 timing reifyNode:node_modules/jju Completed in 14322ms
1996 http fetch GET 200 https://registry.npmjs.org/file-uri-to-path/-/file-uri-to-path-1.0.0.tgz 13608ms (cache miss)
1997 timing reifyNode:node_modules/file-uri-to-path Completed in 14356ms
1998 http fetch GET 200 https://registry.npmjs.org/fast-decode-uri-component/-/fast-decode-uri-component-1.0.1.tgz 13600ms (cache miss)
1999 timing reifyNode:node_modules/fast-decode-uri-component Completed in 14359ms
2000 http fetch GET 200 https://registry.npmjs.org/fast-content-type-parse/-/fast-content-type-parse-1.1.0.tgz 13601ms (cache miss)
2001 timing reifyNode:node_modules/fast-content-type-parse Completed in 14361ms
2002 http fetch GET 200 https://registry.npmjs.org/fast-levenshtein/-/fast-levenshtein-2.0.6.tgz 13606ms (cache miss)
2003 timing reifyNode:node_modules/fast-levenshtein Completed in 14363ms
2004 http fetch GET 200 https://registry.npmjs.org/for-each/-/for-each-0.3.3.tgz 13629ms (cache miss)
2005 timing reifyNode:node_modules/for-each Completed in 14376ms
2006 http fetch GET 200 https://registry.npmjs.org/get-caller-file/-/get-caller-file-2.0.5.tgz 13642ms (cache miss)
2007 timing reifyNode:node_modules/get-caller-file Completed in 14385ms
2008 http fetch GET 200 https://registry.npmjs.org/fill-range/-/fill-range-7.0.1.tgz 13635ms (cache miss)
2009 timing reifyNode:node_modules/fill-range Completed in 14382ms
2010 http fetch GET 200 https://registry.npmjs.org/fastify-plugin/-/fastify-plugin-3.0.1.tgz 13648ms (cache miss)
2011 timing reifyNode:node_modules/fastify-plugin Completed in 14403ms
2012 http fetch GET 200 https://registry.npmjs.org/fp-and-or/-/fp-and-or-0.1.4.tgz 13673ms (cache miss)
2013 timing reifyNode:node_modules/fp-and-or Completed in 14420ms
2014 http fetch GET 200 https://registry.npmjs.org/estraverse/-/estraverse-5.3.0.tgz 13659ms (cache miss)
2015 timing reifyNode:node_modules/estraverse Completed in 14427ms
2016 http fetch GET 200 https://registry.npmjs.org/fast-querystring/-/fast-querystring-1.0.0.tgz 13674ms (cache miss)
2017 timing reifyNode:node_modules/fast-querystring Completed in 14431ms
2018 http fetch GET 200 https://registry.npmjs.org/ext/-/ext-1.7.0.tgz 13703ms (cache miss)
2019 timing reifyNode:node_modules/ext Completed in 14463ms
2020 http fetch GET 200 https://registry.npmjs.org/find-up/-/find-up-5.0.0.tgz 13735ms (cache miss)
2021 timing reifyNode:node_modules/find-up Completed in 14482ms
2022 http fetch GET 200 https://registry.npmjs.org/function-bind/-/function-bind-1.1.2.tgz 13746ms (cache miss)
2023 timing reifyNode:node_modules/function-bind Completed in 14492ms
2024 http fetch GET 200 https://registry.npmjs.org/fs-minipass/-/fs-minipass-2.1.0.tgz 13748ms (cache miss)
2025 timing reifyNode:node_modules/fs-minipass Completed in 14492ms
2026 http fetch GET 200 https://registry.npmjs.org/fastest-levenshtein/-/fastest-levenshtein-1.0.16.tgz 13741ms (cache miss)
2027 timing reifyNode:node_modules/fastest-levenshtein Completed in 14497ms
2028 http fetch GET 200 https://registry.npmjs.org/fastq/-/fastq-1.17.1.tgz 13749ms (cache miss)
2029 timing reifyNode:node_modules/fastq Completed in 14503ms
2030 http fetch GET 200 https://registry.npmjs.org/tsconfig-paths/-/tsconfig-paths-3.15.0.tgz 14109ms (cache miss)
2031 timing reifyNode:node_modules/tsconfig-paths Completed in 14565ms
2032 http fetch GET 200 https://registry.npmjs.org/exit/-/exit-0.1.2.tgz 13754ms (cache miss)
2033 timing reifyNode:node_modules/exit Completed in 14515ms
2034 http fetch GET 200 https://registry.npmjs.org/foreground-child/-/foreground-child-3.1.1.tgz 13775ms (cache miss)
2035 timing reifyNode:node_modules/foreground-child Completed in 14523ms
2036 http fetch GET 200 https://registry.npmjs.org/flat-cache/-/flat-cache-3.2.0.tgz 13777ms (cache miss)
2037 timing reifyNode:node_modules/flat-cache Completed in 14522ms
2038 http fetch GET 200 https://registry.npmjs.org/flatted/-/flatted-3.3.1.tgz 13796ms (cache miss)
2039 timing reifyNode:node_modules/flatted Completed in 14543ms
2040 http fetch GET 200 https://registry.npmjs.org/fastify-error-page/-/fastify-error-page-4.0.0.tgz 13791ms (cache miss)
2041 timing reifyNode:node_modules/fastify-error-page Completed in 14544ms
2042 http fetch GET 200 https://registry.npmjs.org/form-data-encoder/-/form-data-encoder-2.1.0.tgz 13801ms (cache miss)
2043 timing reifyNode:node_modules/form-data-encoder Completed in 14551ms
2044 http fetch GET 200 https://registry.npmjs.org/get-intrinsic/-/get-intrinsic-1.2.4.tgz 13811ms (cache miss)
2045 timing reifyNode:node_modules/get-intrinsic Completed in 14555ms
2046 http fetch GET 200 https://registry.npmjs.org/fastify-reverse-routes/-/fastify-reverse-routes-3.0.0.tgz 13797ms (cache miss)
2047 timing reifyNode:node_modules/fastify-reverse-routes Completed in 14551ms
2048 http fetch GET 200 https://registry.npmjs.org/available-typed-arrays/-/available-typed-arrays-1.0.7.tgz 13712ms (cache miss)
2049 timing reifyNode:node_modules/available-typed-arrays Completed in 14544ms
2050 http fetch GET 200 https://registry.npmjs.org/json-parse-even-better-errors/-/json-parse-even-better-errors-2.3.1.tgz 13937ms (cache miss)
2051 timing reifyNode:node_modules/json-parse-even-better-errors Completed in 14582ms
2052 http fetch GET 200 https://registry.npmjs.org/expect/-/expect-29.7.0.tgz 13810ms (cache miss)
2053 timing reifyNode:node_modules/expect Completed in 14571ms
2054 http fetch GET 200 https://registry.npmjs.org/js-stringify/-/js-stringify-1.0.2.tgz 13997ms (cache miss)
2055 timing reifyNode:node_modules/js-stringify Completed in 14646ms
2056 http fetch GET 200 https://registry.npmjs.org/jest-get-type/-/jest-get-type-29.6.3.tgz 13981ms (cache miss)
2057 timing reifyNode:node_modules/jest-get-type Completed in 14644ms
2058 http fetch GET 200 https://registry.npmjs.org/jest-regex-util/-/jest-regex-util-29.6.3.tgz 13986ms (cache miss)
2059 timing reifyNode:node_modules/jest-regex-util Completed in 14648ms
2060 http fetch GET 200 https://registry.npmjs.org/merge2/-/merge2-1.4.1.tgz 14042ms (cache miss)
2061 timing reifyNode:node_modules/merge2 Completed in 14657ms
2062 http fetch GET 200 https://registry.npmjs.org/next-tick/-/next-tick-1.1.0.tgz 14063ms (cache miss)
2063 http fetch GET 200 https://registry.npmjs.org/mimic-fn/-/mimic-fn-2.1.0.tgz 14049ms (cache miss)
2064 timing reifyNode:node_modules/mimic-fn Completed in 14662ms
2065 timing reifyNode:node_modules/next-tick Completed in 14671ms
2066 http fetch GET 200 https://registry.npmjs.org/mime-types/-/mime-types-2.1.35.tgz 14050ms (cache miss)
2067 timing reifyNode:node_modules/mime-types Completed in 14671ms
2068 http fetch GET 200 https://registry.npmjs.org/minipass-json-stream/-/minipass-json-stream-1.0.1.tgz 14083ms (cache miss)
2069 timing reifyNode:node_modules/minipass-json-stream Completed in 14691ms
2070 http fetch GET 200 https://registry.npmjs.org/json-stable-stringify-without-jsonify/-/json-stable-stringify-without-jsonify-1.0.1.tgz 14051ms (cache miss)
2071 http fetch GET 200 https://registry.npmjs.org/minizlib/-/minizlib-2.1.2.tgz 14099ms (cache miss)
2072 timing reifyNode:node_modules/minizlib Completed in 14705ms
2073 timing reifyNode:node_modules/json-stable-stringify-without-jsonify Completed in 14705ms
2074 http fetch GET 200 https://registry.npmjs.org/jest-watcher/-/jest-watcher-29.7.0.tgz 14052ms (cache miss)
2075 timing reifyNode:node_modules/jest-watcher Completed in 14704ms
2076 http fetch GET 200 https://registry.npmjs.org/negotiator/-/negotiator-0.6.3.tgz 14118ms (cache miss)
2077 timing reifyNode:node_modules/negotiator Completed in 14719ms
2078 http fetch GET 200 https://registry.npmjs.org/fast-glob/-/fast-glob-3.2.11.tgz 13954ms (cache miss)
2079 http fetch GET 200 https://registry.npmjs.org/fast-redact/-/fast-redact-3.5.0.tgz 13957ms (cache miss)
2080 timing reifyNode:node_modules/fast-redact Completed in 14713ms
2081 timing reifyNode:node_modules/fast-glob Completed in 14727ms
2082 http fetch GET 200 https://registry.npmjs.org/@types/ms/-/ms-0.7.34.tgz 13841ms (cache miss)
2083 timing reifyNode:node_modules/@types/ms Completed in 14708ms
2084 http fetch GET 200 https://registry.npmjs.org/natural-compare/-/natural-compare-1.4.0.tgz 14162ms (cache miss)
2085 timing reifyNode:node_modules/natural-compare Completed in 14763ms
2086 http fetch GET 200 https://registry.npmjs.org/joycon/-/joycon-3.1.1.tgz 14106ms (cache miss)
2087 timing reifyNode:node_modules/joycon Completed in 14756ms
2088 http fetch GET 200 https://registry.npmjs.org/void-elements/-/void-elements-3.1.0.tgz 14355ms (cache miss)
2089 timing reifyNode:node_modules/void-elements Completed in 14794ms
2090 http fetch GET 200 https://registry.npmjs.org/minimist/-/minimist-1.2.6.tgz 14151ms (cache miss)
2091 timing reifyNode:node_modules/minimist Completed in 14762ms
2092 http fetch GET 200 https://registry.npmjs.org/@webpack-cli/serve/-/serve-2.0.5.tgz 13874ms (cache miss)
2093 timing reifyNode:node_modules/@webpack-cli/serve Completed in 14724ms
2094 http fetch GET 200 https://registry.npmjs.org/update-browserslist-db/-/update-browserslist-db-1.0.13.tgz 14360ms (cache miss)
2095 timing reifyNode:node_modules/update-browserslist-db Completed in 14801ms
2096 http fetch GET 200 https://registry.npmjs.org/typed-array-byte-offset/-/typed-array-byte-offset-1.0.2.tgz 14357ms (cache miss)
2097 timing reifyNode:node_modules/typed-array-byte-offset Completed in 14810ms
2098 http fetch GET 200 https://registry.npmjs.org/jstransformer/-/jstransformer-1.0.0.tgz 14137ms (cache miss)
2099 timing reifyNode:node_modules/jstransformer Completed in 14776ms
2100 http fetch GET 200 https://registry.npmjs.org/@jest/test-sequencer/-/test-sequencer-29.7.0.tgz 13841ms (cache miss)
2101 timing reifyNode:node_modules/@jest/test-sequencer Completed in 14740ms
2102 http fetch GET 200 https://registry.npmjs.org/lru-cache/-/lru-cache-5.1.1.tgz 14172ms (cache miss)
2103 timing reifyNode:node_modules/lru-cache Completed in 14798ms
2104 http fetch GET 200 https://registry.npmjs.org/@fastify/accept-negotiator/-/accept-negotiator-1.0.0.tgz 13835ms (cache miss)
2105 timing reifyNode:node_modules/@fastify/accept-negotiator Completed in 14747ms
2106 http fetch GET 200 https://registry.npmjs.org/@types/jest/-/jest-29.5.12.tgz 13901ms (cache miss)
2107 timing reifyNode:node_modules/@types/jest Completed in 14768ms
2108 http fetch GET 200 https://registry.npmjs.org/js-tokens/-/js-tokens-4.0.0.tgz 14161ms (cache miss)
2109 timing reifyNode:node_modules/js-tokens Completed in 14808ms
2110 http fetch GET 200 https://registry.npmjs.org/hashlru/-/hashlru-2.3.0.tgz 14111ms (cache miss)
2111 timing reifyNode:node_modules/hashlru Completed in 14838ms
2112 http fetch GET 200 https://registry.npmjs.org/nanoid/-/nanoid-3.3.7.tgz 14317ms (cache miss)
2113 http fetch GET 200 https://registry.npmjs.org/inherits/-/inherits-2.0.4.tgz 14202ms (cache miss)
2114 timing reifyNode:node_modules/inherits Completed in 14906ms
2115 timing reifyNode:node_modules/nanoid Completed in 14935ms
2116 http fetch GET 200 https://registry.npmjs.org/humanize-ms/-/humanize-ms-1.2.1.tgz 14214ms (cache miss)
2117 timing reifyNode:node_modules/humanize-ms Completed in 14931ms
2118 http fetch GET 200 https://registry.npmjs.org/promise-retry/-/promise-retry-2.0.1.tgz 14431ms (cache miss)
2119 timing reifyNode:node_modules/promise-retry Completed in 14965ms
2120 http fetch GET 200 https://registry.npmjs.org/bser/-/bser-2.1.1.tgz 14100ms (cache miss)
2121 timing reifyNode:node_modules/bser Completed in 14922ms
2122 http fetch GET 200 https://registry.npmjs.org/json-parse-helpfulerror/-/json-parse-helpfulerror-1.0.3.tgz 14308ms (cache miss)
2123 timing reifyNode:node_modules/json-parse-helpfulerror Completed in 14953ms
2124 http fetch GET 200 https://registry.npmjs.org/infer-owner/-/infer-owner-1.0.4.tgz 14241ms (cache miss)
2125 timing reifyNode:node_modules/infer-owner Completed in 14946ms
2126 http fetch GET 200 https://registry.npmjs.org/inflight/-/inflight-1.0.6.tgz 14242ms (cache miss)
2127 timing reifyNode:node_modules/inflight Completed in 14947ms
2128 http fetch GET 200 https://registry.npmjs.org/is-arrayish/-/is-arrayish-0.2.1.tgz 14247ms (cache miss)
2129 timing reifyNode:node_modules/is-arrayish Completed in 14948ms
2130 http fetch GET 200 https://registry.npmjs.org/process/-/process-0.11.10.tgz 14434ms (cache miss)
2131 timing reifyNode:node_modules/process Completed in 14971ms
2132 http fetch GET 200 https://registry.npmjs.org/is-generator-fn/-/is-generator-fn-2.1.0.tgz 14260ms (cache miss)
2133 timing reifyNode:node_modules/is-generator-fn Completed in 14949ms
2134 http fetch GET 200 https://registry.npmjs.org/jest-message-util/-/jest-message-util-29.7.0.tgz 14291ms (cache miss)
2135 timing reifyNode:node_modules/jest-message-util Completed in 14953ms
2136 http fetch GET 200 https://registry.npmjs.org/json-buffer/-/json-buffer-3.0.1.tgz 14312ms (cache miss)
2137 timing reifyNode:node_modules/json-buffer Completed in 14958ms
2138 http fetch GET 200 https://registry.npmjs.org/http-proxy-agent/-/http-proxy-agent-5.0.0.tgz 14232ms (cache miss)
2139 timing reifyNode:node_modules/http-proxy-agent Completed in 14954ms
2140 http fetch GET 200 https://registry.npmjs.org/import-lazy/-/import-lazy-4.0.0.tgz 14249ms (cache miss)
2141 timing reifyNode:node_modules/import-lazy Completed in 14956ms
2142 http fetch GET 200 https://registry.npmjs.org/minipass-sized/-/minipass-sized-1.0.3.tgz 14362ms (cache miss)
2143 timing reifyNode:node_modules/minipass-sized Completed in 14969ms
2144 http fetch GET 200 https://registry.npmjs.org/@webpack-cli/info/-/info-2.0.2.tgz 14079ms (cache miss)
2145 timing reifyNode:node_modules/@webpack-cli/info Completed in 14931ms
2146 http fetch GET 200 https://registry.npmjs.org/hosted-git-info/-/hosted-git-info-5.2.1.tgz 14231ms (cache miss)
2147 timing reifyNode:node_modules/hosted-git-info Completed in 14958ms
2148 http fetch GET 200 https://registry.npmjs.org/jstransformer-markdown-it/-/jstransformer-markdown-it-3.0.0.tgz 14332ms (cache miss)
2149 timing reifyNode:node_modules/jstransformer-markdown-it Completed in 14970ms
2150 http fetch GET 200 https://registry.npmjs.org/@types/graceful-fs/-/graceful-fs-4.1.9.tgz 14064ms (cache miss)
2151 timing reifyNode:node_modules/@types/graceful-fs Completed in 14933ms
2152 http fetch GET 200 https://registry.npmjs.org/icss-utils/-/icss-utils-5.1.0.tgz 14255ms (cache miss)
2153 timing reifyNode:node_modules/icss-utils Completed in 14963ms
2154 http fetch GET 200 https://registry.npmjs.org/@types/stack-utils/-/stack-utils-2.0.3.tgz 14070ms (cache miss)
2155 timing reifyNode:node_modules/@types/stack-utils Completed in 14935ms
2156 http fetch GET 200 https://registry.npmjs.org/@babel/plugin-syntax-jsx/-/plugin-syntax-jsx-7.24.1.tgz 13999ms (cache miss)
2157 timing reifyNode:node_modules/@babel/plugin-syntax-jsx Completed in 14926ms
2158 http fetch GET 200 https://registry.npmjs.org/json-schema-traverse/-/json-schema-traverse-0.4.1.tgz 14332ms (cache miss)
2159 timing reifyNode:node_modules/json-schema-traverse Completed in 14975ms
2160 http fetch GET 200 https://registry.npmjs.org/hasown/-/hasown-2.0.2.tgz 14239ms (cache miss)
2161 timing reifyNode:node_modules/hasown Completed in 14967ms
2162 http fetch GET 200 https://registry.npmjs.org/@webassemblyjs/helper-wasm-section/-/helper-wasm-section-1.12.1.tgz 14089ms (cache miss)
2163 http fetch GET 200 https://registry.npmjs.org/@humanwhocodes/object-schema/-/object-schema-2.0.3.tgz 14043ms (cache miss)
2164 timing reifyNode:node_modules/@humanwhocodes/object-schema Completed in 14945ms
2165 timing reifyNode:node_modules/@webassemblyjs/helper-wasm-section Completed in 14953ms
2166 http fetch GET 200 https://registry.npmjs.org/jsonparse/-/jsonparse-1.3.1.tgz 14352ms (cache miss)
2167 http fetch GET 200 https://registry.npmjs.org/has-bigints/-/has-bigints-1.0.2.tgz 14253ms (cache miss)
2168 timing reifyNode:node_modules/has-bigints Completed in 14983ms
2169 timing reifyNode:node_modules/jsonparse Completed in 14996ms
2170 http fetch GET 200 https://registry.npmjs.org/jest-util/-/jest-util-29.7.0.tgz 14342ms (cache miss)
2171 timing reifyNode:node_modules/jest-util Completed in 14995ms
2172 http fetch GET 200 https://registry.npmjs.org/js-cookie/-/js-cookie-3.0.5.tgz 14349ms (cache miss)
2173 timing reifyNode:node_modules/js-cookie Completed in 15000ms
2174 http fetch GET 200 https://registry.npmjs.org/https-proxy-agent/-/https-proxy-agent-5.0.1.tgz 14275ms (cache miss)
2175 timing reifyNode:node_modules/https-proxy-agent Completed in 14993ms
2176 http fetch GET 200 https://registry.npmjs.org/@webassemblyjs/helper-numbers/-/helper-numbers-1.11.6.tgz 14105ms (cache miss)
2177 timing reifyNode:node_modules/@webassemblyjs/helper-numbers Completed in 14965ms
2178 http fetch GET 200 https://registry.npmjs.org/postgres-interval/-/postgres-interval-1.2.0.tgz 14485ms (cache miss)
2179 timing reifyNode:node_modules/postgres-interval Completed in 15022ms
2180 http fetch GET 200 https://registry.npmjs.org/@webassemblyjs/wasm-gen/-/wasm-gen-1.12.1.tgz 14117ms (cache miss)
2181 timing reifyNode:node_modules/@webassemblyjs/wasm-gen Completed in 14971ms
2182 http fetch GET 200 https://registry.npmjs.org/jest-worker/-/jest-worker-29.7.0.tgz 14417ms (cache miss)
2183 timing reifyNode:node_modules/jest-worker Completed in 15069ms
2184 http fetch GET 200 https://registry.npmjs.org/inflection/-/inflection-1.13.4.tgz 14379ms (cache miss)
2185 timing reifyNode:node_modules/inflection Completed in 15084ms
2186 http fetch GET 200 https://registry.npmjs.org/@webassemblyjs/leb128/-/leb128-1.11.6.tgz 14234ms (cache miss)
2187 timing reifyNode:node_modules/@webassemblyjs/leb128 Completed in 15095ms
2188 http fetch GET 200 https://registry.npmjs.org/http-cache-semantics/-/http-cache-semantics-4.1.1.tgz 14397ms (cache miss)
2189 timing reifyNode:node_modules/http-cache-semantics Completed in 15123ms
2190 http fetch GET 200 https://registry.npmjs.org/jsesc/-/jsesc-2.5.2.tgz 14486ms (cache miss)
2191 timing reifyNode:node_modules/jsesc Completed in 15132ms
2192 http fetch GET 200 https://registry.npmjs.org/node-int64/-/node-int64-0.4.0.tgz 14573ms (cache miss)
2193 timing reifyNode:node_modules/node-int64 Completed in 15170ms
2194 http fetch GET 200 https://registry.npmjs.org/anymatch/-/anymatch-3.1.2.tgz 14291ms (cache miss)
2195 timing reifyNode:node_modules/anymatch Completed in 15136ms
2196 http fetch GET 200 https://registry.npmjs.org/postgres-date/-/postgres-date-1.0.7.tgz 14693ms (cache miss)
2197 timing reifyNode:node_modules/postgres-date Completed in 15232ms
2198 http fetch GET 200 https://registry.npmjs.org/fs-extra/-/fs-extra-9.1.0.tgz 14473ms (cache miss)
2199 timing reifyNode:node_modules/fs-extra Completed in 15219ms
2200 http fetch GET 200 https://registry.npmjs.org/@webassemblyjs/utf8/-/utf8-1.11.6.tgz 14387ms (cache miss)
2201 timing reifyNode:node_modules/@webassemblyjs/utf8 Completed in 15247ms
2202 http fetch GET 200 https://registry.npmjs.org/@types/yargs-parser/-/yargs-parser-21.0.3.tgz 14397ms (cache miss)
2203 timing reifyNode:node_modules/@types/yargs-parser Completed in 15261ms
2204 http fetch GET 200 https://registry.npmjs.org/@types/debug/-/debug-4.1.12.tgz 14387ms (cache miss)
2205 timing reifyNode:node_modules/@types/debug Completed in 15262ms
2206 http fetch GET 200 https://registry.npmjs.org/postcss-value-parser/-/postcss-value-parser-4.2.0.tgz 14807ms (cache miss)
2207 timing reifyNode:node_modules/postcss-value-parser Completed in 15345ms
2208 http fetch GET 200 https://registry.npmjs.org/@webassemblyjs/wast-printer/-/wast-printer-1.12.1.tgz 14447ms (cache miss)
2209 timing reifyNode:node_modules/@webassemblyjs/wast-printer Completed in 15299ms
2210 http fetch GET 200 https://registry.npmjs.org/postgres-array/-/postgres-array-2.0.0.tgz 14823ms (cache miss)
2211 timing reifyNode:node_modules/postgres-array Completed in 15360ms
2212 http fetch GET 200 https://registry.npmjs.org/@webassemblyjs/helper-buffer/-/helper-buffer-1.12.1.tgz 14447ms (cache miss)
2213 timing reifyNode:node_modules/@webassemblyjs/helper-buffer Completed in 15309ms
2214 http fetch GET 200 https://registry.npmjs.org/@types/istanbul-lib-coverage/-/istanbul-lib-coverage-2.0.6.tgz 14439ms (cache miss)
2215 timing reifyNode:node_modules/@types/istanbul-lib-coverage Completed in 15308ms
2216 http fetch GET 200 https://registry.npmjs.org/process-warning/-/process-warning-3.0.0.tgz 14837ms (cache miss)
2217 timing reifyNode:node_modules/process-warning Completed in 15372ms
2218 http fetch GET 200 https://registry.npmjs.org/normalize-path/-/normalize-path-3.0.0.tgz 14781ms (cache miss)
2219 timing reifyNode:node_modules/normalize-path Completed in 15378ms
2220 http fetch GET 200 https://registry.npmjs.org/ajv-keywords/-/ajv-keywords-3.5.2.tgz 14557ms (cache miss)
2221 timing reifyNode:node_modules/ajv-keywords Completed in 15402ms
2222 http fetch GET 200 https://registry.npmjs.org/@types/eslint-scope/-/eslint-scope-3.7.4.tgz 14531ms (cache miss)
2223 timing reifyNode:node_modules/@types/eslint-scope Completed in 15408ms
2224 http fetch GET 200 https://registry.npmjs.org/npm-run-path/-/npm-run-path-4.0.1.tgz 14863ms (cache miss)
2225 timing reifyNode:node_modules/npm-run-path Completed in 15457ms
2226 http fetch GET 200 https://registry.npmjs.org/postcss-modules-values/-/postcss-modules-values-4.0.0.tgz 14923ms (cache miss)
2227 timing reifyNode:node_modules/postcss-modules-values Completed in 15462ms
2228 http fetch GET 200 https://registry.npmjs.org/p-map/-/p-map-4.0.0.tgz 14899ms (cache miss)
2229 timing reifyNode:node_modules/p-map Completed in 15458ms
2230 http fetch GET 200 https://registry.npmjs.org/proxy-addr/-/proxy-addr-2.0.7.tgz 14935ms (cache miss)
2231 timing reifyNode:node_modules/proxy-addr Completed in 15468ms
2232 http fetch GET 200 https://registry.npmjs.org/package-json/-/package-json-8.1.0.tgz 14904ms (cache miss)
2233 timing reifyNode:node_modules/package-json Completed in 15462ms
2234 http fetch GET 200 https://registry.npmjs.org/callsites/-/callsites-3.1.0.tgz 14626ms (cache miss)
2235 timing reifyNode:node_modules/callsites Completed in 15446ms
2236 http fetch GET 200 https://registry.npmjs.org/node-releases/-/node-releases-2.0.14.tgz 14890ms (cache miss)
2237 timing reifyNode:node_modules/node-releases Completed in 15488ms
2238 http fetch GET 200 https://registry.npmjs.org/node-abi/-/node-abi-3.60.0.tgz 14899ms (cache miss)
2239 timing reifyNode:node_modules/node-abi Completed in 15498ms
2240 http fetch GET 200 https://registry.npmjs.org/@npmcli/move-file/-/move-file-2.0.1.tgz 14570ms (cache miss)
2241 warn deprecated @npmcli/move-file@2.0.1: This functionality has been moved to @npmcli/fs
2242 timing reifyNode:node_modules/@npmcli/move-file Completed in 15457ms
2243 http fetch GET 200 https://registry.npmjs.org/npm-package-arg/-/npm-package-arg-10.1.0.tgz 14917ms (cache miss)
2244 timing reifyNode:node_modules/npm-package-arg Completed in 15512ms
2245 http fetch GET 200 https://registry.npmjs.org/mime-db/-/mime-db-1.52.0.tgz 14898ms (cache miss)
2246 timing reifyNode:node_modules/mime-db Completed in 15512ms
2247 http fetch GET 200 https://registry.npmjs.org/@npmcli/promise-spawn/-/promise-spawn-6.0.2.tgz 14583ms (cache miss)
2248 timing reifyNode:node_modules/@npmcli/promise-spawn Completed in 15470ms
2249 http fetch GET 200 https://registry.npmjs.org/node-gyp-build/-/node-gyp-build-4.8.0.tgz 14921ms (cache miss)
2250 timing reifyNode:node_modules/node-gyp-build Completed in 15520ms
2251 http fetch GET 200 https://registry.npmjs.org/object.groupby/-/object.groupby-1.0.3.tgz 14953ms (cache miss)
2252 timing reifyNode:node_modules/object.groupby Completed in 15530ms
2253 http fetch GET 200 https://registry.npmjs.org/pretty-format/-/pretty-format-29.7.0.tgz 15001ms (cache miss)
2254 timing reifyNode:node_modules/pretty-format Completed in 15537ms
2255 http fetch GET 200 https://registry.npmjs.org/nopt/-/nopt-5.0.0.tgz 14933ms (cache miss)
2256 timing reifyNode:node_modules/nopt Completed in 15530ms
2257 http fetch GET 200 https://registry.npmjs.org/npm-packlist/-/npm-packlist-7.0.4.tgz 14938ms (cache miss)
2258 timing reifyNode:node_modules/npm-packlist Completed in 15533ms
2259 http fetch GET 200 https://registry.npmjs.org/object.values/-/object.values-1.2.0.tgz 14967ms (cache miss)
2260 timing reifyNode:node_modules/object.values Completed in 15548ms
2261 http fetch GET 200 https://registry.npmjs.org/normalize-package-data/-/normalize-package-data-5.0.0.tgz 14951ms (cache miss)
2262 timing reifyNode:node_modules/normalize-package-data Completed in 15548ms
2263 http fetch GET 200 https://registry.npmjs.org/@sigstore/bundle/-/bundle-1.1.0.tgz 14624ms (cache miss)
2264 timing reifyNode:node_modules/@sigstore/bundle Completed in 15506ms
2265 http fetch GET 200 https://registry.npmjs.org/npm-registry-fetch/-/npm-registry-fetch-14.0.5.tgz 14963ms (cache miss)
2266 timing reifyNode:node_modules/npm-registry-fetch Completed in 15557ms
2267 http fetch GET 200 https://registry.npmjs.org/http2-wrapper/-/http2-wrapper-2.1.11.tgz 14818ms (cache miss)
2268 timing reifyNode:node_modules/http2-wrapper Completed in 15544ms
2269 http fetch GET 200 https://registry.npmjs.org/@pnpm/network.ca-file/-/network.ca-file-1.0.1.tgz 14627ms (cache miss)
2270 timing reifyNode:node_modules/@pnpm/network.ca-file Completed in 15513ms
2271 http fetch GET 200 https://registry.npmjs.org/optionator/-/optionator-0.9.3.tgz 15017ms (cache miss)
2272 timing reifyNode:node_modules/optionator Completed in 15579ms
2273 http fetch GET 200 https://registry.npmjs.org/@npmcli/installed-package-contents/-/installed-package-contents-2.0.2.tgz 14700ms (cache miss)
2274 timing reifyNode:node_modules/@npmcli/installed-package-contents Completed in 15593ms
2275 http fetch GET 200 https://registry.npmjs.org/object.assign/-/object.assign-4.1.5.tgz 15075ms (cache miss)
2276 timing reifyNode:node_modules/object.assign Completed in 15659ms
2277 http fetch GET 200 https://registry.npmjs.org/qs/-/qs-6.12.1.tgz 15215ms (cache miss)
2278 timing reifyNode:node_modules/qs Completed in 15738ms
2279 http fetch GET 200 https://registry.npmjs.org/find-my-way/-/find-my-way-8.1.0.tgz 14975ms (cache miss)
2280 timing reifyNode:node_modules/find-my-way Completed in 15722ms
2281 http fetch GET 200 https://registry.npmjs.org/pino-pretty/-/pino-pretty-11.0.0.tgz 15344ms (cache miss)
2282 timing reifyNode:node_modules/pino-pretty Completed in 15894ms
2283 http fetch GET 200 https://registry.npmjs.org/@eslint/eslintrc/-/eslintrc-3.0.2.tgz 14947ms (cache miss)
2284 timing reifyNode:node_modules/@eslint/eslintrc Completed in 15860ms
2285 http fetch GET 200 https://registry.npmjs.org/buffer/-/buffer-5.7.1.tgz 15057ms (cache miss)
2286 timing reifyNode:node_modules/buffer Completed in 15877ms
2287 http fetch GET 200 https://registry.npmjs.org/mini-css-extract-plugin/-/mini-css-extract-plugin-2.9.0.tgz 15406ms (cache miss)
2288 timing reifyNode:node_modules/mini-css-extract-plugin Completed in 16017ms
2289 http fetch GET 200 https://registry.npmjs.org/eslint-scope/-/eslint-scope-7.2.2.tgz 15261ms (cache miss)
2290 timing reifyNode:node_modules/eslint-scope Completed in 16032ms
2291 http fetch GET 200 https://registry.npmjs.org/mustache/-/mustache-4.2.0.tgz 15455ms (cache miss)
2292 timing reifyNode:node_modules/mustache Completed in 16057ms
2293 http fetch GET 200 https://registry.npmjs.org/fastify-cli/-/fastify-cli-6.1.1.tgz 15347ms (cache miss)
2294 timing reifyNode:node_modules/fastify-cli Completed in 16103ms
2295 http fetch GET 200 https://registry.npmjs.org/json5/-/json5-2.2.3.tgz 15710ms (cache miss)
2296 timing reifyNode:node_modules/json5 Completed in 16352ms
2297 http fetch GET 200 https://registry.npmjs.org/fast-json-stringify/-/fast-json-stringify-5.14.1.tgz 15688ms (cache miss)
2298 timing reifyNode:node_modules/fast-json-stringify Completed in 16447ms
2299 http fetch GET 200 https://registry.npmjs.org/prompts/-/prompts-2.4.2.tgz 16006ms (cache miss)
2300 timing reifyNode:node_modules/prompts Completed in 16539ms
2301 http fetch GET 200 https://registry.npmjs.org/@jridgewell/trace-mapping/-/trace-mapping-0.3.25.tgz 15774ms (cache miss)
2302 timing reifyNode:node_modules/@jridgewell/trace-mapping Completed in 16670ms
2303 http fetch GET 200 https://registry.npmjs.org/@webassemblyjs/wasm-parser/-/wasm-parser-1.12.1.tgz 15909ms (cache miss)
2304 timing reifyNode:node_modules/@webassemblyjs/wasm-parser Completed in 16761ms
2305 http fetch GET 200 https://registry.npmjs.org/concurrently/-/concurrently-8.2.2.tgz 15979ms (cache miss)
2306 timing reifyNode:node_modules/concurrently Completed in 16784ms
2307 http fetch GET 200 https://registry.npmjs.org/@webassemblyjs/ast/-/ast-1.12.1.tgz 15915ms (cache miss)
2308 timing reifyNode:node_modules/@webassemblyjs/ast Completed in 16777ms
2309 http fetch GET 200 https://registry.npmjs.org/@xtuc/long/-/long-4.2.2.tgz 16023ms (cache miss)
2310 timing reifyNode:node_modules/@xtuc/long Completed in 16872ms
2311 http fetch GET 200 https://registry.npmjs.org/neo-async/-/neo-async-2.6.2.tgz 16394ms (cache miss)
2312 timing reifyNode:node_modules/neo-async Completed in 16994ms
2313 http fetch GET 200 https://registry.npmjs.org/ajv/-/ajv-6.12.6.tgz 16287ms (cache miss)
2314 timing reifyNode:node_modules/ajv Completed in 17133ms
2315 http fetch GET 200 https://registry.npmjs.org/@sigstore/protobuf-specs/-/protobuf-specs-0.2.1.tgz 16342ms (cache miss)
2316 timing reifyNode:node_modules/@sigstore/protobuf-specs Completed in 17225ms
2317 http fetch GET 200 https://registry.npmjs.org/node-addon-api/-/node-addon-api-4.3.0.tgz 16778ms (cache miss)
2318 timing reifyNode:node_modules/node-addon-api Completed in 17377ms
2319 http fetch GET 200 https://registry.npmjs.org/@sinclair/typebox/-/typebox-0.27.8.tgz 16498ms (cache miss)
2320 timing reifyNode:node_modules/@sinclair/typebox Completed in 17379ms
2321 http fetch GET 200 https://registry.npmjs.org/@babel/traverse/-/traverse-7.24.1.tgz 16481ms (cache miss)
2322 timing reifyNode:node_modules/@babel/traverse Completed in 17397ms
2323 http fetch GET 200 https://registry.npmjs.org/@babel/helpers/-/helpers-7.24.4.tgz 16510ms (cache miss)
2324 timing reifyNode:node_modules/@babel/helpers Completed in 17440ms
2325 http fetch GET 200 https://registry.npmjs.org/acorn/-/acorn-8.11.3.tgz 16687ms (cache miss)
2326 timing reifyNode:node_modules/acorn Completed in 17535ms
2327 http fetch GET 200 https://registry.npmjs.org/bluebird/-/bluebird-3.7.2.tgz 16733ms (cache miss)
2328 timing reifyNode:node_modules/bluebird Completed in 17560ms
2329 http fetch GET 200 https://registry.npmjs.org/@babel/generator/-/generator-7.24.4.tgz 16663ms (cache miss)
2330 timing reifyNode:node_modules/@babel/generator Completed in 17596ms
2331 http fetch GET 200 https://registry.npmjs.org/uri-js/-/uri-js-4.4.1.tgz 17470ms (cache miss)
2332 timing reifyNode:node_modules/uri-js Completed in 17912ms
2333 http fetch GET 200 https://registry.npmjs.org/i18next/-/i18next-23.11.2.tgz 17286ms (cache miss)
2334 timing reifyNode:node_modules/i18next Completed in 17996ms
2335 http fetch GET 200 https://registry.npmjs.org/knex/-/knex-3.1.0.tgz 17886ms (cache miss)
2336 timing reifyNode:node_modules/knex Completed in 18525ms
2337 http fetch GET 200 https://registry.npmjs.org/esm/-/esm-3.2.25.tgz 17911ms (cache miss)
2338 timing reifyNode:node_modules/esm Completed in 18681ms
2339 http fetch GET 200 https://registry.npmjs.org/js-yaml/-/js-yaml-4.1.0.tgz 18055ms (cache miss)
2340 timing reifyNode:node_modules/js-yaml Completed in 18703ms
2341 http fetch GET 200 https://registry.npmjs.org/iconv-lite/-/iconv-lite-0.6.3.tgz 18165ms (cache miss)
2342 timing reifyNode:node_modules/iconv-lite Completed in 18875ms
2343 http fetch GET 200 https://registry.npmjs.org/esquery/-/esquery-1.5.0.tgz 18116ms (cache miss)
2344 timing reifyNode:node_modules/esquery Completed in 18886ms
2345 http fetch GET 200 https://registry.npmjs.org/validator/-/validator-13.11.0.tgz 18624ms (cache miss)
2346 timing reifyNode:node_modules/validator Completed in 19064ms
2347 http fetch GET 200 https://registry.npmjs.org/@babel/types/-/types-7.24.0.tgz 18087ms (cache miss)
2348 timing reifyNode:node_modules/@babel/types Completed in 19001ms
2349 http fetch GET 200 https://registry.npmjs.org/source-map/-/source-map-0.6.1.tgz 18600ms (cache miss)
2350 timing reifyNode:node_modules/source-map Completed in 19084ms
2351 http fetch GET 200 https://registry.npmjs.org/npm-check-updates/-/npm-check-updates-16.14.18.tgz 18480ms (cache miss)
2352 timing reifyNode:node_modules/npm-check-updates Completed in 19077ms
2353 http fetch GET 200 https://registry.npmjs.org/moment-timezone/-/moment-timezone-0.5.45.tgz 18512ms (cache miss)
2354 timing reifyNode:node_modules/moment-timezone Completed in 19116ms
2355 http fetch GET 200 https://registry.npmjs.org/markdown-it/-/markdown-it-13.0.2.tgz 18504ms (cache miss)
2356 timing reifyNode:node_modules/markdown-it Completed in 19126ms
2357 http fetch GET 200 https://registry.npmjs.org/@fastify/static/-/static-7.0.3.tgz 18174ms (cache miss)
2358 timing reifyNode:node_modules/@fastify/static Completed in 19085ms
2359 http fetch GET 200 https://registry.npmjs.org/js-beautify/-/js-beautify-1.15.1.tgz 18540ms (cache miss)
2360 timing reifyNode:node_modules/js-beautify Completed in 19189ms
2361 http fetch GET 200 https://registry.npmjs.org/eslint-import-resolver-node/-/eslint-import-resolver-node-0.3.9.tgz 18467ms attempt #2 (cache miss)
2362 timing reifyNode:node_modules/eslint-import-resolver-node Completed in 19237ms
2363 http fetch GET 200 https://registry.npmjs.org/@babel/core/-/core-7.24.4.tgz 18315ms (cache miss)
2364 timing reifyNode:node_modules/@babel/core Completed in 19248ms
2365 http fetch GET 200 https://registry.npmjs.org/es6-weak-map/-/es6-weak-map-2.0.3.tgz 18516ms attempt #2 (cache miss)
2366 timing reifyNode:node_modules/es6-weak-map Completed in 19289ms
2367 http fetch GET 200 https://registry.npmjs.org/es6-symbol/-/es6-symbol-3.1.4.tgz 18528ms attempt #2 (cache miss)
2368 timing reifyNode:node_modules/es6-symbol Completed in 19304ms
2369 http fetch GET 200 https://registry.npmjs.org/es6-iterator/-/es6-iterator-2.0.3.tgz 18538ms attempt #2 (cache miss)
2370 http fetch GET 200 https://registry.npmjs.org/fast-safe-stringify/-/fast-safe-stringify-2.1.1.tgz 18561ms attempt #2 (cache miss)
2371 timing reifyNode:node_modules/fast-safe-stringify Completed in 19316ms
2372 http fetch GET 200 https://registry.npmjs.org/escalade/-/escalade-3.1.1.tgz 18544ms attempt #2 (cache miss)
2373 timing reifyNode:node_modules/escalade Completed in 19317ms
2374 timing reifyNode:node_modules/es6-iterator Completed in 19317ms
2375 http fetch GET 200 https://registry.npmjs.org/es-define-property/-/es-define-property-1.0.0.tgz 18581ms attempt #2 (cache miss)
2376 timing reifyNode:node_modules/es-define-property Completed in 19357ms
2377 http fetch GET 200 https://registry.npmjs.org/fast-uri/-/fast-uri-2.3.0.tgz 18631ms attempt #2 (cache miss)
2378 timing reifyNode:node_modules/fast-uri Completed in 19394ms
2379 http fetch GET 200 https://registry.npmjs.org/fastify-objectionjs/-/fastify-objectionjs-2.0.1.tgz 18753ms attempt #2 (cache miss)
2380 timing reifyNode:node_modules/fastify-objectionjs Completed in 19508ms
2381 http fetch GET 200 https://registry.npmjs.org/terser/-/terser-5.30.4.tgz 19231ms (cache miss)
2382 timing reifyNode:node_modules/terser Completed in 19692ms
2383 http fetch GET 200 https://registry.npmjs.org/pino/-/pino-8.20.0.tgz 19136ms (cache miss)
2384 timing reifyNode:node_modules/pino Completed in 19687ms
2385 http fetch GET 200 https://registry.npmjs.org/@types/node/-/node-20.12.7.tgz 18886ms (cache miss)
2386 timing reifyNode:node_modules/@types/node Completed in 19752ms
2387 http fetch GET 200 https://registry.npmjs.org/es-module-lexer/-/es-module-lexer-1.5.0.tgz 19002ms attempt #2 (cache miss)
2388 timing reifyNode:node_modules/es-module-lexer Completed in 19778ms
2389 http fetch GET 200 https://registry.npmjs.org/es-shim-unscopables/-/es-shim-unscopables-1.0.2.tgz 19014ms attempt #2 (cache miss)
2390 timing reifyNode:node_modules/es-shim-unscopables Completed in 19790ms
2391 http fetch GET 200 https://registry.npmjs.org/es-errors/-/es-errors-1.3.0.tgz 19026ms attempt #2 (cache miss)
2392 timing reifyNode:node_modules/es-errors Completed in 19812ms
2393 http fetch GET 200 https://registry.npmjs.org/error-ex/-/error-ex-1.3.2.tgz 19038ms attempt #2 (cache miss)
2394 timing reifyNode:node_modules/error-ex Completed in 19816ms
2395 http fetch GET 200 https://registry.npmjs.org/es-set-tostringtag/-/es-set-tostringtag-2.0.3.tgz 19050ms attempt #2 (cache miss)
2396 timing reifyNode:node_modules/es-set-tostringtag Completed in 19826ms
2397 http fetch GET 200 https://registry.npmjs.org/@popperjs/core/-/core-2.11.8.tgz 18960ms (cache miss)
2398 timing reifyNode:node_modules/@popperjs/core Completed in 19845ms
2399 http fetch GET 200 https://registry.npmjs.org/emoji-regex/-/emoji-regex-8.0.0.tgz 19131ms attempt #2 (cache miss)
2400 timing reifyNode:node_modules/emoji-regex Completed in 19916ms
2401 http fetch GET 200 https://registry.npmjs.org/entities/-/entities-3.0.1.tgz 19189ms attempt #2 (cache miss)
2402 timing reifyNode:node_modules/entities Completed in 19973ms
2403 http fetch GET 200 https://registry.npmjs.org/jquery/-/jquery-3.7.1.tgz 19432ms (cache miss)
2404 timing reifyNode:node_modules/jquery Completed in 20083ms
2405 http fetch GET 200 https://registry.npmjs.org/exponential-backoff/-/exponential-backoff-3.1.1.tgz 19321ms attempt #2 (cache miss)
2406 timing reifyNode:node_modules/exponential-backoff Completed in 20082ms
2407 http fetch GET 200 https://registry.npmjs.org/fast-copy/-/fast-copy-3.0.2.tgz 19337ms attempt #2 (cache miss)
2408 timing reifyNode:node_modules/fast-copy Completed in 20096ms
2409 http fetch GET 200 https://registry.npmjs.org/envinfo/-/envinfo-7.12.0.tgz 19347ms attempt #2 (cache miss)
2410 timing reifyNode:node_modules/envinfo Completed in 20130ms
2411 http fetch GET 200 https://registry.npmjs.org/enhanced-resolve/-/enhanced-resolve-5.16.0.tgz 19385ms attempt #2 (cache miss)
2412 timing reifyNode:node_modules/enhanced-resolve Completed in 20169ms
2413 http fetch GET 200 https://registry.npmjs.org/execa/-/execa-5.1.1.tgz 19545ms attempt #2 (cache miss)
2414 timing reifyNode:node_modules/execa Completed in 20309ms
2415 http fetch GET 200 https://registry.npmjs.org/delegates/-/delegates-1.0.0.tgz 19527ms attempt #2 (cache miss)
2416 timing reifyNode:node_modules/delegates Completed in 20318ms
2417 http fetch GET 200 https://registry.npmjs.org/doctypes/-/doctypes-1.1.0.tgz 19531ms attempt #2 (cache miss)
2418 timing reifyNode:node_modules/doctypes Completed in 20318ms
2419 http fetch GET 200 https://registry.npmjs.org/expand-template/-/expand-template-2.0.3.tgz 19567ms attempt #2 (cache miss)
2420 timing reifyNode:node_modules/expand-template Completed in 20329ms
2421 http fetch GET 200 https://registry.npmjs.org/editorconfig/-/editorconfig-1.0.4.tgz 19579ms attempt #2 (cache miss)
2422 http fetch GET 200 https://registry.npmjs.org/fast-memoize/-/fast-memoize-2.5.2.tgz 19615ms attempt #2 (cache miss)
2423 timing reifyNode:node_modules/fast-memoize Completed in 20372ms
2424 timing reifyNode:node_modules/editorconfig Completed in 20367ms
2425 http fetch GET 200 https://registry.npmjs.org/lodash/-/lodash-4.17.21.tgz 19784ms (cache miss)
2426 timing reifyNode:node_modules/lodash Completed in 20408ms
2427 http fetch GET 200 https://registry.npmjs.org/detect-libc/-/detect-libc-2.0.3.tgz 19702ms attempt #2 (cache miss)
2428 timing reifyNode:node_modules/detect-libc Completed in 20491ms
2429 http fetch GET 200 https://registry.npmjs.org/event-target-shim/-/event-target-shim-5.0.1.tgz 19780ms attempt #2 (cache miss)
2430 timing reifyNode:node_modules/event-target-shim Completed in 20544ms
2431 http fetch GET 200 https://registry.npmjs.org/debug/-/debug-4.3.4.tgz 19744ms attempt #2 (cache miss)
2432 timing reifyNode:node_modules/debug Completed in 20540ms
2433 http fetch GET 200 https://registry.npmjs.org/dotenv/-/dotenv-16.4.5.tgz 19788ms attempt #2 (cache miss)
2434 timing reifyNode:node_modules/dotenv Completed in 20575ms
2435 http fetch GET 200 https://registry.npmjs.org/esprima/-/esprima-4.0.1.tgz 19828ms attempt #2 (cache miss)
2436 timing reifyNode:node_modules/esprima Completed in 20597ms
2437 http fetch GET 200 https://registry.npmjs.org/events/-/events-3.3.0.tgz 19841ms attempt #2 (cache miss)
2438 timing reifyNode:node_modules/events Completed in 20604ms
2439 http fetch GET 200 https://registry.npmjs.org/esutils/-/esutils-2.0.3.tgz 19991ms attempt #2 (cache miss)
2440 timing reifyNode:node_modules/esutils Completed in 20756ms
2441 http fetch GET 200 https://registry.npmjs.org/escape-html/-/escape-html-1.0.3.tgz 20001ms attempt #2 (cache miss)
2442 timing reifyNode:node_modules/escape-html Completed in 20773ms
2443 http fetch GET 200 https://registry.npmjs.org/decompress-response/-/decompress-response-6.0.0.tgz 19995ms attempt #2 (cache miss)
2444 timing reifyNode:node_modules/decompress-response Completed in 20792ms
2445 http fetch GET 200 https://registry.npmjs.org/dateformat/-/dateformat-4.6.3.tgz 20003ms attempt #2 (cache miss)
2446 timing reifyNode:node_modules/dateformat Completed in 20800ms
2447 http fetch GET 200 https://registry.npmjs.org/eslint-visitor-keys/-/eslint-visitor-keys-3.4.3.tgz 20039ms attempt #2 (cache miss)
2448 timing reifyNode:node_modules/eslint-visitor-keys Completed in 20809ms
2449 http fetch GET 200 https://registry.npmjs.org/deepmerge/-/deepmerge-4.3.1.tgz 20044ms attempt #2 (cache miss)
2450 timing reifyNode:node_modules/deepmerge Completed in 20843ms
2451 http fetch GET 200 https://registry.npmjs.org/electron-to-chromium/-/electron-to-chromium-1.4.746.tgz 20073ms attempt #2 (cache miss)
2452 timing reifyNode:node_modules/electron-to-chromium Completed in 20859ms
2453 http fetch GET 200 https://registry.npmjs.org/eslint-module-utils/-/eslint-module-utils-2.8.1.tgz 20094ms attempt #2 (cache miss)
2454 timing reifyNode:node_modules/eslint-module-utils Completed in 20865ms
2455 http fetch GET 200 https://registry.npmjs.org/escape-string-regexp/-/escape-string-regexp-1.0.5.tgz 20243ms attempt #2 (cache miss)
2456 timing reifyNode:node_modules/escape-string-regexp Completed in 21016ms
2457 http fetch GET 200 https://registry.npmjs.org/escape-goat/-/escape-goat-4.0.0.tgz 20315ms attempt #2 (cache miss)
2458 timing reifyNode:node_modules/escape-goat Completed in 21088ms
2459 http fetch GET 200 https://registry.npmjs.org/cookie/-/cookie-0.6.0.tgz 20310ms attempt #2 (cache miss)
2460 timing reifyNode:node_modules/cookie Completed in 21112ms
2461 http fetch GET 200 https://registry.npmjs.org/data-view-byte-length/-/data-view-byte-length-1.0.1.tgz 20329ms attempt #2 (cache miss)
2462 http fetch GET 200 https://registry.npmjs.org/confusing-browser-globals/-/confusing-browser-globals-1.0.11.tgz 20323ms attempt #2 (cache miss)
2463 timing reifyNode:node_modules/confusing-browser-globals Completed in 21128ms
2464 timing reifyNode:node_modules/data-view-byte-length Completed in 21138ms
2465 http fetch GET 200 https://registry.npmjs.org/constantinople/-/constantinople-4.0.1.tgz 20341ms attempt #2 (cache miss)
2466 timing reifyNode:node_modules/constantinople Completed in 21144ms
2467 http fetch GET 200 https://registry.npmjs.org/deep-is/-/deep-is-0.1.4.tgz 20360ms attempt #2 (cache miss)
2468 timing reifyNode:node_modules/deep-is Completed in 21153ms
2469 http fetch GET 200 https://registry.npmjs.org/dedent/-/dedent-1.5.3.tgz 20367ms attempt #2 (cache miss)
2470 timing reifyNode:node_modules/dedent Completed in 21160ms
2471 http fetch GET 200 https://registry.npmjs.org/cross-spawn/-/cross-spawn-7.0.3.tgz 20393ms attempt #2 (cache miss)
2472 timing reifyNode:node_modules/cross-spawn Completed in 21194ms
2473 http fetch GET 200 https://registry.npmjs.org/es-abstract/-/es-abstract-1.23.3.tgz 20484ms attempt #2 (cache miss)
2474 timing reifyNode:node_modules/es-abstract Completed in 21267ms
2475 http fetch GET 200 https://registry.npmjs.org/webpack/-/webpack-5.91.0.tgz 20988ms (cache miss)
2476 timing reifyNode:node_modules/webpack Completed in 21426ms
2477 http fetch GET 200 https://registry.npmjs.org/d/-/d-1.0.2.tgz 20585ms attempt #2 (cache miss)
2478 timing reifyNode:node_modules/d Completed in 21385ms
2479 http fetch GET 200 https://registry.npmjs.org/deep-extend/-/deep-extend-0.6.0.tgz 20610ms attempt #2 (cache miss)
2480 timing reifyNode:node_modules/deep-extend Completed in 21402ms
2481 http fetch GET 200 https://registry.npmjs.org/defer-to-connect/-/defer-to-connect-2.0.1.tgz 20613ms attempt #2 (cache miss)
2482 timing reifyNode:node_modules/defer-to-connect Completed in 21404ms
2483 http fetch GET 200 https://registry.npmjs.org/fastify/-/fastify-4.26.2.tgz 20668ms attempt #2 (cache miss)
2484 timing reifyNode:node_modules/fastify Completed in 21424ms
2485 http fetch GET 200 https://registry.npmjs.org/@babel/compat-data/-/compat-data-7.24.4.tgz 20476ms attempt #2 (cache miss)
2486 timing reifyNode:node_modules/@babel/compat-data Completed in 21422ms
2487 http fetch GET 200 https://registry.npmjs.org/string-width/-/string-width-5.1.2.tgz 20492ms attempt #2 (cache miss)
2488 timing reifyNode:node_modules/wrap-ansi/node_modules/string-width Completed in 21526ms
2489 http fetch GET 200 https://registry.npmjs.org/db-errors/-/db-errors-0.2.3.tgz 20719ms attempt #2 (cache miss)
2490 timing reifyNode:node_modules/db-errors Completed in 21518ms
2491 http fetch GET 200 https://registry.npmjs.org/es5-ext/-/es5-ext-0.10.64.tgz 20762ms attempt #2 (cache miss)
2492 timing reifyNode:node_modules/es5-ext Completed in 21535ms
2493 http fetch GET 200 https://registry.npmjs.org/ansi-regex/-/ansi-regex-6.0.1.tgz 20568ms attempt #2 (cache miss)
2494 timing reifyNode:node_modules/wrap-ansi/node_modules/ansi-regex Completed in 21603ms
2495 http fetch GET 200 https://registry.npmjs.org/strip-ansi/-/strip-ansi-7.0.1.tgz 20571ms attempt #2 (cache miss)
2496 timing reifyNode:node_modules/wrap-ansi/node_modules/strip-ansi Completed in 21605ms
2497 http fetch GET 200 https://registry.npmjs.org/ansi-styles/-/ansi-styles-6.1.0.tgz 20570ms attempt #2 (cache miss)
2498 timing reifyNode:node_modules/wrap-ansi/node_modules/ansi-styles Completed in 21607ms
2499 http fetch GET 200 https://registry.npmjs.org/cookie/-/cookie-0.4.2.tgz 20575ms attempt #2 (cache miss)
2500 timing reifyNode:node_modules/youch/node_modules/cookie Completed in 21609ms
2501 http fetch GET 200 https://registry.npmjs.org/@aashutoshrathi/word-wrap/-/word-wrap-1.2.6.tgz 20575ms attempt #2 (cache miss)
2502 timing reifyNode:node_modules/@aashutoshrathi/word-wrap Completed in 21517ms
2503 http fetch GET 200 https://registry.npmjs.org/estraverse/-/estraverse-4.3.0.tgz 20570ms attempt #2 (cache miss)
2504 timing reifyNode:node_modules/webpack/node_modules/estraverse Completed in 21606ms
2505 http fetch GET 200 https://registry.npmjs.org/@babel/code-frame/-/code-frame-7.24.2.tgz 20575ms attempt #2 (cache miss)
2506 timing reifyNode:node_modules/@babel/code-frame Completed in 21518ms
2507 http fetch GET 200 https://registry.npmjs.org/eslint/-/eslint-8.57.0.tgz 20844ms attempt #2 (cache miss)
2508 timing reifyNode:node_modules/eslint Completed in 21615ms
2509 http fetch GET 200 https://registry.npmjs.org/eslint-plugin-import/-/eslint-plugin-import-2.29.1.tgz 20855ms attempt #2 (cache miss)
2510 timing reifyNode:node_modules/eslint-plugin-import Completed in 21627ms
2511 http fetch GET 200 https://registry.npmjs.org/ansi-regex/-/ansi-regex-6.0.1.tgz 20660ms attempt #2 (cache miss)
2512 timing reifyNode:node_modules/widest-line/node_modules/ansi-regex Completed in 21696ms
2513 http fetch GET 200 https://registry.npmjs.org/chownr/-/chownr-1.1.4.tgz 20657ms attempt #2 (cache miss)
2514 timing reifyNode:node_modules/tar-fs/node_modules/chownr Completed in 21692ms
2515 http fetch GET 200 https://registry.npmjs.org/interpret/-/interpret-3.1.1.tgz 20674ms attempt #2 (cache miss)
2516 timing reifyNode:node_modules/webpack-cli/node_modules/interpret Completed in 21710ms
2517 http fetch GET 200 https://registry.npmjs.org/strip-bom/-/strip-bom-3.0.0.tgz 20690ms attempt #2 (cache miss)
2518 timing reifyNode:node_modules/tsconfig-paths/node_modules/strip-bom Completed in 21724ms
2519 http fetch GET 200 https://registry.npmjs.org/string-width/-/string-width-5.1.2.tgz 20697ms attempt #2 (cache miss)
2520 timing reifyNode:node_modules/widest-line/node_modules/string-width Completed in 21732ms
2521 http fetch GET 200 https://registry.npmjs.org/strip-ansi/-/strip-ansi-7.0.1.tgz 20698ms attempt #2 (cache miss)
2522 timing reifyNode:node_modules/widest-line/node_modules/strip-ansi Completed in 21733ms
2523 http fetch GET 200 https://registry.npmjs.org/emoji-regex/-/emoji-regex-9.2.2.tgz 20812ms attempt #2 (cache miss)
2524 http fetch GET 200 https://registry.npmjs.org/eslint-scope/-/eslint-scope-5.1.1.tgz 20811ms attempt #2 (cache miss)
2525 timing reifyNode:node_modules/webpack/node_modules/eslint-scope Completed in 21850ms
2526 http fetch GET 200 https://registry.npmjs.org/chalk/-/chalk-5.0.1.tgz 20813ms attempt #2 (cache miss)
2527 timing reifyNode:node_modules/update-notifier/node_modules/chalk Completed in 21848ms
2528 http fetch GET 200 https://registry.npmjs.org/graceful-fs/-/graceful-fs-4.2.11.tgz 20816ms attempt #2 (cache miss)
2529 timing reifyNode:node_modules/webpack/node_modules/graceful-fs Completed in 21853ms
2530 http fetch GET 200 https://registry.npmjs.org/json5/-/json5-1.0.2.tgz 20820ms attempt #2 (cache miss)
2531 http fetch GET 200 https://registry.npmjs.org/@ampproject/remapping/-/remapping-2.3.0.tgz 20830ms attempt #2 (cache miss)
2532 timing reifyNode:node_modules/tsconfig-paths/node_modules/json5 Completed in 21856ms
2533 timing reifyNode:node_modules/@ampproject/remapping Completed in 21774ms
2534 timing reifyNode:node_modules/wrap-ansi/node_modules/emoji-regex Completed in 21867ms
2535 http fetch GET 200 https://registry.npmjs.org/emoji-regex/-/emoji-regex-9.2.2.tgz 20832ms attempt #2 (cache miss)
2536 timing reifyNode:node_modules/widest-line/node_modules/emoji-regex Completed in 21868ms
2537 http fetch GET 200 https://registry.npmjs.org/schema-utils/-/schema-utils-3.3.0.tgz 20836ms attempt #2 (cache miss)
2538 http fetch GET 200 https://registry.npmjs.org/jest-worker/-/jest-worker-27.5.1.tgz 20834ms attempt #2 (cache miss)
2539 timing reifyNode:node_modules/webpack/node_modules/schema-utils Completed in 21877ms
2540 timing reifyNode:node_modules/terser-webpack-plugin/node_modules/jest-worker Completed in 21871ms
2541 http fetch GET 200 https://registry.npmjs.org/supports-color/-/supports-color-8.1.1.tgz 20843ms attempt #2 (cache miss)
2542 timing reifyNode:node_modules/terser-webpack-plugin/node_modules/supports-color Completed in 21877ms
2543 http fetch GET 200 https://registry.npmjs.org/minipass/-/minipass-7.0.4.tgz 20863ms attempt #2 (cache miss)
2544 timing reifyNode:node_modules/ssri/node_modules/minipass Completed in 21896ms
2545 http fetch GET 200 https://registry.npmjs.org/strip-json-comments/-/strip-json-comments-2.0.1.tgz 20859ms attempt #2 (cache miss)
2546 timing reifyNode:node_modules/rc/node_modules/strip-json-comments Completed in 21903ms
2547 http fetch GET 200 https://registry.npmjs.org/json-parse-even-better-errors/-/json-parse-even-better-errors-3.0.1.tgz 20862ms attempt #2 (cache miss)
2548 timing reifyNode:node_modules/read-package-json/node_modules/json-parse-even-better-errors Completed in 21906ms
2549 http fetch GET 200 https://registry.npmjs.org/path-exists/-/path-exists-3.0.0.tgz 20861ms attempt #2 (cache miss)
2550 timing reifyNode:node_modules/pkg-up/node_modules/path-exists Completed in 21901ms
2551 http fetch GET 200 https://registry.npmjs.org/ansi-styles/-/ansi-styles-5.2.0.tgz 20845ms attempt #2 (cache miss)
2552 timing reifyNode:node_modules/pretty-format/node_modules/ansi-styles Completed in 21905ms
2553 http fetch GET 200 https://registry.npmjs.org/p-locate/-/p-locate-3.0.0.tgz 20894ms attempt #2 (cache miss)
2554 timing reifyNode:node_modules/pkg-up/node_modules/p-locate Completed in 21936ms
2555 http fetch GET 200 https://registry.npmjs.org/lowercase-keys/-/lowercase-keys-2.0.0.tgz 20914ms attempt #2 (cache miss)
2556 timing reifyNode:node_modules/responselike/node_modules/lowercase-keys Completed in 21959ms
2557 http fetch GET 200 https://registry.npmjs.org/json-schema-traverse/-/json-schema-traverse-1.0.0.tgz 20945ms attempt #2 (cache miss)
2558 timing reifyNode:node_modules/schema-utils/node_modules/json-schema-traverse Completed in 21992ms
2559 http fetch GET 200 https://registry.npmjs.org/make-fetch-happen/-/make-fetch-happen-9.1.0.tgz 20967ms attempt #2 (cache miss)
2560 timing reifyNode:node_modules/sqlite3/node_modules/make-fetch-happen Completed in 22012ms
2561 http fetch GET 200 https://registry.npmjs.org/cacache/-/cacache-15.3.0.tgz 21034ms attempt #2 (cache miss)
2562 timing reifyNode:node_modules/sqlite3/node_modules/cacache Completed in 22079ms
2563 http fetch GET 200 https://registry.npmjs.org/locate-path/-/locate-path-5.0.0.tgz 21119ms attempt #2 (cache miss)
2564 timing reifyNode:node_modules/pkg-dir/node_modules/locate-path Completed in 22181ms
2565 http fetch GET 200 https://registry.npmjs.org/find-up/-/find-up-3.0.0.tgz 21122ms attempt #2 (cache miss)
2566 timing reifyNode:node_modules/pkg-up/node_modules/find-up Completed in 22181ms
2567 http fetch GET 200 https://registry.npmjs.org/p-limit/-/p-limit-2.3.0.tgz 21123ms attempt #2 (cache miss)
2568 timing reifyNode:node_modules/pkg-dir/node_modules/p-limit Completed in 22182ms
2569 http fetch GET 200 https://registry.npmjs.org/split2/-/split2-4.2.0.tgz 21119ms attempt #2 (cache miss)
2570 timing reifyNode:node_modules/pgpass/node_modules/split2 Completed in 22182ms
2571 http fetch GET 200 https://registry.npmjs.org/minipass-fetch/-/minipass-fetch-1.4.1.tgz 21153ms attempt #2 (cache miss)
2572 http fetch GET 200 https://registry.npmjs.org/p-limit/-/p-limit-2.3.0.tgz 21127ms attempt #2 (cache miss)
2573 timing reifyNode:node_modules/pkg-up/node_modules/p-limit Completed in 22185ms
2574 timing reifyNode:node_modules/sqlite3/node_modules/minipass-fetch Completed in 22199ms
2575 http fetch GET 200 https://registry.npmjs.org/split2/-/split2-4.2.0.tgz 21122ms attempt #2 (cache miss)
2576 timing reifyNode:node_modules/pino-abstract-transport/node_modules/split2 Completed in 22185ms
2577 http fetch GET 200 https://registry.npmjs.org/buffer/-/buffer-6.0.3.tgz 21154ms attempt #2 (cache miss)
2578 timing reifyNode:node_modules/pino-pretty/node_modules/buffer Completed in 22217ms
2579 http fetch GET 200 https://registry.npmjs.org/readable-stream/-/readable-stream-4.5.2.tgz 21184ms attempt #2 (cache miss)
2580 timing reifyNode:node_modules/pino-pretty/node_modules/readable-stream Completed in 22247ms
2581 http fetch GET 200 https://registry.npmjs.org/readable-stream/-/readable-stream-4.5.2.tgz 21193ms attempt #2 (cache miss)
2582 timing reifyNode:node_modules/pino-abstract-transport/node_modules/readable-stream Completed in 22256ms
2583 http fetch GET 200 https://registry.npmjs.org/node-gyp/-/node-gyp-8.4.1.tgz 21276ms attempt #2 (cache miss)
2584 timing reifyNode:node_modules/sqlite3/node_modules/node-gyp Completed in 22318ms
2585 http fetch GET 200 https://registry.npmjs.org/minipass/-/minipass-5.0.0.tgz 21251ms attempt #2 (cache miss)
2586 timing reifyNode:node_modules/pacote/node_modules/minipass Completed in 22315ms
2587 http fetch GET 200 https://registry.npmjs.org/ajv/-/ajv-8.11.0.tgz 21298ms attempt #2 (cache miss)
2588 timing reifyNode:node_modules/schema-utils/node_modules/ajv Completed in 22344ms
2589 http fetch GET 200 https://registry.npmjs.org/strip-ansi/-/strip-ansi-7.1.0.tgz 21300ms attempt #2 (cache miss)
2590 timing reifyNode:node_modules/npm-check-updates/node_modules/strip-ansi Completed in 22367ms
2591 http fetch GET 200 https://registry.npmjs.org/json-schema-traverse/-/json-schema-traverse-1.0.0.tgz 21325ms attempt #2 (cache miss)
2592 http fetch GET 200 https://registry.npmjs.org/fs-minipass/-/fs-minipass-3.0.3.tgz 21327ms attempt #2 (cache miss)
2593 timing reifyNode:node_modules/pacote/node_modules/fs-minipass Completed in 22392ms
2594 timing reifyNode:node_modules/objection/node_modules/json-schema-traverse Completed in 22392ms
2595 http fetch GET 200 https://registry.npmjs.org/buffer/-/buffer-6.0.3.tgz 21374ms attempt #2 (cache miss)
2596 timing reifyNode:node_modules/pino-abstract-transport/node_modules/buffer Completed in 22439ms
2597 http fetch GET 200 https://registry.npmjs.org/pg-connection-string/-/pg-connection-string-2.6.4.tgz 21404ms attempt #2 (cache miss)
2598 timing reifyNode:node_modules/pg/node_modules/pg-connection-string Completed in 22467ms
2599 http fetch GET 200 https://registry.npmjs.org/hosted-git-info/-/hosted-git-info-6.1.1.tgz 21406ms attempt #2 (cache miss)
2600 timing reifyNode:node_modules/npm-package-arg/node_modules/hosted-git-info Completed in 22471ms
2601 http fetch GET 200 https://registry.npmjs.org/source-map-support/-/source-map-support-0.5.21.tgz 21432ms attempt #2 (cache miss)
2602 timing reifyNode:node_modules/npm-check-updates/node_modules/source-map-support Completed in 22500ms
2603 http fetch GET 200 https://registry.npmjs.org/schema-utils/-/schema-utils-3.3.0.tgz 21553ms attempt #2 (cache miss)
2604 timing reifyNode:node_modules/terser-webpack-plugin/node_modules/schema-utils Completed in 22586ms
2605 http fetch GET 200 https://registry.npmjs.org/minimatch/-/minimatch-9.0.4.tgz 21554ms attempt #2 (cache miss)
2606 timing reifyNode:node_modules/npm-check-updates/node_modules/minimatch Completed in 22622ms
2607 http fetch GET 200 https://registry.npmjs.org/lru-cache/-/lru-cache-7.18.3.tgz 21581ms attempt #2 (cache miss)
2608 timing reifyNode:node_modules/npm-package-arg/node_modules/lru-cache Completed in 22646ms
2609 http fetch GET 200 https://registry.npmjs.org/minipass/-/minipass-5.0.0.tgz 21611ms attempt #2 (cache miss)
2610 timing reifyNode:node_modules/npm-registry-fetch/node_modules/minipass Completed in 22677ms
2611 http fetch GET 200 https://registry.npmjs.org/ini/-/ini-4.1.2.tgz 21697ms attempt #2 (cache miss)
2612 timing reifyNode:node_modules/npm-check-updates/node_modules/ini Completed in 22766ms
2613 http fetch GET 200 https://registry.npmjs.org/chalk/-/chalk-5.3.0.tgz 21680ms attempt #2 (cache miss)
2614 timing reifyNode:node_modules/npm-check-updates/node_modules/chalk Completed in 22771ms
2615 http fetch GET 200 https://registry.npmjs.org/hosted-git-info/-/hosted-git-info-6.1.1.tgz 21777ms attempt #2 (cache miss)
2616 timing reifyNode:node_modules/normalize-package-data/node_modules/hosted-git-info Completed in 22869ms
2617 http fetch GET 200 https://registry.npmjs.org/ini/-/ini-1.3.8.tgz 21849ms attempt #2 (cache miss)
2618 timing reifyNode:node_modules/rc/node_modules/ini Completed in 22893ms
2619 http fetch GET 200 https://registry.npmjs.org/nopt/-/nopt-7.2.0.tgz 21783ms attempt #2 (cache miss)
2620 timing reifyNode:node_modules/js-beautify/node_modules/nopt Completed in 22875ms
2621 http fetch GET 200 https://registry.npmjs.org/moment/-/moment-2.30.1.tgz 22284ms (cache miss)
2622 timing reifyNode:node_modules/moment Completed in 22888ms
2623 http fetch GET 200 https://registry.npmjs.org/json-parse-even-better-errors/-/json-parse-even-better-errors-3.0.1.tgz 21897ms attempt #2 (cache miss)
2624 timing reifyNode:node_modules/read-package-json-fast/node_modules/json-parse-even-better-errors Completed in 22942ms
2625 http fetch GET 200 https://registry.npmjs.org/glob/-/glob-7.2.3.tgz 21927ms attempt #2 (cache miss)
2626 timing reifyNode:node_modules/sqlite3/node_modules/glob Completed in 22972ms
2627 http fetch GET 200 https://registry.npmjs.org/brace-expansion/-/brace-expansion-2.0.1.tgz 21886ms attempt #2 (cache miss)
2628 timing reifyNode:node_modules/npm-check-updates/node_modules/brace-expansion Completed in 22978ms
2629 http fetch GET 200 https://registry.npmjs.org/unique-filename/-/unique-filename-2.0.1.tgz 21887ms attempt #2 (cache miss)
2630 timing reifyNode:node_modules/node-gyp/node_modules/unique-filename Completed in 22979ms
2631 http fetch GET 200 https://registry.npmjs.org/ssri/-/ssri-9.0.1.tgz 21930ms attempt #2 (cache miss)
2632 timing reifyNode:node_modules/node-gyp/node_modules/ssri Completed in 23025ms
2633 http fetch GET 200 https://registry.npmjs.org/supports-color/-/supports-color-8.1.1.tgz 21947ms attempt #2 (cache miss)
2634 timing reifyNode:node_modules/jest-worker/node_modules/supports-color Completed in 23038ms
2635 http fetch GET 200 https://registry.npmjs.org/minipass/-/minipass-5.0.0.tgz 21957ms attempt #2 (cache miss)
2636 timing reifyNode:node_modules/make-fetch-happen/node_modules/minipass Completed in 23052ms
2637 http fetch GET 200 https://registry.npmjs.org/glob/-/glob-7.2.3.tgz 22052ms attempt #2 (cache miss)
2638 timing reifyNode:node_modules/test-exclude/node_modules/glob Completed in 23084ms
2639 http fetch GET 200 https://registry.npmjs.org/brace-expansion/-/brace-expansion-2.0.1.tgz 21970ms attempt #2 (cache miss)
2640 timing reifyNode:node_modules/node-gyp/node_modules/brace-expansion Completed in 23066ms
2641 http fetch GET 200 https://registry.npmjs.org/source-map-support/-/source-map-support-0.5.21.tgz 22068ms attempt #2 (cache miss)
2642 timing reifyNode:node_modules/terser/node_modules/source-map-support Completed in 23102ms
2643 http fetch GET 200 https://registry.npmjs.org/glob/-/glob-7.2.3.tgz 21977ms attempt #2 (cache miss)
2644 timing reifyNode:node_modules/jest-runtime/node_modules/glob Completed in 23070ms
2645 http fetch GET 200 https://registry.npmjs.org/escape-string-regexp/-/escape-string-regexp-2.0.0.tgz 22071ms attempt #2 (cache miss)
2646 timing reifyNode:node_modules/stack-utils/node_modules/escape-string-regexp Completed in 23105ms
2647 http fetch GET 200 https://registry.npmjs.org/lru-cache/-/lru-cache-6.0.0.tgz 22061ms attempt #2 (cache miss)
2648 timing reifyNode:node_modules/sqlite3/node_modules/lru-cache Completed in 23105ms
2649 http fetch GET 200 https://registry.npmjs.org/glob/-/glob-7.2.3.tgz 21983ms attempt #2 (cache miss)
2650 timing reifyNode:node_modules/jest-config/node_modules/glob Completed in 23075ms
2651 http fetch GET 200 https://registry.npmjs.org/ssri/-/ssri-8.0.1.tgz 22065ms attempt #2 (cache miss)
2652 timing reifyNode:node_modules/sqlite3/node_modules/ssri Completed in 23108ms
2653 http fetch GET 200 https://registry.npmjs.org/commander/-/commander-2.20.3.tgz 22078ms attempt #2 (cache miss)
2654 timing reifyNode:node_modules/terser/node_modules/commander Completed in 23113ms
2655 http fetch GET 200 https://registry.npmjs.org/camelcase/-/camelcase-6.3.0.tgz 22017ms attempt #2 (cache miss)
2656 timing reifyNode:node_modules/jest-validate/node_modules/camelcase Completed in 23112ms
2657 http fetch GET 200 https://registry.npmjs.org/brace-expansion/-/brace-expansion-2.0.1.tgz 22105ms attempt #2 (cache miss)
2658 timing reifyNode:node_modules/help-me/node_modules/brace-expansion Completed in 23217ms
2659 http fetch GET 200 https://registry.npmjs.org/node-addon-api/-/node-addon-api-7.1.0.tgz 22213ms attempt #2 (cache miss)
2660 timing reifyNode:node_modules/sqlite3/node_modules/node-addon-api Completed in 23262ms
2661 http fetch GET 200 https://registry.npmjs.org/signal-exit/-/signal-exit-4.1.0.tgz 22113ms attempt #2 (cache miss)
2662 http fetch GET 200 https://registry.npmjs.org/pg-connection-string/-/pg-connection-string-2.6.1.tgz 22114ms attempt #2 (cache miss)
2663 timing reifyNode:node_modules/fastify-objectionjs/node_modules/pg-connection-string Completed in 23223ms
2664 http fetch GET 200 https://registry.npmjs.org/http-proxy-agent/-/http-proxy-agent-4.0.1.tgz 22224ms attempt #2 (cache miss)
2665 timing reifyNode:node_modules/sqlite3/node_modules/http-proxy-agent Completed in 23269ms
2666 http fetch GET 200 https://registry.npmjs.org/cliui/-/cliui-7.0.4.tgz 22223ms attempt #2 (cache miss)
2667 timing reifyNode:node_modules/sequelize-cli/node_modules/cliui Completed in 23268ms
2668 http fetch GET 200 https://registry.npmjs.org/socks-proxy-agent/-/socks-proxy-agent-6.2.1.tgz 22239ms attempt #2 (cache miss)
2669 timing reifyNode:node_modules/sqlite3/node_modules/socks-proxy-agent Completed in 23273ms
2670 http fetch GET 200 https://registry.npmjs.org/minimatch/-/minimatch-5.1.6.tgz 22128ms attempt #2 (cache miss)
2671 timing reifyNode:node_modules/help-me/node_modules/minimatch Completed in 23241ms
2672 http fetch GET 200 https://registry.npmjs.org/glob/-/glob-8.1.0.tgz 22128ms attempt #2 (cache miss)
2673 timing reifyNode:node_modules/help-me/node_modules/glob Completed in 23242ms
2674 http fetch GET 200 https://registry.npmjs.org/@tootallnate/once/-/once-1.1.2.tgz 22235ms attempt #2 (cache miss)
2675 timing reifyNode:node_modules/sqlite3/node_modules/@tootallnate/once Completed in 23279ms
2676 http fetch GET 200 https://registry.npmjs.org/lru-cache/-/lru-cache-7.18.3.tgz 22171ms attempt #2 (cache miss)
2677 timing reifyNode:node_modules/normalize-package-data/node_modules/lru-cache Completed in 23263ms
2678 http fetch GET 200 https://registry.npmjs.org/wrap-ansi/-/wrap-ansi-7.0.0.tgz 22240ms attempt #2 (cache miss)
2679 timing reifyNode:node_modules/sequelize-cli/node_modules/wrap-ansi Completed in 23284ms
2680 http fetch GET 200 https://registry.npmjs.org/yargs-parser/-/yargs-parser-20.2.9.tgz 22251ms attempt #2 (cache miss)
2681 timing reifyNode:node_modules/sequelize-cli/node_modules/yargs-parser Completed in 23294ms
2682 timing reifyNode:node_modules/foreground-child/node_modules/signal-exit Completed in 23263ms
2683 http fetch GET 200 https://registry.npmjs.org/@npmcli/move-file/-/move-file-1.1.2.tgz 22268ms attempt #2 (cache miss)
2684 timing reifyNode:node_modules/sqlite3/node_modules/@npmcli/move-file Completed in 23314ms
2685 http fetch GET 200 https://registry.npmjs.org/lru-cache/-/lru-cache-7.18.3.tgz 22168ms attempt #2 (cache miss)
2686 timing reifyNode:node_modules/hosted-git-info/node_modules/lru-cache Completed in 23280ms
2687 http fetch GET 200 https://registry.npmjs.org/@npmcli/fs/-/fs-1.1.1.tgz 22305ms attempt #2 (cache miss)
2688 http fetch GET 200 https://registry.npmjs.org/lru-cache/-/lru-cache-6.0.0.tgz 22306ms attempt #2 (cache miss)
2689 timing reifyNode:node_modules/semver/node_modules/lru-cache Completed in 23353ms
2690 timing reifyNode:node_modules/sqlite3/node_modules/@npmcli/fs Completed in 23367ms
2691 http fetch GET 200 https://registry.npmjs.org/readable-stream/-/readable-stream-4.5.2.tgz 22242ms attempt #2 (cache miss)
2692 timing reifyNode:node_modules/fastify-cli/node_modules/readable-stream Completed in 23352ms
2693 http fetch GET 200 https://registry.npmjs.org/minimatch/-/minimatch-9.0.4.tgz 22278ms attempt #2 (cache miss)
2694 timing reifyNode:node_modules/glob/node_modules/minimatch Completed in 23394ms
2695 http fetch GET 200 https://registry.npmjs.org/find-up/-/find-up-4.1.0.tgz 22443ms attempt #2 (cache miss)
2696 timing reifyNode:node_modules/pkg-dir/node_modules/find-up Completed in 23504ms
2697 http fetch GET 200 https://registry.npmjs.org/brace-expansion/-/brace-expansion-2.0.1.tgz 22351ms attempt #2 (cache miss)
2698 timing reifyNode:node_modules/editorconfig/node_modules/brace-expansion Completed in 23471ms
2699 http fetch GET 200 https://registry.npmjs.org/p-locate/-/p-locate-4.1.0.tgz 22448ms attempt #2 (cache miss)
2700 timing reifyNode:node_modules/pkg-dir/node_modules/p-locate Completed in 23508ms
2701 http fetch GET 200 https://registry.npmjs.org/escape-string-regexp/-/escape-string-regexp-4.0.0.tgz 22370ms attempt #2 (cache miss)
2702 timing reifyNode:node_modules/eslint/node_modules/escape-string-regexp Completed in 23490ms
2703 http fetch GET 200 https://registry.npmjs.org/ms/-/ms-2.1.2.tgz 22389ms attempt #2 (cache miss)
2704 timing reifyNode:node_modules/debug/node_modules/ms Completed in 23508ms
2705 http fetch GET 200 https://registry.npmjs.org/kleur/-/kleur-4.1.5.tgz 22511ms attempt #2 (cache miss)
2706 timing reifyNode:node_modules/prompts-ncu/node_modules/kleur Completed in 23554ms
2707 http fetch GET 200 https://registry.npmjs.org/espree/-/espree-9.6.1.tgz 22415ms attempt #2 (cache miss)
2708 http fetch GET 200 https://registry.npmjs.org/write-file-atomic/-/write-file-atomic-3.0.3.tgz 22413ms attempt #2 (cache miss)
2709 timing reifyNode:node_modules/configstore/node_modules/write-file-atomic Completed in 23531ms
2710 timing reifyNode:node_modules/eslint/node_modules/espree Completed in 23537ms
2711 http fetch GET 200 https://registry.npmjs.org/minimatch/-/minimatch-9.0.4.tgz 22439ms attempt #2 (cache miss)
2712 http fetch GET 200 https://registry.npmjs.org/fastify-plugin/-/fastify-plugin-4.5.1.tgz 22435ms attempt #2 (cache miss)
2713 timing reifyNode:node_modules/fastify-method-override/node_modules/fastify-plugin Completed in 23544ms
2714 timing reifyNode:node_modules/ignore-walk/node_modules/minimatch Completed in 23557ms
2715 http fetch GET 200 https://registry.npmjs.org/debug/-/debug-3.2.7.tgz 22434ms attempt #2 (cache miss)
2716 timing reifyNode:node_modules/eslint-import-resolver-node/node_modules/debug Completed in 23545ms
2717 http fetch GET 200 https://registry.npmjs.org/mimic-response/-/mimic-response-3.1.0.tgz 22445ms attempt #2 (cache miss)
2718 timing reifyNode:node_modules/decompress-response/node_modules/mimic-response Completed in 23563ms
2719 http fetch GET 200 https://registry.npmjs.org/glob/-/glob-7.2.3.tgz 22580ms attempt #2 (cache miss)
2720 timing reifyNode:node_modules/rimraf/node_modules/glob Completed in 23625ms
2721 http fetch GET 200 https://registry.npmjs.org/lru-cache/-/lru-cache-7.18.3.tgz 22486ms attempt #2 (cache miss)
2722 timing reifyNode:node_modules/cacache/node_modules/lru-cache Completed in 23601ms
2723 http fetch GET 200 https://registry.npmjs.org/doctrine/-/doctrine-2.1.0.tgz 22507ms attempt #2 (cache miss)
2724 timing reifyNode:node_modules/eslint-plugin-import/node_modules/doctrine Completed in 23619ms
2725 http fetch GET 200 https://registry.npmjs.org/debug/-/debug-3.2.7.tgz 22512ms attempt #2 (cache miss)
2726 timing reifyNode:node_modules/eslint-module-utils/node_modules/debug Completed in 23625ms
2727 http fetch GET 200 https://registry.npmjs.org/ajv-keywords/-/ajv-keywords-5.1.0.tgz 22687ms attempt #2 (cache miss)
2728 timing reifyNode:node_modules/schema-utils/node_modules/ajv-keywords Completed in 23734ms
2729 http fetch GET 200 https://registry.npmjs.org/type-fest/-/type-fest-1.4.0.tgz 22592ms attempt #2 (cache miss)
2730 timing reifyNode:node_modules/crypto-random-string/node_modules/type-fest Completed in 23709ms
2731 http fetch GET 200 https://registry.npmjs.org/yargs/-/yargs-16.2.0.tgz 22716ms attempt #2 (cache miss)
2732 timing reifyNode:node_modules/sequelize-cli/node_modules/yargs Completed in 23762ms
2733 http fetch GET 200 https://registry.npmjs.org/unique-filename/-/unique-filename-3.0.0.tgz 22649ms attempt #2 (cache miss)
2734 timing reifyNode:node_modules/cacache/node_modules/unique-filename Completed in 23767ms
2735 http fetch GET 200 https://registry.npmjs.org/glob-parent/-/glob-parent-5.1.2.tgz 22651ms attempt #2 (cache miss)
2736 timing reifyNode:node_modules/chokidar/node_modules/glob-parent Completed in 23769ms
2737 http fetch GET 200 https://registry.npmjs.org/locate-path/-/locate-path-3.0.0.tgz 22754ms attempt #2 (cache miss)
2738 timing reifyNode:node_modules/pkg-up/node_modules/locate-path Completed in 23812ms
2739 http fetch GET 200 https://registry.npmjs.org/minipass/-/minipass-7.0.4.tgz 22752ms attempt #2 (cache miss)
2740 timing reifyNode:node_modules/pacote/node_modules/fs-minipass/node_modules/minipass Completed in 23818ms
2741 http fetch GET 200 https://registry.npmjs.org/fs-minipass/-/fs-minipass-3.0.3.tgz 22683ms attempt #2 (cache miss)
2742 timing reifyNode:node_modules/cacache/node_modules/fs-minipass Completed in 23799ms
2743 http fetch GET 200 https://registry.npmjs.org/ansi-styles/-/ansi-styles-3.2.1.tgz 22657ms attempt #2 (cache miss)
2744 timing reifyNode:node_modules/@babel/highlight/node_modules/ansi-styles Completed in 23791ms
2745 http fetch GET 200 https://registry.npmjs.org/strip-ansi/-/strip-ansi-7.1.0.tgz 22678ms attempt #2 (cache miss)
2746 timing reifyNode:node_modules/@isaacs/cliui/node_modules/strip-ansi Completed in 23796ms
2747 http fetch GET 200 https://registry.npmjs.org/has-flag/-/has-flag-3.0.0.tgz 22663ms attempt #2 (cache miss)
2748 timing reifyNode:node_modules/@babel/highlight/node_modules/has-flag Completed in 23792ms
2749 http fetch GET 200 https://registry.npmjs.org/help-me/-/help-me-5.0.0.tgz 22795ms attempt #2 (cache miss)
2750 http fetch GET 200 https://registry.npmjs.org/which/-/which-3.0.1.tgz 22686ms attempt #2 (cache miss)
2751 timing reifyNode:node_modules/@npmcli/git/node_modules/which Completed in 23804ms
2752 timing reifyNode:node_modules/pino-pretty/node_modules/help-me Completed in 23867ms
2753 http fetch GET 200 https://registry.npmjs.org/emoji-regex/-/emoji-regex-9.2.2.tgz 22710ms attempt #2 (cache miss)
2754 http fetch GET 200 https://registry.npmjs.org/semver/-/semver-6.3.1.tgz 22688ms attempt #2 (cache miss)
2755 timing reifyNode:node_modules/@babel/helper-compilation-targets/node_modules/semver Completed in 23824ms
2756 timing reifyNode:node_modules/@isaacs/cliui/node_modules/emoji-regex Completed in 23839ms
2757 http fetch GET 200 https://registry.npmjs.org/glob/-/glob-7.2.3.tgz 22742ms attempt #2 (cache miss)
2758 timing reifyNode:node_modules/@jest/reporters/node_modules/glob Completed in 23860ms
2759 http fetch GET 200 https://registry.npmjs.org/fastify-plugin/-/fastify-plugin-4.5.1.tgz 22748ms attempt #2 (cache miss)
2760 http fetch GET 200 https://registry.npmjs.org/fastify-plugin/-/fastify-plugin-4.5.1.tgz 22758ms attempt #2 (cache miss)
2761 timing reifyNode:node_modules/@fastify/cookie/node_modules/fastify-plugin Completed in 23886ms
2762 timing reifyNode:node_modules/@fastify/secure-session/node_modules/fastify-plugin Completed in 23894ms
2763 http fetch GET 200 https://registry.npmjs.org/json-schema-traverse/-/json-schema-traverse-1.0.0.tgz 22828ms attempt #2 (cache miss)
2764 http fetch GET 200 https://registry.npmjs.org/resolve-from/-/resolve-from-4.0.0.tgz 22909ms attempt #2 (cache miss)
2765 timing reifyNode:node_modules/import-fresh/node_modules/resolve-from Completed in 23997ms
2766 http fetch GET 200 https://registry.npmjs.org/minipass/-/minipass-7.0.4.tgz 22957ms attempt #2 (cache miss)
2767 timing reifyNode:node_modules/path-scurry/node_modules/minipass Completed in 24022ms
2768 http fetch GET 200 https://registry.npmjs.org/acorn/-/acorn-7.4.1.tgz 22918ms attempt #2 (cache miss)
2769 timing reifyNode:node_modules/is-expression/node_modules/acorn Completed in 24007ms
2770 http fetch GET 200 https://registry.npmjs.org/globals/-/globals-11.12.0.tgz 22836ms attempt #2 (cache miss)
2771 timing reifyNode:node_modules/@babel/traverse/node_modules/globals Completed in 23966ms
2772 timing reifyNode:node_modules/@fastify/ajv-compiler/node_modules/json-schema-traverse Completed in 23969ms
2773 http fetch GET 200 https://registry.npmjs.org/chalk/-/chalk-2.4.2.tgz 22833ms attempt #2 (cache miss)
2774 timing reifyNode:node_modules/@babel/highlight/node_modules/chalk Completed in 23967ms
2775 http fetch GET 200 https://registry.npmjs.org/brace-expansion/-/brace-expansion-2.0.1.tgz 22898ms attempt #2 (cache miss)
2776 timing reifyNode:node_modules/ignore-walk/node_modules/brace-expansion Completed in 24009ms
2777 http fetch GET 200 https://registry.npmjs.org/color-convert/-/color-convert-1.9.3.tgz 22842ms attempt #2 (cache miss)
2778 timing reifyNode:node_modules/@babel/highlight/node_modules/color-convert Completed in 23972ms
2779 http fetch GET 200 https://registry.npmjs.org/minimatch/-/minimatch-9.0.1.tgz 22882ms attempt #2 (cache miss)
2780 timing reifyNode:node_modules/editorconfig/node_modules/minimatch Completed in 23999ms
2781 http fetch GET 200 https://registry.npmjs.org/fastify-plugin/-/fastify-plugin-4.2.0.tgz 22880ms attempt #2 (cache miss)
2782 http fetch GET 200 https://registry.npmjs.org/minipass/-/minipass-7.0.4.tgz 22934ms attempt #2 (cache miss)
2783 timing reifyNode:node_modules/glob/node_modules/minipass Completed in 24046ms
2784 timing reifyNode:node_modules/@fastify/view/node_modules/fastify-plugin Completed in 24015ms
2785 http fetch GET 200 https://registry.npmjs.org/brace-expansion/-/brace-expansion-2.0.1.tgz 22999ms attempt #2 (cache miss)
2786 timing reifyNode:node_modules/glob/node_modules/brace-expansion Completed in 24111ms
2787 http fetch GET 200 https://registry.npmjs.org/help-me/-/help-me-5.0.0.tgz 23057ms attempt #2 (cache miss)
2788 http fetch GET 200 https://registry.npmjs.org/fastify-plugin/-/fastify-plugin-2.3.4.tgz 23066ms attempt #2 (cache miss)
2789 http fetch GET 200 https://registry.npmjs.org/which/-/which-3.0.1.tgz 23040ms attempt #2 (cache miss)
2790 timing reifyNode:node_modules/@npmcli/run-script/node_modules/which Completed in 24159ms
2791 http fetch GET 200 https://registry.npmjs.org/locate-path/-/locate-path-5.0.0.tgz 23040ms attempt #2 (cache miss)
2792 timing reifyNode:node_modules/@istanbuljs/load-nyc-config/node_modules/locate-path Completed in 24158ms
2793 timing reifyNode:node_modules/fastify-error-page/node_modules/fastify-plugin Completed in 24216ms
2794 http fetch GET 200 https://registry.npmjs.org/glob-parent/-/glob-parent-5.1.2.tgz 23107ms attempt #2 (cache miss)
2795 timing reifyNode:node_modules/fast-glob/node_modules/glob-parent Completed in 24221ms
2796 http fetch GET 200 https://registry.npmjs.org/p-limit/-/p-limit-2.3.0.tgz 23089ms attempt #2 (cache miss)
2797 timing reifyNode:node_modules/@istanbuljs/load-nyc-config/node_modules/p-limit Completed in 24207ms
2798 http fetch GET 200 https://registry.npmjs.org/fastify-plugin/-/fastify-plugin-4.5.1.tgz 23132ms attempt #2 (cache miss)
2799 http fetch GET 200 https://registry.npmjs.org/camelcase/-/camelcase-7.0.0.tgz 23117ms attempt #2 (cache miss)
2800 timing reifyNode:node_modules/boxen/node_modules/camelcase Completed in 24234ms
2801 timing reifyNode:node_modules/fastify-cli/node_modules/pino-pretty/node_modules/help-me Completed in 24252ms
2802 http fetch GET 200 https://registry.npmjs.org/fastify-plugin/-/fastify-plugin-4.5.1.tgz 23143ms attempt #2 (cache miss)
2803 http fetch GET 200 https://registry.npmjs.org/json-schema-traverse/-/json-schema-traverse-1.0.0.tgz 23142ms attempt #2 (cache miss)
2804 http fetch GET 200 https://registry.npmjs.org/eslint-visitor-keys/-/eslint-visitor-keys-4.0.0.tgz 23143ms attempt #2 (cache miss)
2805 http fetch GET 200 https://registry.npmjs.org/buffer/-/buffer-6.0.3.tgz 23145ms attempt #2 (cache miss)
2806 timing reifyNode:node_modules/fastify-cli/node_modules/buffer Completed in 24258ms
2807 http fetch GET 200 https://registry.npmjs.org/istanbul-lib-instrument/-/istanbul-lib-instrument-5.2.1.tgz 23120ms attempt #2 (cache miss)
2808 http fetch GET 200 https://registry.npmjs.org/ajv-formats/-/ajv-formats-3.0.1.tgz 23150ms attempt #2 (cache miss)
2809 timing reifyNode:node_modules/espree/node_modules/eslint-visitor-keys Completed in 24259ms
2810 timing reifyNode:node_modules/babel-plugin-istanbul/node_modules/istanbul-lib-instrument Completed in 24247ms
2811 timing reifyNode:node_modules/fast-json-stringify/node_modules/ajv-formats Completed in 24265ms
2812 timing reifyNode:node_modules/fast-json-stringify/node_modules/json-schema-traverse Completed in 24267ms
2813 http fetch GET 200 https://registry.npmjs.org/color-name/-/color-name-1.1.3.tgz 23104ms attempt #2 (cache miss)
2814 timing reifyNode:node_modules/@babel/highlight/node_modules/color-name Completed in 24236ms
2815 timing reifyNode:node_modules/fastify-cli/node_modules/fastify-plugin Completed in 24281ms
2816 timing reifyNode:node_modules/fastify-objectionjs/node_modules/fastify-plugin Completed in 24285ms
2817 http fetch GET 200 https://registry.npmjs.org/argparse/-/argparse-1.0.10.tgz 23150ms attempt #2 (cache miss)
2818 timing reifyNode:node_modules/@istanbuljs/load-nyc-config/node_modules/argparse Completed in 24269ms
2819 http fetch GET 200 https://registry.npmjs.org/type-fest/-/type-fest-0.21.3.tgz 23188ms attempt #2 (cache miss)
2820 timing reifyNode:node_modules/ansi-escapes/node_modules/type-fest Completed in 24311ms
2821 http fetch GET 200 https://registry.npmjs.org/fastify-plugin/-/fastify-plugin-4.5.1.tgz 23291ms attempt #2 (cache miss)
2822 timing reifyNode:node_modules/@fastify/formbody/node_modules/fastify-plugin Completed in 24424ms
2823 http fetch GET 200 https://registry.npmjs.org/string-width/-/string-width-5.1.2.tgz 23396ms attempt #2 (cache miss)
2824 timing reifyNode:node_modules/@isaacs/cliui/node_modules/string-width Completed in 24516ms
2825 http fetch GET 200 https://registry.npmjs.org/semver/-/semver-6.3.1.tgz 23382ms attempt #2 (cache miss)
2826 timing reifyNode:node_modules/@babel/core/node_modules/semver Completed in 24517ms
2827 http fetch GET 200 https://registry.npmjs.org/find-up/-/find-up-4.1.0.tgz 23406ms attempt #2 (cache miss)
2828 timing reifyNode:node_modules/@istanbuljs/load-nyc-config/node_modules/find-up Completed in 24524ms
2829 http fetch GET 200 https://registry.npmjs.org/fastify-plugin/-/fastify-plugin-4.5.1.tgz 23405ms attempt #2 (cache miss)
2830 http fetch GET 200 https://registry.npmjs.org/fastify-plugin/-/fastify-plugin-4.2.0.tgz 23458ms attempt #2 (cache miss)
2831 http fetch GET 200 https://registry.npmjs.org/ansi-regex/-/ansi-regex-6.0.1.tgz 23462ms attempt #2 (cache miss)
2832 timing reifyNode:node_modules/@isaacs/cliui/node_modules/ansi-regex Completed in 24582ms
2833 http fetch GET 200 https://registry.npmjs.org/lru-cache/-/lru-cache-7.18.3.tgz 23468ms attempt #2 (cache miss)
2834 timing reifyNode:node_modules/@npmcli/git/node_modules/lru-cache Completed in 24587ms
2835 http fetch GET 200 https://registry.npmjs.org/dottie 21508ms attempt #2 (cache miss)
2836 timing metavuln:packument:dottie Completed in 21509ms
2837 timing metavuln:load:security-advisory:dottie:1113536 Completed in 1ms
2838 http fetch GET 200 https://registry.npmjs.org/supports-color/-/supports-color-5.5.0.tgz 23456ms attempt #2 (cache miss)
2839 timing reifyNode:node_modules/@babel/highlight/node_modules/supports-color Completed in 24582ms
2840 http fetch GET 200 https://registry.npmjs.org/js-yaml 21522ms attempt #2 (cache miss)
2841 timing metavuln:packument:js-yaml Completed in 21522ms
2842 timing metavuln:load:security-advisory:js-yaml:1112714 Completed in 1ms
2843 timing metavuln:load:security-advisory:js-yaml:1112715 Completed in 1ms
2844 timing reifyNode:node_modules/@fastify/flash/node_modules/fastify-plugin Completed in 24590ms
2845 http fetch GET 200 https://registry.npmjs.org/pino-pretty/-/pino-pretty-10.3.1.tgz 23520ms attempt #2 (cache miss)
2846 timing reifyNode:node_modules/fastify-cli/node_modules/pino-pretty Completed in 24641ms
2847 http fetch GET 200 https://registry.npmjs.org/fastify-plugin/-/fastify-plugin-4.5.1.tgz 23498ms attempt #2 (cache miss)
2848 timing reifyNode:node_modules/@fastify/sensible/node_modules/fastify-plugin Completed in 24618ms
2849 timing metavuln:cache:put:security-advisory:dottie:0ACVlgh2XixrZ76V6Aw4AGmXe/vScI8AGIUQKFGZaYZxp4MyNabKSDBfLcT9XlERSFeHYQ9hiMRtZaHo1b3mTw== Completed in 35ms
2850 timing metavuln:calculate:security-advisory:dottie:1113536 Completed in 21545ms
2851 http fetch GET 200 https://registry.npmjs.org/flatted 21545ms attempt #2 (cache miss)
2852 timing metavuln:packument:flatted Completed in 21545ms
2853 timing metavuln:load:security-advisory:flatted:1114526 Completed in 1ms
2854 timing metavuln:load:security-advisory:flatted:1115357 Completed in 0ms
2855 timing reifyNode:node_modules/@fastify/static/node_modules/fastify-plugin Completed in 24625ms
2856 timing metavuln:cache:put:security-advisory:js-yaml:MQ5RokLIvrWmT8/NQU0dD+jQ+6pFslHlaXx1Z5q7mESITohR8AwLT525ddIc2KvKZYbB1p5yclW3kV4xeRYXEg== Completed in 35ms
2857 timing metavuln:calculate:security-advisory:js-yaml:1112714 Completed in 21558ms
2858 timing metavuln:cache:put:security-advisory:js-yaml:621IdjBdZEeVoUcjWGl1jXN0jFDGaf7dIQMeaPVKf5MxqYprJztiOC0OHOUPVoayh7Cq/fTC8L5CqEb98qlE7w== Completed in 34ms
2859 timing metavuln:calculate:security-advisory:js-yaml:1112715 Completed in 21558ms
2860 http fetch GET 200 https://registry.npmjs.org/globals/-/globals-14.0.0.tgz 23508ms attempt #2 (cache miss)
2861 timing reifyNode:node_modules/@eslint/eslintrc/node_modules/globals Completed in 24630ms
2862 timing metavuln:cache:put:security-advisory:flatted:oa7V2KnuHnLCPcrXFvcQLRAa1NASGJm9yZ+B92xpfwxan7PZyVrZjYAHt6LB51PFfA2mM8KGE+VHR+U5X/2uZw== Completed in 16ms
2863 timing metavuln:calculate:security-advisory:flatted:1114526 Completed in 21563ms
2864 timing metavuln:cache:put:security-advisory:flatted:uMG/3R828PE31LVzr7SnM2pFAXessH3XoRtonZYiGJtZfR5a//VWhmdMxy/RepstCydCDFxkci7fqEuzEvhnAA== Completed in 17ms
2865 timing metavuln:calculate:security-advisory:flatted:1115357 Completed in 21563ms
2866 http fetch GET 200 https://registry.npmjs.org/path-to-regexp 21568ms attempt #2 (cache miss)
2867 timing metavuln:packument:path-to-regexp Completed in 21568ms
2868 timing metavuln:load:security-advisory:path-to-regexp:1101846 Completed in 1ms
2869 timing metavuln:cache:put:security-advisory:path-to-regexp:TmkHz1g6xKc2pnDD1h6+ZDKMikxz0M1BBY/wyR9ER8446AKOUk6gXjoSR2douZ5enAllzNSKaynTW1H+LBi1CA== Completed in 13ms
2870 timing metavuln:calculate:security-advisory:path-to-regexp:1101846 Completed in 21583ms
2871 http fetch GET 200 https://registry.npmjs.org/find-my-way 21604ms attempt #2 (cache miss)
2872 timing metavuln:packument:find-my-way Completed in 21605ms
2873 timing metavuln:load:security-advisory:find-my-way:1099853 Completed in 1ms
2874 http fetch GET 200 https://registry.npmjs.org/ajv/-/ajv-8.12.0.tgz 23613ms attempt #2 (cache miss)
2875 timing metavuln:cache:put:security-advisory:find-my-way:ncPGiupWBmuLy3osYbi6NeA3zAkV0H2ETbz204QySGfjGMvhOUrckXpvAqjVyzsYU9NNJZrPHuMSulTPi+/bfw== Completed in 14ms
2876 timing metavuln:calculate:security-advisory:find-my-way:1099853 Completed in 21620ms
2877 timing reifyNode:node_modules/fast-json-stringify/node_modules/ajv Completed in 24726ms
2878 http fetch GET 200 https://registry.npmjs.org/fastify 21716ms attempt #2 (cache miss)
2879 timing metavuln:packument:fastify Completed in 21722ms
2880 timing metavuln:load:security-advisory:fastify:1112876 Completed in 3ms
2881 timing metavuln:load:security-advisory:fastify:1112877 Completed in 4ms
2882 timing metavuln:load:security-advisory:fastify:1115367 Completed in 3ms
2883 timing metavuln:cache:put:security-advisory:fastify:vrddC5kD1iC6bjQC2yMAnNLy1/+VmRDX3Vr+8eGmbbd/ikD6VgNiIpwTn2TMS3TAzr8ZR+5OeLpu/4I5U8QBKA== Completed in 17ms
2884 timing metavuln:calculate:security-advisory:fastify:1115367 Completed in 21752ms
2885 timing metavuln:cache:put:security-advisory:fastify:5OdrwYv5Xzq+rI3bchsuaHIz85Yyo5gTdhOrQGf2Em7pRhXXR2ur0R7W7qQ6UpWsSxuRBW8Fdp57dyqUhR5/yw== Completed in 26ms
2886 timing metavuln:calculate:security-advisory:fastify:1112876 Completed in 21752ms
2887 timing metavuln:cache:put:security-advisory:fastify:Mu3bbsgGIQMzQU+JUqKbxbOdmJ9sahc+8jmwkzzm3/7BqYYzReNvhjLjZ9XT5ElUjr+2gUCz/6X6tV16iM+obQ== Completed in 22ms
2888 timing metavuln:calculate:security-advisory:fastify:1112877 Completed in 21753ms
2889 http fetch GET 200 https://registry.npmjs.org/cookie 21755ms attempt #2 (cache miss)
2890 timing metavuln:packument:cookie Completed in 21756ms
2891 timing metavuln:load:security-advisory:cookie:1103907 Completed in 0ms
2892 http fetch GET 200 https://registry.npmjs.org/glob 21764ms attempt #2 (cache miss)
2893 timing metavuln:packument:glob Completed in 21766ms
2894 timing metavuln:load:security-advisory:glob:1109842 Completed in 1ms
2895 timing metavuln:cache:put:security-advisory:cookie:EFt7h/FZLeopARa06+F2CBY5ItUm007mP/cHgZjTJZX1MeIwg3JD7toSioRoDeE8wm5VdkimqlS+CnuPhZqbIg== Completed in 17ms
2896 timing metavuln:calculate:security-advisory:cookie:1103907 Completed in 21773ms
2897 timing metavuln:cache:put:security-advisory:glob:NTB2XjbDOgk4lkd8PZ3tUAm1F3E/ohGF6rl9/3LEO7Z0FDzSR5nWwzd3nUENA3NCNdyeR+35DOC12wPml2IV+g== Completed in 14ms
2898 timing metavuln:calculate:security-advisory:glob:1109842 Completed in 21781ms
2899 http fetch GET 200 https://registry.npmjs.org/markdown-it 21771ms attempt #2 (cache miss)
2900 timing metavuln:packument:markdown-it Completed in 21772ms
2901 timing metavuln:load:security-advisory:markdown-it:1113190 Completed in 1ms
2902 timing metavuln:cache:put:security-advisory:markdown-it:745Vt4mrHCdT8gFHVh7oHROmP4aH4fErXXhbpeVBhtIHmsxTVI7P3rJSdfXZ1iZTBS6GEnTERL4OWUfc4Co9jQ== Completed in 5ms
2903 timing metavuln:calculate:security-advisory:markdown-it:1113190 Completed in 21778ms
2904 http fetch GET 200 https://registry.npmjs.org/cross-spawn 21825ms attempt #2 (cache miss)
2905 timing metavuln:packument:cross-spawn Completed in 21825ms
2906 timing metavuln:load:security-advisory:cross-spawn:1104664 Completed in 1ms
2907 timing metavuln:cache:put:security-advisory:cross-spawn:PBcc/5P1UEO/1Ba/jUNR65wOzs1wU0Y+m+OOSfB57dG5EajzjbqRMRm0l7MWqcJgHDYM5GoZ36Hm7qAYFlIH3A== Completed in 11ms
2908 timing metavuln:calculate:security-advisory:cross-spawn:1104664 Completed in 21837ms
2909 http fetch GET 200 https://registry.npmjs.org/braces 21849ms attempt #2 (cache miss)
2910 timing metavuln:packument:braces Completed in 21849ms
2911 timing metavuln:load:security-advisory:braces:1098094 Completed in 1ms
2912 http fetch GET 200 https://registry.npmjs.org/brace-expansion 21856ms attempt #2 (cache miss)
2913 timing metavuln:packument:brace-expansion Completed in 21861ms
2914 timing metavuln:load:security-advisory:brace-expansion:1105443 Completed in 0ms
2915 timing metavuln:load:security-advisory:brace-expansion:1105444 Completed in 0ms
2916 timing metavuln:load:security-advisory:brace-expansion:1115540 Completed in 0ms
2917 timing metavuln:load:security-advisory:brace-expansion:1115541 Completed in 0ms
2918 timing metavuln:cache:put:security-advisory:braces:JiXBFkEDkUnBQLw3PO6emUmmm2JXqgEbh+FhB3SNDS8k6Z0wM20irrfaOjjxYuMxZaKaDudvR037mtEoeqZzXw== Completed in 15ms
2919 timing metavuln:calculate:security-advisory:braces:1098094 Completed in 21866ms
2920 timing metavuln:cache:put:security-advisory:brace-expansion:kIHgu1L8zIy7pY0wp6wYzUm7tst3xTM2tiSYrstcGK/XsO7o4p6zyuUSjq93oH1dvU2tbEvlSW+gaNbGIbeudw== Completed in 29ms
2921 timing metavuln:calculate:security-advisory:brace-expansion:1115540 Completed in 21887ms
2922 timing metavuln:cache:put:security-advisory:brace-expansion:mClmYqWawCNXseeTBHWiIwZH/2CmFUqPCmosJIeOhAgD9z1v3SayhHAwaWVo8wmeKU/JN9VP4zDBeXaqy3Ay2A== Completed in 30ms
2923 timing metavuln:calculate:security-advisory:brace-expansion:1105444 Completed in 21887ms
2924 timing metavuln:cache:put:security-advisory:brace-expansion:7IQMvcVTr+svbh5KCx4Kl6FQKJ1GciM03BnJAve/5WYJjUeRzKAIrStVpfachbl3T6a7o8nYlQEVG6Ih0TNXRg== Completed in 30ms
2925 timing metavuln:calculate:security-advisory:brace-expansion:1105443 Completed in 21891ms
2926 timing metavuln:cache:put:security-advisory:brace-expansion:ZHzAtnciS42HIMtUGajCifTIrkCUkWb93u/V1lJEt9HzdJ+ypMofn/dKgSOaziPQj+WGAcGS7t7WdPUHJBz0LA== Completed in 30ms
2927 timing metavuln:calculate:security-advisory:brace-expansion:1115541 Completed in 21888ms
2928 http fetch GET 200 https://registry.npmjs.org/@tootallnate%2fonce 21898ms attempt #2 (cache miss)
2929 timing metavuln:packument:@tootallnate/once Completed in 21899ms
2930 timing metavuln:load:security-advisory:@tootallnate/once:1113977 Completed in 0ms
2931 http fetch GET 200 https://registry.npmjs.org/pug-code-gen 21887ms attempt #2 (cache miss)
2932 timing metavuln:packument:pug-code-gen Completed in 21887ms
2933 timing metavuln:load:security-advisory:pug-code-gen:1104107 Completed in 0ms
2934 http fetch GET 200 https://registry.npmjs.org/picomatch 21894ms attempt #2 (cache miss)
2935 timing metavuln:packument:picomatch Completed in 21894ms
2936 timing metavuln:load:security-advisory:picomatch:1115549 Completed in 0ms
2937 timing metavuln:load:security-advisory:picomatch:1115552 Completed in 1ms
2938 http fetch GET 200 https://registry.npmjs.org/ip 21901ms attempt #2 (cache miss)
2939 timing metavuln:packument:ip Completed in 21901ms
2940 timing metavuln:load:security-advisory:ip:1101851 Completed in 1ms
2941 timing metavuln:load:security-advisory:ip:1114832 Completed in 0ms
2942 http fetch GET 200 https://registry.npmjs.org/lodash 21905ms attempt #2 (cache miss)
2943 timing metavuln:packument:lodash Completed in 21906ms
2944 timing metavuln:load:security-advisory:lodash:1112455 Completed in 0ms
2945 timing metavuln:load:security-advisory:lodash:1115806 Completed in 1ms
2946 timing metavuln:load:security-advisory:lodash:1115810 Completed in 0ms
2947 http fetch GET 200 https://registry.npmjs.org/micromatch 21909ms attempt #2 (cache miss)
2948 timing metavuln:packument:micromatch Completed in 21910ms
2949 timing metavuln:load:security-advisory:micromatch:1098681 Completed in 0ms
2950 timing metavuln:cache:put:security-advisory:@tootallnate/once:Bij+qufwr7God+MYI0JIFJYEDFT3IlGllIhDaMb6DB6UZOYpGBBfXc1Jq59Wdg/M2NdGRUO2+zYnIEZHW42YDw== Completed in 41ms
2951 timing metavuln:calculate:security-advisory:@tootallnate/once:1113977 Completed in 21940ms
2952 timing metavuln:cache:put:security-advisory:pug-code-gen:jYtA+ua4XfswkuObBtnwWn2fYvQUK4ca+Iv1+bqgs4mXRLiX4zUdwwNSawL0T4CvKtEq8q6TFgvFydQ8OKg+/Q== Completed in 39ms
2953 timing metavuln:calculate:security-advisory:pug-code-gen:1104107 Completed in 21927ms
2954 timing metavuln:cache:put:security-advisory:picomatch:GSQ5ghUF1JWDKMssoydWDVRebjlPePRwktLhrdWzXCq5xeBXdo4Cm9HGHnH2b6P1Nq93YjwPmimVjAx6kge32A== Completed in 36ms
2955 timing metavuln:calculate:security-advisory:picomatch:1115549 Completed in 21930ms
2956 timing metavuln:cache:put:security-advisory:picomatch:H8EHkZXRRUdil3DyUl8tc8lCQUliQzjc5H5D4llqFojH152sBqO1suz3XiNiRQT++wJdWkgXe/zFc/Bbrrz6ng== Completed in 35ms
2957 timing metavuln:calculate:security-advisory:picomatch:1115552 Completed in 21929ms
2958 timing metavuln:cache:put:security-advisory:ip:kueZWtHx2OlOfcgg7jCuzsMg1G+hSWSz46I4qS9A9YkI1yyLIkm6qmb9EAp6afwx9qKW96Z5AKmkLgtElUvJrg== Completed in 32ms
2959 timing metavuln:calculate:security-advisory:ip:1114832 Completed in 21935ms
2960 timing metavuln:cache:put:security-advisory:ip:FcMhhitnipE8n5zCPiVRq2NLRNmu7UZkoO9lrM5CRC/emGwY5wSoa1+q1Q1Z8SPpfXO9tzox/MNRv7luhyJvqg== Completed in 34ms
2961 timing metavuln:calculate:security-advisory:ip:1101851 Completed in 21936ms
2962 timing metavuln:cache:put:security-advisory:lodash:OGNA5lR8rR8aeucWHqvJLBV5oaroI/lF2JfG9J2l63dx9uiGUyHuI4ymC6nv+dqWwxtqCIMcqBukiWYEiF5/RQ== Completed in 31ms
2963 timing metavuln:calculate:security-advisory:lodash:1112455 Completed in 21937ms
2964 timing metavuln:cache:put:security-advisory:lodash:DNnxUw8Ep7p1YCAJl4A30HMQmsK3uaHxA5fhfuTpXJUBgCvmZbKGD7OWAcfQ2u+fc9lY6ap1BhHpARF9oEarxQ== Completed in 29ms
2965 timing metavuln:calculate:security-advisory:lodash:1115806 Completed in 21937ms
2966 timing metavuln:cache:put:security-advisory:lodash:thshZSsl03tivWaq68PzU+tj1Rdgd6ZGN992B7QB+2oylByv6bvG8a/FXYANJwK5kybQ7+c0hg18JSj4gYikrg== Completed in 27ms
2967 timing metavuln:calculate:security-advisory:lodash:1115810 Completed in 21937ms
2968 timing metavuln:cache:put:security-advisory:micromatch:TlYHmS8BZBwkbsPHbTfH2/e91KJnOnqfC63ZoKdiRy+yt6biPd8BwjBdyfPUht1+ZO675I3Gg00RQPYaWiOm8Q== Completed in 27ms
2969 timing metavuln:calculate:security-advisory:micromatch:1098681 Completed in 21937ms
2970 http fetch GET 200 https://registry.npmjs.org/pug 21938ms attempt #2 (cache miss)
2971 timing metavuln:packument:pug Completed in 21939ms
2972 timing metavuln:load:security-advisory:pug:1104111 Completed in 1ms
2973 http fetch GET 200 https://registry.npmjs.org/minimatch 21963ms attempt #2 (cache miss)
2974 timing metavuln:packument:minimatch Completed in 21965ms
2975 timing metavuln:load:security-advisory:minimatch:1113459 Completed in 2ms
2976 timing metavuln:load:security-advisory:minimatch:1113461 Completed in 2ms
2977 timing metavuln:load:security-advisory:minimatch:1113465 Completed in 2ms
2978 timing metavuln:load:security-advisory:minimatch:1113538 Completed in 1ms
2979 timing metavuln:load:security-advisory:minimatch:1113540 Completed in 1ms
2980 timing metavuln:load:security-advisory:minimatch:1113544 Completed in 2ms
2981 timing metavuln:load:security-advisory:minimatch:1113546 Completed in 1ms
2982 timing metavuln:load:security-advisory:minimatch:1113548 Completed in 1ms
2983 timing metavuln:load:security-advisory:minimatch:1113552 Completed in 1ms
2984 timing metavuln:cache:put:security-advisory:pug:q1QCNIb5doZm6I3eRGcu7TI0K8fyc7dAf2McLW9B8u9n+aVFF2mdYrDZecswkGEqvp/OYAJdtseKaRANUQq8pQ== Completed in 33ms
2985 timing metavuln:calculate:security-advisory:pug:1104111 Completed in 21973ms
2986 http fetch GET 200 https://registry.npmjs.org/knex/-/knex-2.5.1.tgz 23989ms attempt #2 (cache miss)
2987 timing reifyNode:node_modules/fastify-objectionjs/node_modules/knex Completed in 25096ms
2988 timing metavuln:cache:put:security-advisory:minimatch:kx7kRjUmjSYmgQBpfsU82Na4xORZqvqpRRSlOyPLadasPBl0YfFJCjIETC00BG7Gd2omQLizgz8/GnnE/hk+Jw== Completed in 35ms
2989 timing metavuln:calculate:security-advisory:minimatch:1113538 Completed in 22009ms
2990 timing metavuln:cache:put:security-advisory:minimatch:/utMkAt3a6jSPsaWIJ1J7tAb7G+ccGxNsymbhFTVWOMIyhRZOJ9QR0zn1SNtejrdUO5fsO4RDJKDMI6C5/bkuw== Completed in 39ms
2991 timing metavuln:calculate:security-advisory:minimatch:1113461 Completed in 22009ms
2992 timing metavuln:cache:put:security-advisory:minimatch:B00WbbnnDNaFGA7l9BgrTioYpRMzU4+U8SUF8cn65LwArJAK0O380QwyP/UyxPr7i9XUjX9/AADC41/edu9OrA== Completed in 37ms
2993 timing metavuln:calculate:security-advisory:minimatch:1113465 Completed in 22009ms
2994 timing metavuln:cache:put:security-advisory:minimatch:tJ9Z2VGWqiQfLaVKxc9K/6Rz1g70Mpl3An4UK+K1lyHdz27vYPzhMIkC4jRGAN2wpssY+8l13Ql259B6zkaX/Q== Completed in 32ms
2995 timing metavuln:calculate:security-advisory:minimatch:1113544 Completed in 22009ms
2996 timing metavuln:cache:put:security-advisory:minimatch:txOieOIAfgHfBPiN09+pYAjPLRzgUOz3D3illtf9vTzeqs41QJZjfj5jVXCi/3ICpBX0YlJi/ghdWSjCJwNtwA== Completed in 34ms
2997 timing metavuln:calculate:security-advisory:minimatch:1113540 Completed in 22009ms
2998 timing metavuln:cache:put:security-advisory:minimatch:tdaAHfWGUw/nl/W8ALWVH+LvG2E3gvo3P2FI/fVPxm3aZteLxWMOEuk/9iDk5O0/cZN/GRXnabt/mW/bfUoL/g== Completed in 31ms
2999 timing metavuln:calculate:security-advisory:minimatch:1113546 Completed in 22009ms
3000 timing metavuln:cache:put:security-advisory:minimatch:V/3cIcyAQcG1bwuH0e0PI9Qt5WRtbvb/WOz2mBxAfNzXf+Dvs9G1X05eHjnPq2b0TJY4zXXpqhCAkRAipgk3iQ== Completed in 42ms
3001 timing metavuln:calculate:security-advisory:minimatch:1113459 Completed in 22010ms
3002 timing metavuln:cache:put:security-advisory:minimatch:IBqefxF0lKwSFXzwGHp5L8khqSaPYY99x0GHtXNH4YxtdIexeL4FFPzrnnBvkhgmGDEWHo3XAgpPYGyM1jidQQ== Completed in 28ms
3003 timing metavuln:calculate:security-advisory:minimatch:1113552 Completed in 22009ms
3004 http fetch GET 200 https://registry.npmjs.org/qs 22001ms attempt #2 (cache miss)
3005 timing metavuln:packument:qs Completed in 22003ms
3006 timing metavuln:load:security-advisory:qs:1113161 Completed in 1ms
3007 timing metavuln:load:security-advisory:qs:1113719 Completed in 1ms
3008 http fetch GET 200 https://registry.npmjs.org/serialize-javascript 22005ms attempt #2 (cache miss)
3009 timing metavuln:packument:serialize-javascript Completed in 22005ms
3010 timing metavuln:load:security-advisory:serialize-javascript:1113686 Completed in 0ms
3011 timing metavuln:load:security-advisory:serialize-javascript:1115723 Completed in 0ms
3012 http fetch GET 200 https://registry.npmjs.org/tar-fs 22005ms attempt #2 (cache miss)
3013 timing metavuln:packument:tar-fs Completed in 22006ms
3014 timing metavuln:load:security-advisory:tar-fs:1109532 Completed in 1ms
3015 timing metavuln:load:security-advisory:tar-fs:1109543 Completed in 0ms
3016 timing metavuln:load:security-advisory:tar-fs:1109552 Completed in 0ms
3017 timing metavuln:cache:put:security-advisory:minimatch:d1vHbFmApmPZ8D7tU5wibuYDk+ODEPdqBqmhQYykwFs/yMixetMkwY01zYVdWNOsg0NvkvSTlNgJ2ddzclruSA== Completed in 45ms
3018 timing metavuln:calculate:security-advisory:minimatch:1113548 Completed in 22024ms
3019 http fetch GET 200 https://registry.npmjs.org/postcss 22018ms attempt #2 (cache miss)
3020 timing metavuln:packument:postcss Completed in 22021ms
3021 timing metavuln:load:security-advisory:postcss:1117015 Completed in 2ms
3022 http fetch GET 200 https://registry.npmjs.org/ajv/-/ajv-8.12.0.tgz 23986ms attempt #2 (cache miss)
3023 timing reifyNode:node_modules/@fastify/ajv-compiler/node_modules/ajv Completed in 25109ms
3024 timing metavuln:cache:put:security-advisory:serialize-javascript:VNhzhjSQJJPSfVWQUXMpEy6hsW23faurQllLlGbSJ7QrUHjncb9PKDTQYw8APRVBzMug+7YJc5EWXV6SYvPIiw== Completed in 28ms
3025 timing metavuln:calculate:security-advisory:serialize-javascript:1113686 Completed in 22034ms
3026 timing metavuln:cache:put:security-advisory:qs:vVSN+MRVpdux32gCUfPGidHUGmS/0G5Ziwtmb1YXw3NARw1r47LtySeR7yFf/LZ4sKzi41443WWDDZzPHuCh9g== Completed in 32ms
3027 timing metavuln:calculate:security-advisory:qs:1113161 Completed in 22036ms
3028 timing metavuln:cache:put:security-advisory:serialize-javascript:y5ht5IaVIMjpwL0IZGKIrAJO+O1KQhhG2+VGCBx2lcZuGkhWWkccmfdEpDP4g3jX06lLdfGiDu1+ptdkafpN0Q== Completed in 29ms
3029 timing metavuln:calculate:security-advisory:serialize-javascript:1115723 Completed in 22034ms
3030 timing metavuln:cache:put:security-advisory:qs:iChjlXxtVMTpyXsUse674XoeCayLW4gF6rE7sQcXvHRFegwpM44fUr9Eqlmsmu+S9udu9w9eZmpzcAcyiUJMIQ== Completed in 30ms
3031 timing metavuln:calculate:security-advisory:qs:1113719 Completed in 22035ms
3032 timing metavuln:cache:put:security-advisory:tar-fs:1dRVXY1/KAgNRzluJejkcnnY74RNVCtUBdSLW4DLR6KPpPmll6CDT96fyxIYOX7Nsq4AChUF8ivPlQmppqQqYw== Completed in 25ms
3033 timing metavuln:calculate:security-advisory:tar-fs:1109552 Completed in 22033ms
3034 timing metavuln:cache:put:security-advisory:tar-fs:cvuUIK3mvYU/u7TShVqDjuuoWy7Jgl2iyysqZzndeGLLwvbCDiePQ/rot9wwSNqpYc8yRaszF/7dU1Uelp1dUw== Completed in 26ms
3035 timing metavuln:calculate:security-advisory:tar-fs:1109532 Completed in 22034ms
3036 timing metavuln:cache:put:security-advisory:tar-fs:Ix/Js08sk80rCM814qr/o6ab9zjh7+H8VVJui+xRbBltVjhzX21eodMzpIt77aC2gIFcrK8EEBkOSiDgsanD1w== Completed in 27ms
3037 timing metavuln:calculate:security-advisory:tar-fs:1109543 Completed in 22034ms
3038 http fetch GET 200 https://registry.npmjs.org/nanoid 22039ms attempt #2 (cache miss)
3039 timing metavuln:packument:nanoid Completed in 22041ms
3040 timing metavuln:load:security-advisory:nanoid:1109563 Completed in 1ms
3041 timing metavuln:cache:put:security-advisory:postcss:685RVq5xScaqegAXk2BRJrsMaZmsz1d/volUoA67iVw3AvHhUlX03u+VPRrmo8iuObcSDvuZF+fuiOnLC9L1uA== Completed in 18ms
3042 timing metavuln:calculate:security-advisory:postcss:1117015 Completed in 22042ms
3043 timing metavuln:cache:put:security-advisory:nanoid:SvMVdtEUVO5ESues2DL9aEFMy6oMG+saOn/tNitKJcx7q7CvMfC5ZcstpC8dbnZl5KL/q/3pYBvQrAPBFsC+nQ== Completed in 7ms
3044 timing metavuln:calculate:security-advisory:nanoid:1109563 Completed in 22050ms
3045 http fetch GET 200 https://registry.npmjs.org/assert-never/-/assert-never-1.2.1.tgz 24392ms attempt #2 (cache miss)
3046 timing reifyNode:node_modules/assert-never Completed in 25225ms
3047 http fetch GET 200 https://registry.npmjs.org/atomic-sleep/-/atomic-sleep-1.0.0.tgz 24393ms attempt #2 (cache miss)
3048 timing reifyNode:node_modules/atomic-sleep Completed in 25226ms
3049 http fetch GET 200 https://registry.npmjs.org/balanced-match/-/balanced-match-1.0.2.tgz 24414ms attempt #2 (cache miss)
3050 timing reifyNode:node_modules/balanced-match Completed in 25243ms
3051 http fetch GET 200 https://registry.npmjs.org/at-least-node/-/at-least-node-1.0.0.tgz 24409ms attempt #2 (cache miss)
3052 timing reifyNode:node_modules/at-least-node Completed in 25243ms
3053 http fetch GET 200 https://registry.npmjs.org/babel-plugin-istanbul/-/babel-plugin-istanbul-6.1.1.tgz 24419ms attempt #2 (cache miss)
3054 timing reifyNode:node_modules/babel-plugin-istanbul Completed in 25251ms
3055 http fetch GET 200 https://registry.npmjs.org/tar 22155ms attempt #2 (cache miss)
3056 timing metavuln:packument:tar Completed in 22157ms
3057 timing metavuln:load:security-advisory:tar:1112659 Completed in 1ms
3058 timing metavuln:load:security-advisory:tar:1113300 Completed in 1ms
3059 timing metavuln:load:security-advisory:tar:1113375 Completed in 1ms
3060 timing metavuln:load:security-advisory:tar:1114200 Completed in 1ms
3061 timing metavuln:load:security-advisory:tar:1114302 Completed in 1ms
3062 timing metavuln:load:security-advisory:tar:1114680 Completed in 1ms
3063 timing metavuln:load:security-advisory:tar:1097493 Completed in 3ms
3064 timing metavuln:cache:put:security-advisory:tar:qPQeYPFDBIedTWfYK3sbnScF6Ha7ouTs+wgndnz4PT5P+/K+GBD4epoPcYpXlu6AC7gSJlCJTJeuKbYAFoK9PA== Completed in 41ms
3065 timing metavuln:calculate:security-advisory:tar:1112659 Completed in 22200ms
3066 timing metavuln:cache:put:security-advisory:tar:cbwMpzkxWE086TmEbj2aUk80Z6hlvP0jzlWS+XiX15JwqEtFzUgHyHj3QX4I6EZYk8tgcYPuNr3hYFVCQY6e3Q== Completed in 41ms
3067 timing metavuln:calculate:security-advisory:tar:1113300 Completed in 22200ms
3068 timing metavuln:cache:put:security-advisory:tar:eeMx7uxRjV2T2ub1XcSZGVUMDQllh5SgBOjApRXoDwccZb2xPyoJEKCNDkl/ZQGHcurw9K/Nf+wQF6u7SWH6CQ== Completed in 38ms
3069 timing metavuln:calculate:security-advisory:tar:1114200 Completed in 22200ms
3070 timing metavuln:cache:put:security-advisory:tar:UWW3Y4BpqE/fE3Qp2/QBaix5a7TZZoP7gM6asxPYL9ED9MweoK3ryao+Bp0Y6Y8Xds/rmjAafpG21YRYkP3N4g== Completed in 37ms
3071 timing metavuln:calculate:security-advisory:tar:1114302 Completed in 22200ms
3072 timing metavuln:cache:put:security-advisory:tar:Bbf0Br7FJ1lJBIJDoLLFwjsDrbaYgLVqfrwr0ATzSQWEKW7Xp073S+5zxU9imRf4OqRJHo2MsCDeyKR0KRVsdA== Completed in 40ms
3073 timing metavuln:calculate:security-advisory:tar:1113375 Completed in 22200ms
3074 timing metavuln:cache:put:security-advisory:tar:xsfciMtNhQn+Vb692L8h5HEYBYUJ5Lhjy3bF//LOsKSn8tp0f1hbuDX26k9UtKJNPZjM5uuq2Cxlz3KwL19oJg== Completed in 32ms
3075 timing metavuln:calculate:security-advisory:tar:1097493 Completed in 22200ms
3076 timing metavuln:cache:put:security-advisory:tar:vbDW3SJe6e2hhLv65iuyXehzCzEAirdu2MloZluu8ApJ5S0mpjZNCz+7tMRaz8WDOzMKfYQKi/M/IfcFNOa3Cw== Completed in 35ms
3077 timing metavuln:calculate:security-advisory:tar:1114680 Completed in 22200ms
3078 http fetch GET 200 https://registry.npmjs.org/array-buffer-byte-length/-/array-buffer-byte-length-1.0.1.tgz 24457ms attempt #2 (cache miss)
3079 http fetch GET 200 https://registry.npmjs.org/babel-walk/-/babel-walk-3.0.0-canary-5.tgz 24470ms attempt #2 (cache miss)
3080 timing reifyNode:node_modules/array-buffer-byte-length Completed in 25304ms
3081 http fetch GET 200 https://registry.npmjs.org/ajv 22247ms attempt #2 (cache miss)
3082 timing metavuln:packument:ajv Completed in 22250ms
3083 timing metavuln:load:security-advisory:ajv:1113714 Completed in 3ms
3084 timing metavuln:load:security-advisory:ajv:1113715 Completed in 4ms
3085 timing reifyNode:node_modules/babel-walk Completed in 25339ms
3086 http fetch GET 200 https://registry.npmjs.org/@jest/types/-/types-29.6.3.tgz 24455ms attempt #2 (cache miss)
3087 timing reifyNode:node_modules/@jest/types Completed in 25356ms
3088 http fetch GET 200 https://registry.npmjs.org/array.prototype.flat/-/array.prototype.flat-1.3.2.tgz 24531ms attempt #2 (cache miss)
3089 http fetch GET 200 https://registry.npmjs.org/@jridgewell/gen-mapping/-/gen-mapping-0.3.5.tgz 24462ms attempt #2 (cache miss)
3090 timing metavuln:cache:put:security-advisory:ajv:u4HOZ0QFYFTDLqnZ5TPSC8VEvP+HMuGcZACJuTqG8bm/gunrgkQwsiiH2pbF9tNIl45RK0sW2ccPzEojb1k0xQ== Completed in 45ms
3091 timing metavuln:calculate:security-advisory:ajv:1113714 Completed in 22299ms
3092 timing metavuln:cache:put:security-advisory:ajv:URErmxoyazZWR5lFcXpgTkGsbkrUBDlzD8W6txjBw2wZoOC7oHjHFfCrRr/VnGeJvbyUY9E2jxrL8p2XbwfP8g== Completed in 42ms
3093 timing metavuln:calculate:security-advisory:ajv:1113715 Completed in 22299ms
3094 http fetch GET 200 https://registry.npmjs.org/array.prototype.findlastindex/-/array.prototype.findlastindex-1.2.5.tgz 24541ms attempt #2 (cache miss)
3095 http fetch GET 200 https://registry.npmjs.org/@types/babel__core/-/babel__core-7.20.5.tgz 24495ms attempt #2 (cache miss)
3096 timing reifyNode:node_modules/@types/babel__core Completed in 25374ms
3097 timing reifyNode:node_modules/array.prototype.flat Completed in 25380ms
3098 timing reifyNode:node_modules/@jridgewell/gen-mapping Completed in 25375ms
3099 timing reifyNode:node_modules/array.prototype.findlastindex Completed in 25392ms
3100 http fetch GET 200 https://registry.npmjs.org/argparse/-/argparse-2.0.1.tgz 24568ms attempt #2 (cache miss)
3101 timing reifyNode:node_modules/argparse Completed in 25404ms
3102 http fetch GET 200 https://registry.npmjs.org/validator 22311ms attempt #2 (cache miss)
3103 timing metavuln:packument:validator Completed in 22313ms
3104 timing metavuln:load:security-advisory:validator:1109241 Completed in 2ms
3105 timing metavuln:load:security-advisory:validator:1112713 Completed in 2ms
3106 http fetch GET 200 https://registry.npmjs.org/sequelize 22329ms attempt #2 (cache miss)
3107 timing metavuln:packument:sequelize Completed in 22339ms
3108 timing metavuln:load:security-advisory:sequelize:1114318 Completed in 9ms
3109 http fetch GET 200 https://registry.npmjs.org/@tufjs/models/-/models-1.0.4.tgz 24588ms attempt #2 (cache miss)
3110 timing metavuln:cache:put:security-advisory:validator:IkyJOqfhkev0E9tRX4zbgkqtsxJX67cd4upO2f1EheDpncnx522qyf9oLyXwjDcWGeZOQHSqJUAh/kUyYH60qQ== Completed in 62ms
3111 timing metavuln:calculate:security-advisory:validator:1109241 Completed in 22377ms
3112 timing reifyNode:node_modules/@tufjs/models Completed in 25471ms
3113 timing metavuln:cache:put:security-advisory:validator:K8tnmsGw+QkTexUmTWxKwuHjWuT7Hea3z5nNI9JdW3F0rI0+n7L2rpU8PIPJJVMbPs2Qmf97TEHw10QorOnMzQ== Completed in 64ms
3114 timing metavuln:calculate:security-advisory:validator:1112713 Completed in 22381ms
3115 timing metavuln:cache:put:security-advisory:sequelize:wjhMoLZiiqIacD4+V2lI9921Z2ZeJryL/EpzUzvbYcIegwFDJzNWjjO/YQBa50uUmoyjfCuJxHX0z9qwD769Dg== Completed in 42ms
3116 timing metavuln:calculate:security-advisory:sequelize:1114318 Completed in 22390ms
3117 http fetch GET 200 https://registry.npmjs.org/@jridgewell/resolve-uri/-/resolve-uri-3.1.2.tgz 24580ms attempt #2 (cache miss)
3118 http fetch GET 200 https://registry.npmjs.org/@jest/environment/-/environment-29.7.0.tgz 24576ms attempt #2 (cache miss)
3119 timing reifyNode:node_modules/@jest/environment Completed in 25477ms
3120 http fetch GET 200 https://registry.npmjs.org/@nodelib/fs.stat/-/fs.stat-2.0.5.tgz 24585ms attempt #2 (cache miss)
3121 timing reifyNode:node_modules/@jridgewell/resolve-uri Completed in 25480ms
3122 http fetch GET 200 https://registry.npmjs.org/@jest/transform/-/transform-29.7.0.tgz 24615ms attempt #2 (cache miss)
3123 timing reifyNode:node_modules/@jest/transform Completed in 25513ms
3124 timing reifyNode:node_modules/@nodelib/fs.stat Completed in 25521ms
3125 http fetch GET 200 https://registry.npmjs.org/@istanbuljs/schema/-/schema-0.1.3.tgz 24639ms attempt #2 (cache miss)
3126 timing reifyNode:node_modules/@istanbuljs/schema Completed in 25541ms
3127 http fetch GET 200 https://registry.npmjs.org/@jest/console/-/console-29.7.0.tgz 24639ms attempt #2 (cache miss)
3128 timing reifyNode:node_modules/@jest/console Completed in 25543ms
3129 http fetch GET 200 https://registry.npmjs.org/@nodelib/fs.scandir/-/fs.scandir-2.1.5.tgz 24654ms attempt #2 (cache miss)
3130 http fetch GET 200 https://registry.npmjs.org/@jest/globals/-/globals-29.7.0.tgz 24645ms attempt #2 (cache miss)
3131 timing reifyNode:node_modules/@jest/globals Completed in 25550ms
3132 timing reifyNode:node_modules/@nodelib/fs.scandir Completed in 25565ms
3133 http fetch GET 200 https://registry.npmjs.org/@istanbuljs/load-nyc-config/-/load-nyc-config-1.1.0.tgz 24675ms attempt #2 (cache miss)
3134 timing reifyNode:node_modules/@istanbuljs/load-nyc-config Completed in 25578ms
3135 http fetch GET 200 https://registry.npmjs.org/@humanwhocodes/module-importer/-/module-importer-1.0.1.tgz 24672ms attempt #2 (cache miss)
3136 timing reifyNode:node_modules/@humanwhocodes/module-importer Completed in 25586ms
3137 http fetch GET 200 https://registry.npmjs.org/@jest/schemas/-/schemas-29.6.3.tgz 24697ms attempt #2 (cache miss)
3138 timing reifyNode:node_modules/@jest/schemas Completed in 25596ms
3139 http fetch GET 200 https://registry.npmjs.org/@lukeed/ms/-/ms-2.0.2.tgz 24703ms attempt #2 (cache miss)
3140 timing reifyNode:node_modules/@lukeed/ms Completed in 25600ms
3141 http fetch GET 200 https://registry.npmjs.org/@babel/plugin-syntax-optional-catch-binding/-/plugin-syntax-optional-catch-binding-7.8.3.tgz 24676ms attempt #2 (cache miss)
3142 timing reifyNode:node_modules/@babel/plugin-syntax-optional-catch-binding Completed in 25600ms
3143 http fetch GET 200 https://registry.npmjs.org/@babel/plugin-syntax-bigint/-/plugin-syntax-bigint-7.8.3.tgz 24674ms attempt #2 (cache miss)
3144 timing reifyNode:node_modules/@babel/plugin-syntax-bigint Completed in 25600ms
3145 http fetch GET 200 https://registry.npmjs.org/@babel/helper-function-name/-/helper-function-name-7.23.0.tgz 24667ms attempt #2 (cache miss)
3146 timing reifyNode:node_modules/@babel/helper-function-name Completed in 25600ms
3147 http fetch GET 200 https://registry.npmjs.org/@babel/template/-/template-7.24.0.tgz 24702ms attempt #2 (cache miss)
3148 http fetch GET 200 https://registry.npmjs.org/webpack 22539ms attempt #2 (cache miss)
3149 timing metavuln:packument:webpack Completed in 22555ms
3150 timing metavuln:load:security-advisory:webpack:1113041 Completed in 9ms
3151 timing metavuln:load:security-advisory:webpack:1113042 Completed in 13ms
3152 timing metavuln:load:security-advisory:webpack:1099351 Completed in 10ms
3153 timing reifyNode:node_modules/@babel/template Completed in 25672ms
3154 http fetch GET 200 https://registry.npmjs.org/@babel/helper-module-imports/-/helper-module-imports-7.24.3.tgz 24775ms attempt #2 (cache miss)
3155 http fetch GET 200 https://registry.npmjs.org/@babel/helper-module-transforms/-/helper-module-transforms-7.23.3.tgz 24786ms attempt #2 (cache miss)
3156 timing reifyNode:node_modules/@babel/helper-module-imports Completed in 25720ms
3157 timing reifyNode:node_modules/@babel/helper-module-transforms Completed in 25730ms
3158 timing metavuln:cache:put:security-advisory:webpack:7Pl1j4sHKhCQAEccTmt3XZIEEazRzvyC0TOx07N0G7o5OIhhZ0j0Ji3KSCbTwfmCR/2OHJ3Mx5ZmedDQEQeBbg== Completed in 77ms
3159 timing metavuln:calculate:security-advisory:webpack:1099351 Completed in 22664ms
3160 timing metavuln:cache:put:security-advisory:webpack:IzHFkMfHDC+SV3IL23ZHngntgLDUgyESA9Ge8Mh5rKNVcDpaWLuTZIcoUJg4/bAH+BQlnDzJ4nLfJCy6fOIM0A== Completed in 101ms
3161 timing metavuln:calculate:security-advisory:webpack:1113041 Completed in 22665ms
3162 timing metavuln:cache:put:security-advisory:webpack:s8eUYzfoKCRSDroeyV91F0huXvDaY4W8tlhzcL2BszFV9dolZHIAn/UZ/7LVU12F35esXqY1PqnhYKHfHcDozQ== Completed in 89ms
3163 timing metavuln:calculate:security-advisory:webpack:1113042 Completed in 22665ms
3164 http fetch GET 200 https://registry.npmjs.org/@babel/helper-string-parser/-/helper-string-parser-7.24.1.tgz 24819ms attempt #2 (cache miss)
3165 timing reifyNode:node_modules/@babel/helper-string-parser Completed in 25749ms
3166 http fetch GET 200 https://registry.npmjs.org/@babel/helper-simple-access/-/helper-simple-access-7.22.5.tgz 24819ms attempt #2 (cache miss)
3167 timing reifyNode:node_modules/@babel/helper-simple-access Completed in 25751ms
3168 timing metavuln:cache:get:security-advisory:@babel/core:rHFDgAPDp/sCXbJTVH1CD++gRwqnDm1l5hjqv1UshTfFC03lkAXjHj5sWn7bV61VhpDSBibBqnzYuoOuIJuY0Q== Completed in 5ms
3169 http fetch GET 200 https://registry.npmjs.org/@babel/plugin-syntax-numeric-separator/-/plugin-syntax-numeric-separator-7.10.4.tgz 24829ms attempt #2 (cache miss)
3170 timing reifyNode:node_modules/@babel/plugin-syntax-numeric-separator Completed in 25754ms
3171 http fetch GET 200 https://registry.npmjs.org/untildify/-/untildify-4.0.0.tgz 25408ms attempt #2 (cache miss)
3172 timing reifyNode:node_modules/untildify Completed in 25851ms
3173 http fetch GET 200 https://registry.npmjs.org/statuses/-/statuses-2.0.1.tgz 25372ms attempt #2 (cache miss)
3174 timing reifyNode:node_modules/statuses Completed in 25845ms
3175 http fetch GET 200 https://registry.npmjs.org/strip-ansi/-/strip-ansi-6.0.1.tgz 25385ms attempt #2 (cache miss)
3176 timing reifyNode:node_modules/strip-ansi-cjs Completed in 25855ms
3177 http fetch GET 200 https://registry.npmjs.org/string.prototype.trimend/-/string.prototype.trimend-1.0.8.tgz 25390ms attempt #2 (cache miss)
3178 http fetch GET 200 https://registry.npmjs.org/@babel/helper-compilation-targets/-/helper-compilation-targets-7.23.6.tgz 24852ms attempt #2 (cache miss)
3179 http fetch GET 200 https://registry.npmjs.org/string.prototype.trimstart/-/string.prototype.trimstart-1.0.8.tgz 25395ms attempt #2 (cache miss)
3180 http fetch GET 200 https://registry.npmjs.org/string-width/-/string-width-4.2.3.tgz 25394ms attempt #2 (cache miss)
3181 timing reifyNode:node_modules/string-width-cjs Completed in 25866ms
3182 http fetch GET 200 https://registry.npmjs.org/@fastify/sensible/-/sensible-5.5.0.tgz 24885ms attempt #2 (cache miss)
3183 http fetch GET 200 https://registry.npmjs.org/string.prototype.trim/-/string.prototype.trim-1.2.9.tgz 25398ms attempt #2 (cache miss)
3184 timing reifyNode:node_modules/string.prototype.trimstart Completed in 25870ms
3185 timing reifyNode:node_modules/@babel/helper-compilation-targets Completed in 25793ms
3186 timing reifyNode:node_modules/string.prototype.trim Completed in 25876ms
3187 timing reifyNode:node_modules/string.prototype.trimend Completed in 25880ms
3188 http fetch GET 200 https://registry.npmjs.org/@babel/helper-validator-identifier/-/helper-validator-identifier-7.22.20.tgz 24878ms attempt #2 (cache miss)
3189 timing reifyNode:node_modules/@babel/helper-validator-identifier Completed in 25806ms
3190 http fetch GET 200 https://registry.npmjs.org/tapable/-/tapable-2.2.1.tgz 25421ms attempt #2 (cache miss)
3191 http fetch GET 200 https://registry.npmjs.org/@jest/core/-/core-29.7.0.tgz 24947ms attempt #2 (cache miss)
3192 timing reifyNode:node_modules/@jest/core Completed in 25848ms
3193 timing reifyNode:node_modules/tapable Completed in 25926ms
3194 timing reifyNode:node_modules/@fastify/sensible Completed in 25857ms
3195 http fetch GET 200 https://registry.npmjs.org/@fastify/cookie/-/cookie-9.3.1.tgz 24956ms attempt #2 (cache miss)
3196 http fetch GET 200 https://registry.npmjs.org/@babel/helper-hoist-variables/-/helper-hoist-variables-7.22.5.tgz 24941ms attempt #2 (cache miss)
3197 timing reifyNode:node_modules/@babel/helper-hoist-variables Completed in 25873ms
3198 http fetch GET 200 https://registry.npmjs.org/strip-ansi/-/strip-ansi-6.0.1.tgz 25490ms attempt #2 (cache miss)
3199 timing reifyNode:node_modules/strip-ansi Completed in 25960ms
3200 timing reifyNode:node_modules/@fastify/cookie Completed in 25890ms
3201 http fetch GET 200 https://registry.npmjs.org/supports-preserve-symlinks-flag/-/supports-preserve-symlinks-flag-1.0.0.tgz 25511ms attempt #2 (cache miss)
3202 timing reifyNode:node_modules/supports-preserve-symlinks-flag Completed in 25982ms
3203 http fetch GET 200 https://registry.npmjs.org/supports-color/-/supports-color-7.2.0.tgz 25514ms attempt #2 (cache miss)
3204 timing reifyNode:node_modules/supports-color Completed in 25983ms
3205 http fetch GET 200 https://registry.npmjs.org/strip-bom/-/strip-bom-4.0.0.tgz 25545ms attempt #2 (cache miss)
3206 timing reifyNode:node_modules/strip-bom Completed in 26016ms
3207 http fetch GET 200 https://registry.npmjs.org/setprototypeof/-/setprototypeof-1.2.0.tgz 25521ms attempt #2 (cache miss)
3208 timing reifyNode:node_modules/setprototypeof Completed in 26011ms
3209 http fetch GET 200 https://registry.npmjs.org/test-exclude/-/test-exclude-6.0.0.tgz 25562ms attempt #2 (cache miss)
3210 timing reifyNode:node_modules/test-exclude Completed in 26023ms
3211 http fetch GET 200 https://registry.npmjs.org/tildify/-/tildify-2.0.0.tgz 25564ms attempt #2 (cache miss)
3212 timing reifyNode:node_modules/tildify Completed in 26023ms
3213 http fetch GET 200 https://registry.npmjs.org/text-table/-/text-table-0.2.0.tgz 25564ms attempt #2 (cache miss)
3214 http fetch GET 200 https://registry.npmjs.org/@babel/helper-plugin-utils/-/helper-plugin-utils-7.24.0.tgz 25014ms attempt #2 (cache miss)
3215 timing reifyNode:node_modules/@babel/helper-plugin-utils Completed in 25944ms
3216 http fetch GET 200 https://registry.npmjs.org/toad-cache/-/toad-cache-3.7.0.tgz 25569ms attempt #2 (cache miss)
3217 http fetch GET 200 https://registry.npmjs.org/tar-fs/-/tar-fs-2.1.1.tgz 25558ms attempt #2 (cache miss)
3218 http fetch GET 200 https://registry.npmjs.org/set-blocking/-/set-blocking-2.0.0.tgz 25530ms attempt #2 (cache miss)
3219 timing reifyNode:node_modules/set-blocking Completed in 26023ms
3220 timing reifyNode:node_modules/toad-cache Completed in 26034ms
3221 http fetch GET 200 https://registry.npmjs.org/spdx-correct/-/spdx-correct-3.2.0.tgz 25549ms attempt #2 (cache miss)
3222 timing reifyNode:node_modules/spdx-correct Completed in 26030ms
3223 http fetch GET 200 https://registry.npmjs.org/socks-proxy-agent/-/socks-proxy-agent-7.0.0.tgz 25544ms attempt #2 (cache miss)
3224 timing reifyNode:node_modules/socks-proxy-agent Completed in 26029ms
3225 http fetch GET 200 https://registry.npmjs.org/timers-ext/-/timers-ext-0.1.7.tgz 25578ms attempt #2 (cache miss)
3226 http fetch GET 200 https://registry.npmjs.org/sprintf-js/-/sprintf-js-1.0.3.tgz 25558ms attempt #2 (cache miss)
3227 timing reifyNode:node_modules/text-table Completed in 26040ms
3228 http fetch GET 200 https://registry.npmjs.org/spdx-license-ids/-/spdx-license-ids-3.0.17.tgz 25574ms attempt #2 (cache miss)
3229 timing reifyNode:node_modules/spdx-license-ids Completed in 26049ms
3230 timing reifyNode:node_modules/sprintf-js Completed in 26056ms
3231 timing reifyNode:node_modules/timers-ext Completed in 26070ms
3232 http fetch GET 200 https://registry.npmjs.org/schema-utils/-/schema-utils-4.0.0.tgz 25566ms attempt #2 (cache miss)
3233 timing reifyNode:node_modules/schema-utils Completed in 26070ms
3234 timing reifyNode:node_modules/tar-fs Completed in 26091ms
3235 http fetch GET 200 https://registry.npmjs.org/caniuse-lite/-/caniuse-lite-1.0.30001612.tgz 25246ms (cache miss)
3236 timing reifyNode:node_modules/caniuse-lite Completed in 26070ms
3237 http fetch GET 200 https://registry.npmjs.org/set-cookie-parser/-/set-cookie-parser-2.6.0.tgz 25636ms attempt #2 (cache miss)
3238 timing reifyNode:node_modules/set-cookie-parser Completed in 26127ms
3239 http fetch GET 200 https://registry.npmjs.org/set-function-length/-/set-function-length-1.2.2.tgz 25636ms attempt #2 (cache miss)
3240 http fetch GET 200 https://registry.npmjs.org/shallow-clone/-/shallow-clone-3.0.1.tgz 25639ms attempt #2 (cache miss)
3241 timing reifyNode:node_modules/shallow-clone Completed in 26128ms
3242 timing reifyNode:node_modules/set-function-length Completed in 26132ms
3243 http fetch GET 200 https://registry.npmjs.org/remote-git-tags/-/remote-git-tags-3.0.0.tgz 25688ms attempt #2 (cache miss)
3244 timing reifyNode:node_modules/remote-git-tags Completed in 26198ms
3245 http fetch GET 200 https://registry.npmjs.org/resolve-from/-/resolve-from-5.0.0.tgz 25695ms attempt #2 (cache miss)
3246 timing reifyNode:node_modules/resolve-from Completed in 26202ms
3247 http fetch GET 200 https://registry.npmjs.org/run-parallel/-/run-parallel-1.2.0.tgz 25703ms attempt #2 (cache miss)
3248 timing reifyNode:node_modules/run-parallel Completed in 26206ms
3249 http fetch GET 200 https://registry.npmjs.org/serialize-javascript/-/serialize-javascript-6.0.2.tgz 25721ms attempt #2 (cache miss)
3250 timing reifyNode:node_modules/serialize-javascript Completed in 26213ms
3251 http fetch GET 200 https://registry.npmjs.org/reusify/-/reusify-1.0.4.tgz 25713ms attempt #2 (cache miss)
3252 timing reifyNode:node_modules/reusify Completed in 26216ms
3253 http fetch GET 200 https://registry.npmjs.org/retry/-/retry-0.12.0.tgz 25714ms attempt #2 (cache miss)
3254 http fetch GET 200 https://registry.npmjs.org/rimraf/-/rimraf-3.0.2.tgz 25719ms attempt #2 (cache miss)
3255 timing reifyNode:node_modules/rimraf Completed in 26222ms
3256 http fetch GET 200 https://registry.npmjs.org/rfdc/-/rfdc-1.3.1.tgz 25737ms attempt #2 (cache miss)
3257 timing reifyNode:node_modules/rfdc Completed in 26252ms
3258 timing reifyNode:node_modules/retry Completed in 26262ms
3259 http fetch GET 200 https://registry.npmjs.org/registry-auth-token/-/registry-auth-token-5.0.1.tgz 25753ms attempt #2 (cache miss)
3260 timing reifyNode:node_modules/registry-auth-token Completed in 26263ms
3261 http fetch GET 200 https://registry.npmjs.org/semver-utils/-/semver-utils-1.1.4.tgz 25772ms attempt #2 (cache miss)
3262 timing reifyNode:node_modules/semver-utils Completed in 26271ms
3263 http fetch GET 200 https://registry.npmjs.org/secure-json-parse/-/secure-json-parse-2.7.0.tgz 25772ms attempt #2 (cache miss)
3264 http fetch GET 200 https://registry.npmjs.org/safe-regex-test/-/safe-regex-test-1.0.3.tgz 25780ms attempt #2 (cache miss)
3265 timing reifyNode:node_modules/safe-regex-test Completed in 26282ms
3266 http fetch GET 200 https://registry.npmjs.org/safe-buffer/-/safe-buffer-5.2.1.tgz 25781ms attempt #2 (cache miss)
3267 timing reifyNode:node_modules/safe-buffer Completed in 26284ms
3268 timing reifyNode:node_modules/secure-json-parse Completed in 26310ms
3269 http fetch GET 200 https://registry.npmjs.org/retry-as-promised/-/retry-as-promised-7.0.4.tgz 25807ms attempt #2 (cache miss)
3270 timing reifyNode:node_modules/retry-as-promised Completed in 26316ms
3271 http fetch GET 200 https://registry.npmjs.org/responselike/-/responselike-2.0.1.tgz 25815ms attempt #2 (cache miss)
3272 timing reifyNode:node_modules/responselike Completed in 26321ms
3273 http fetch GET 200 https://registry.npmjs.org/@babel/runtime/-/runtime-7.24.4.tgz 25392ms attempt #2 (cache miss)
3274 timing reifyNode:node_modules/@babel/runtime Completed in 26310ms
3275 http fetch GET 200 https://registry.npmjs.org/safe-array-concat/-/safe-array-concat-1.1.2.tgz 25881ms attempt #2 (cache miss)
3276 timing reifyNode:node_modules/safe-array-concat Completed in 26387ms
3277 http fetch GET 200 https://registry.npmjs.org/resolve-alpn/-/resolve-alpn-1.2.1.tgz 25897ms attempt #2 (cache miss)
3278 timing reifyNode:node_modules/resolve-alpn Completed in 26405ms
3279 http fetch GET 200 https://registry.npmjs.org/rc-config-loader/-/rc-config-loader-4.1.3.tgz 26003ms attempt #2 (cache miss)
3280 timing reifyNode:node_modules/rc-config-loader Completed in 26525ms
3281 http fetch GET 200 https://registry.npmjs.org/require-directory/-/require-directory-2.1.1.tgz 26022ms attempt #2 (cache miss)
3282 timing reifyNode:node_modules/require-directory Completed in 26531ms
3283 http fetch GET 200 https://registry.npmjs.org/readdirp/-/readdirp-3.6.0.tgz 26014ms attempt #2 (cache miss)
3284 timing reifyNode:node_modules/readdirp Completed in 26531ms
3285 http fetch GET 200 https://registry.npmjs.org/ret/-/ret-0.2.2.tgz 26054ms attempt #2 (cache miss)
3286 timing reifyNode:node_modules/ret Completed in 26559ms
3287 http fetch GET 200 https://registry.npmjs.org/queue-microtask/-/queue-microtask-1.2.3.tgz 26042ms attempt #2 (cache miss)
3288 timing reifyNode:node_modules/queue-microtask Completed in 26564ms
3289 http fetch GET 200 https://registry.npmjs.org/resolve.exports/-/resolve.exports-2.0.2.tgz 26061ms attempt #2 (cache miss)
3290 timing reifyNode:node_modules/resolve.exports Completed in 26568ms
3291 http fetch GET 200 https://registry.npmjs.org/proto-list/-/proto-list-1.2.4.tgz 26033ms attempt #2 (cache miss)
3292 timing reifyNode:node_modules/proto-list Completed in 26565ms
3293 http fetch GET 200 https://registry.npmjs.org/@babel/parser/-/parser-7.24.4.tgz 25584ms attempt #2 (cache miss)
3294 timing reifyNode:node_modules/@babel/parser Completed in 26512ms
3295 http fetch GET 200 https://registry.npmjs.org/regexp.prototype.flags/-/regexp.prototype.flags-1.5.2.tgz 26075ms attempt #2 (cache miss)
3296 timing reifyNode:node_modules/regexp.prototype.flags Completed in 26587ms
3297 http fetch GET 200 https://registry.npmjs.org/pug-attrs/-/pug-attrs-3.0.0.tgz 26063ms attempt #2 (cache miss)
3298 timing reifyNode:node_modules/pug-attrs Completed in 26591ms
3299 http fetch GET 200 https://registry.npmjs.org/pug-parser/-/pug-parser-6.0.0.tgz 26068ms attempt #2 (cache miss)
3300 timing reifyNode:node_modules/pug-parser Completed in 26592ms
3301 http fetch GET 200 https://registry.npmjs.org/pug-error/-/pug-error-2.0.0.tgz 26068ms attempt #2 (cache miss)
3302 timing reifyNode:node_modules/pug-error Completed in 26594ms
3303 http fetch GET 200 https://registry.npmjs.org/pug-runtime/-/pug-runtime-3.0.1.tgz 26073ms attempt #2 (cache miss)
3304 timing reifyNode:node_modules/pug-runtime Completed in 26596ms
3305 http fetch GET 200 https://registry.npmjs.org/pug-filters/-/pug-filters-4.0.0.tgz 26080ms attempt #2 (cache miss)
3306 timing reifyNode:node_modules/pug-filters Completed in 26606ms
3307 http fetch GET 200 https://registry.npmjs.org/pupa/-/pupa-3.1.0.tgz 26163ms attempt #2 (cache miss)
3308 timing reifyNode:node_modules/pupa Completed in 26685ms
3309 http fetch GET 200 https://registry.npmjs.org/randombytes/-/randombytes-2.1.0.tgz 26170ms attempt #2 (cache miss)
3310 timing reifyNode:node_modules/randombytes Completed in 26689ms
3311 http fetch GET 200 https://registry.npmjs.org/prompts-ncu/-/prompts-ncu-3.0.0.tgz 26214ms attempt #2 (cache miss)
3312 timing reifyNode:node_modules/prompts-ncu Completed in 26747ms
3313 http fetch GET 200 https://registry.npmjs.org/bootstrap/-/bootstrap-5.3.3.tgz 25954ms (cache miss)
3314 timing reifyNode:node_modules/bootstrap Completed in 26782ms
3315 http fetch GET 200 https://registry.npmjs.org/pg-connection-string/-/pg-connection-string-2.6.2.tgz 26276ms attempt #2 (cache miss)
3316 timing reifyNode:node_modules/pg-connection-string Completed in 26830ms
3317 http fetch GET 200 https://registry.npmjs.org/postcss-modules-scope/-/postcss-modules-scope-3.2.0.tgz 26319ms attempt #2 (cache miss)
3318 timing reifyNode:node_modules/postcss-modules-scope Completed in 26860ms
3319 http fetch GET 200 https://registry.npmjs.org/possible-typed-array-names/-/possible-typed-array-names-1.0.0.tgz 26320ms attempt #2 (cache miss)
3320 http fetch GET 200 https://registry.npmjs.org/postcss-modules-local-by-default/-/postcss-modules-local-by-default-4.0.5.tgz 26324ms attempt #2 (cache miss)
3321 timing reifyNode:node_modules/postcss-modules-local-by-default Completed in 26864ms
3322 timing reifyNode:node_modules/possible-typed-array-names Completed in 26867ms
3323 http fetch GET 200 https://registry.npmjs.org/path-is-absolute/-/path-is-absolute-1.0.1.tgz 26329ms attempt #2 (cache miss)
3324 timing reifyNode:node_modules/path-is-absolute Completed in 26885ms
3325 http fetch GET 200 https://registry.npmjs.org/path-key/-/path-key-3.1.1.tgz 26332ms attempt #2 (cache miss)
3326 timing reifyNode:node_modules/path-key Completed in 26888ms
3327 http fetch GET 200 https://registry.npmjs.org/parse-github-url/-/parse-github-url-1.0.2.tgz 26331ms attempt #2 (cache miss)
3328 timing reifyNode:node_modules/parse-github-url Completed in 26890ms
3329 http fetch GET 200 https://registry.npmjs.org/pg-pool/-/pg-pool-3.6.2.tgz 26352ms attempt #2 (cache miss)
3330 timing reifyNode:node_modules/pg-pool Completed in 26906ms
3331 http fetch GET 200 https://registry.npmjs.org/pg/-/pg-8.11.5.tgz 26460ms attempt #2 (cache miss)
3332 http fetch GET 200 https://registry.npmjs.org/pg-cloudflare/-/pg-cloudflare-1.1.1.tgz 26464ms attempt #2 (cache miss)
3333 http fetch GET 200 https://registry.npmjs.org/path-exists/-/path-exists-4.0.0.tgz 26460ms attempt #2 (cache miss)
3334 timing reifyNode:node_modules/path-exists Completed in 27017ms
3335 timing reifyNode:node_modules/pg Completed in 27019ms
3336 http fetch GET 200 https://registry.npmjs.org/pkg-dir/-/pkg-dir-4.2.0.tgz 26482ms attempt #2 (cache miss)
3337 timing reifyNode:node_modules/pkg-dir Completed in 27023ms
3338 timing reifyNode:node_modules/pg-cloudflare Completed in 27023ms
3339 http fetch GET 200 https://registry.npmjs.org/path-scurry/-/path-scurry-1.10.2.tgz 26494ms attempt #2 (cache miss)
3340 timing reifyNode:node_modules/path-scurry Completed in 27049ms
3341 http fetch GET 200 https://registry.npmjs.org/postcss/-/postcss-8.4.38.tgz 26585ms attempt #2 (cache miss)
3342 timing reifyNode:node_modules/postcss Completed in 27128ms
3343 http fetch GET 200 https://registry.npmjs.org/parent-module/-/parent-module-1.0.1.tgz 26654ms attempt #2 (cache miss)
3344 timing reifyNode:node_modules/parent-module Completed in 27214ms
3345 http fetch GET 200 https://registry.npmjs.org/p-limit/-/p-limit-3.1.0.tgz 26653ms attempt #2 (cache miss)
3346 timing reifyNode:node_modules/p-limit Completed in 27214ms
3347 http fetch GET 200 https://registry.npmjs.org/parse-json/-/parse-json-5.2.0.tgz 26659ms attempt #2 (cache miss)
3348 timing reifyNode:node_modules/parse-json Completed in 27216ms
3349 http fetch GET 200 https://registry.npmjs.org/p-try/-/p-try-2.2.0.tgz 26656ms attempt #2 (cache miss)
3350 timing reifyNode:node_modules/p-try Completed in 27215ms
3351 http fetch GET 200 https://registry.npmjs.org/postcss-modules-extract-imports/-/postcss-modules-extract-imports-3.1.0.tgz 26681ms attempt #2 (cache miss)
3352 timing reifyNode:node_modules/postcss-modules-extract-imports Completed in 27222ms
3353 http fetch GET 200 https://registry.npmjs.org/onetime/-/onetime-5.1.2.tgz 26652ms attempt #2 (cache miss)
3354 timing reifyNode:node_modules/onetime Completed in 27222ms
3355 http fetch GET 200 https://registry.npmjs.org/pg-types/-/pg-types-2.2.0.tgz 26674ms attempt #2 (cache miss)
3356 timing reifyNode:node_modules/pg-types Completed in 27230ms
3357 http fetch GET 200 https://registry.npmjs.org/path-to-regexp/-/path-to-regexp-6.2.1.tgz 26675ms attempt #2 (cache miss)
3358 timing reifyNode:node_modules/path-to-regexp Completed in 27231ms
3359 http fetch GET 200 https://registry.npmjs.org/object-assign/-/object-assign-4.1.1.tgz 27015ms attempt #2 (cache miss)
3360 timing reifyNode:node_modules/object-assign Completed in 27607ms
3361 http fetch GET 200 https://registry.npmjs.org/object.entries/-/object.entries-1.1.8.tgz 27027ms attempt #2 (cache miss)
3362 http fetch GET 200 https://registry.npmjs.org/object-keys/-/object-keys-1.1.1.tgz 27028ms attempt #2 (cache miss)
3363 http fetch GET 200 https://registry.npmjs.org/pg-int8/-/pg-int8-1.0.1.tgz 27068ms attempt #2 (cache miss)
3364 timing reifyNode:node_modules/pg-int8 Completed in 27621ms
3365 timing reifyNode:node_modules/object-keys Completed in 27625ms
3366 http fetch GET 200 https://registry.npmjs.org/once/-/once-1.4.0.tgz 27057ms attempt #2 (cache miss)
3367 timing reifyNode:node_modules/once Completed in 27630ms
3368 http fetch GET 200 https://registry.npmjs.org/npm-pick-manifest/-/npm-pick-manifest-8.0.2.tgz 27035ms attempt #2 (cache miss)
3369 timing reifyNode:node_modules/npm-pick-manifest Completed in 27629ms
3370 timing reifyNode:node_modules/object.entries Completed in 27630ms
3371 http fetch GET 200 https://registry.npmjs.org/on-exit-leak-free/-/on-exit-leak-free-2.1.2.tgz 27070ms attempt #2 (cache miss)
3372 timing reifyNode:node_modules/on-exit-leak-free Completed in 27645ms
3373 http fetch GET 200 https://registry.npmjs.org/npmlog/-/npmlog-6.0.2.tgz 27057ms attempt #2 (cache miss)
3374 timing reifyNode:node_modules/npmlog Completed in 27648ms
3375 http fetch GET 200 https://registry.npmjs.org/object.fromentries/-/object.fromentries-2.0.8.tgz 27078ms attempt #2 (cache miss)
3376 http fetch GET 200 https://registry.npmjs.org/p-locate/-/p-locate-5.0.0.tgz 27101ms attempt #2 (cache miss)
3377 timing reifyNode:node_modules/p-locate Completed in 27661ms
3378 timing reifyNode:node_modules/object.fromentries Completed in 27667ms
3379 http fetch GET 200 https://registry.npmjs.org/p-cancelable/-/p-cancelable-3.0.0.tgz 27114ms attempt #2 (cache miss)
3380 timing reifyNode:node_modules/p-cancelable Completed in 27676ms
3381 http fetch GET 200 https://registry.npmjs.org/npm-install-checks/-/npm-install-checks-6.3.0.tgz 27082ms attempt #2 (cache miss)
3382 timing reifyNode:node_modules/npm-install-checks Completed in 27679ms
3383 http fetch GET 200 https://registry.npmjs.org/pacote/-/pacote-15.2.0.tgz 27175ms attempt #2 (cache miss)
3384 timing reifyNode:node_modules/pacote Completed in 27733ms
3385 http fetch GET 200 https://registry.npmjs.org/object-inspect/-/object-inspect-1.13.1.tgz 27156ms attempt #2 (cache miss)
3386 timing reifyNode:node_modules/object-inspect Completed in 27746ms
3387 http fetch GET 200 https://registry.npmjs.org/objection-unique/-/objection-unique-1.2.2.tgz 27270ms attempt #2 (cache miss)
3388 timing reifyNode:node_modules/objection-unique Completed in 27862ms
3389 http fetch GET 200 https://registry.npmjs.org/media-typer/-/media-typer-0.3.0.tgz 27264ms attempt #2 (cache miss)
3390 timing reifyNode:node_modules/media-typer Completed in 27885ms
3391 http fetch GET 200 https://registry.npmjs.org/make-fetch-happen/-/make-fetch-happen-11.1.1.tgz 27279ms attempt #2 (cache miss)
3392 timing reifyNode:node_modules/make-fetch-happen Completed in 27905ms
3393 http fetch GET 200 https://registry.npmjs.org/lowercase-keys/-/lowercase-keys-3.0.0.tgz 27438ms attempt #2 (cache miss)
3394 timing reifyNode:node_modules/lowercase-keys Completed in 28062ms
3395 http fetch GET 200 https://registry.npmjs.org/leven/-/leven-3.1.0.tgz 27430ms attempt #2 (cache miss)
3396 timing reifyNode:node_modules/leven Completed in 28067ms
3397 http fetch GET 200 https://registry.npmjs.org/makeerror/-/makeerror-1.0.12.tgz 27447ms attempt #2 (cache miss)
3398 timing reifyNode:node_modules/makeerror Completed in 28070ms
3399 http fetch GET 200 https://registry.npmjs.org/istanbul-lib-source-maps/-/istanbul-lib-source-maps-4.0.1.tgz 27394ms attempt #2 (cache miss)
3400 http fetch GET 200 https://registry.npmjs.org/lodash.compact/-/lodash.compact-3.0.1.tgz 27441ms attempt #2 (cache miss)
3401 timing reifyNode:node_modules/lodash.compact Completed in 28073ms
3402 http fetch GET 200 https://registry.npmjs.org/make-dir/-/make-dir-4.0.0.tgz 27450ms attempt #2 (cache miss)
3403 timing reifyNode:node_modules/make-dir Completed in 28075ms
3404 http fetch GET 200 https://registry.npmjs.org/jest-cli/-/jest-cli-29.7.0.tgz 27403ms attempt #2 (cache miss)
3405 http fetch GET 200 https://registry.npmjs.org/lodash.isempty/-/lodash.isempty-4.4.0.tgz 27452ms attempt #2 (cache miss)
3406 timing reifyNode:node_modules/lodash.isempty Completed in 28079ms
3407 http fetch GET 200 https://registry.npmjs.org/jest-docblock/-/jest-docblock-29.7.0.tgz 27406ms attempt #2 (cache miss)
3408 timing reifyNode:node_modules/jest-docblock Completed in 28072ms
3409 http fetch GET 200 https://registry.npmjs.org/jest-pnp-resolver/-/jest-pnp-resolver-1.2.3.tgz 27414ms attempt #2 (cache miss)
3410 timing reifyNode:node_modules/jest-pnp-resolver Completed in 28077ms
3411 timing reifyNode:node_modules/jest-cli Completed in 28080ms
3412 http fetch GET 200 https://registry.npmjs.org/is-typed-array/-/is-typed-array-1.1.13.tgz 27400ms attempt #2 (cache miss)
3413 http fetch GET 200 https://registry.npmjs.org/linkify-it/-/linkify-it-4.0.1.tgz 27450ms attempt #2 (cache miss)
3414 timing reifyNode:node_modules/linkify-it Completed in 28084ms
3415 timing reifyNode:node_modules/istanbul-lib-source-maps Completed in 28081ms
3416 timing reifyNode:node_modules/is-typed-array Completed in 28088ms
3417 http fetch GET 200 https://registry.npmjs.org/better-sqlite3/-/better-sqlite3-8.7.0.tgz 27256ms attempt #2 (cache miss)
3418 timing reifyNode:node_modules/better-sqlite3 Completed in 28090ms
3419 http fetch GET 200 https://registry.npmjs.org/jest-circus/-/jest-circus-29.7.0.tgz 27495ms attempt #2 (cache miss)
3420 timing reifyNode:node_modules/jest-circus Completed in 28171ms
3421 http fetch GET 200 https://registry.npmjs.org/jest-haste-map/-/jest-haste-map-29.7.0.tgz 27546ms attempt #2 (cache miss)
3422 timing reifyNode:node_modules/jest-haste-map Completed in 28210ms
3423 http fetch GET 200 https://registry.npmjs.org/objection/-/objection-3.1.4.tgz 27653ms attempt #2 (cache miss)
3424 timing reifyNode:node_modules/objection Completed in 28228ms
3425 http fetch GET 200 https://registry.npmjs.org/jest-mock/-/jest-mock-29.7.0.tgz 27562ms attempt #2 (cache miss)
3426 timing reifyNode:node_modules/jest-mock Completed in 28225ms
3427 http fetch GET 200 https://registry.npmjs.org/istanbul-reports/-/istanbul-reports-3.1.7.tgz 27617ms attempt #2 (cache miss)
3428 timing reifyNode:node_modules/istanbul-reports Completed in 28290ms
3429 http fetch GET 200 https://registry.npmjs.org/is-stream/-/is-stream-2.0.1.tgz 27679ms attempt #2 (cache miss)
3430 timing reifyNode:node_modules/is-stream Completed in 28360ms
3431 http fetch GET 200 https://registry.npmjs.org/locate-path/-/locate-path-6.0.0.tgz 27740ms attempt #2 (cache miss)
3432 timing reifyNode:node_modules/locate-path Completed in 28372ms
3433 http fetch GET 200 https://registry.npmjs.org/is-npm/-/is-npm-6.0.0.tgz 27687ms attempt #2 (cache miss)
3434 timing reifyNode:node_modules/is-npm Completed in 28373ms
3435 http fetch GET 200 https://registry.npmjs.org/jest-changed-files/-/jest-changed-files-29.7.0.tgz 27707ms attempt #2 (cache miss)
3436 timing reifyNode:node_modules/jest-changed-files Completed in 28378ms
3437 http fetch GET 200 https://registry.npmjs.org/isbinaryfile/-/isbinaryfile-4.0.10.tgz 27702ms attempt #2 (cache miss)
3438 timing reifyNode:node_modules/isbinaryfile Completed in 28377ms
3439 http fetch GET 200 https://registry.npmjs.org/isarray/-/isarray-2.0.5.tgz 27701ms attempt #2 (cache miss)
3440 timing reifyNode:node_modules/isarray Completed in 28379ms
3441 http fetch GET 200 https://registry.npmjs.org/loader-runner/-/loader-runner-4.3.0.tgz 27756ms attempt #2 (cache miss)
3442 timing reifyNode:node_modules/loader-runner Completed in 28389ms
3443 http fetch GET 200 https://registry.npmjs.org/jest-runtime/-/jest-runtime-29.7.0.tgz 27726ms attempt #2 (cache miss)
3444 timing reifyNode:node_modules/jest-runtime Completed in 28386ms
3445 http fetch GET 200 https://registry.npmjs.org/lodash.merge/-/lodash.merge-4.6.2.tgz 27767ms attempt #2 (cache miss)
3446 timing reifyNode:node_modules/lodash.merge Completed in 28393ms
3447 http fetch GET 200 https://registry.npmjs.org/isobject/-/isobject-3.0.1.tgz 27712ms attempt #2 (cache miss)
3448 timing reifyNode:node_modules/isobject Completed in 28387ms
3449 http fetch GET 200 https://registry.npmjs.org/isexe/-/isexe-2.0.0.tgz 27713ms attempt #2 (cache miss)
3450 timing reifyNode:node_modules/isexe Completed in 28390ms
3451 http fetch GET 200 https://registry.npmjs.org/is-number/-/is-number-7.0.0.tgz 27709ms attempt #2 (cache miss)
3452 timing reifyNode:node_modules/is-number Completed in 28394ms
3453 http fetch GET 200 https://registry.npmjs.org/jest-validate/-/jest-validate-29.7.0.tgz 27751ms attempt #2 (cache miss)
3454 http fetch GET 200 https://registry.npmjs.org/istanbul-lib-report/-/istanbul-lib-report-3.0.1.tgz 27730ms attempt #2 (cache miss)
3455 timing reifyNode:node_modules/jest-validate Completed in 28407ms
3456 timing reifyNode:node_modules/istanbul-lib-report Completed in 28408ms
3457 http fetch GET 200 https://registry.npmjs.org/pg-protocol/-/pg-protocol-1.6.1.tgz 27875ms attempt #2 (cache miss)
3458 timing reifyNode:node_modules/pg-protocol Completed in 28427ms
3459 http fetch GET 200 https://registry.npmjs.org/istanbul-lib-instrument/-/istanbul-lib-instrument-6.0.2.tgz 27745ms attempt #2 (cache miss)
3460 timing reifyNode:node_modules/istanbul-lib-instrument Completed in 28422ms
3461 http fetch GET 200 https://registry.npmjs.org/jest-diff/-/jest-diff-29.7.0.tgz 27768ms attempt #2 (cache miss)
3462 timing reifyNode:node_modules/jest-diff Completed in 28437ms
3463 http fetch GET 200 https://registry.npmjs.org/sqlite3/-/sqlite3-5.1.7.tgz 28195ms (cache miss)
3464 timing reifyNode:node_modules/sqlite3 Completed in 28669ms
3465 http fetch GET 200 https://registry.npmjs.org/is-typedarray/-/is-typedarray-1.0.0.tgz 27995ms attempt #2 (cache miss)
3466 timing reifyNode:node_modules/is-typedarray Completed in 28674ms
3467 http fetch GET 200 https://registry.npmjs.org/is-regex/-/is-regex-1.1.4.tgz 27995ms attempt #2 (cache miss)
3468 http fetch GET 200 https://registry.npmjs.org/is-plain-object/-/is-plain-object-2.0.4.tgz 27995ms attempt #2 (cache miss)
3469 timing reifyNode:node_modules/is-plain-object Completed in 28677ms
3470 http fetch GET 200 https://registry.npmjs.org/jest/-/jest-29.7.0.tgz 28012ms attempt #2 (cache miss)
3471 timing reifyNode:node_modules/jest Completed in 28678ms
3472 http fetch GET 200 https://registry.npmjs.org/jest-matcher-utils/-/jest-matcher-utils-29.7.0.tgz 28017ms attempt #2 (cache miss)
3473 timing reifyNode:node_modules/jest-matcher-utils Completed in 28681ms
3474 timing reifyNode:node_modules/is-regex Completed in 28679ms
3475 http fetch GET 200 https://registry.npmjs.org/is-promise/-/is-promise-2.2.2.tgz 27998ms attempt #2 (cache miss)
3476 timing reifyNode:node_modules/is-promise Completed in 28679ms
3477 http fetch GET 200 https://registry.npmjs.org/node-gyp/-/node-gyp-9.4.1.tgz 28181ms attempt #2 (cache miss)
3478 timing reifyNode:node_modules/node-gyp Completed in 28781ms
3479 http fetch GET 200 https://registry.npmjs.org/jackspeak/-/jackspeak-2.3.6.tgz 28113ms attempt #2 (cache miss)
3480 timing reifyNode:node_modules/jackspeak Completed in 28781ms
3481 http fetch GET 200 https://registry.npmjs.org/is-weakref/-/is-weakref-1.0.2.tgz 28137ms attempt #2 (cache miss)
3482 timing reifyNode:node_modules/is-weakref Completed in 28818ms
3483 http fetch GET 200 https://registry.npmjs.org/jest-environment-node/-/jest-environment-node-29.7.0.tgz 28172ms attempt #2 (cache miss)
3484 timing reifyNode:node_modules/jest-environment-node Completed in 28837ms
3485 http fetch GET 200 https://registry.npmjs.org/is-obj/-/is-obj-2.0.0.tgz 28154ms attempt #2 (cache miss)
3486 timing reifyNode:node_modules/is-obj Completed in 28838ms
3487 http fetch GET 200 https://registry.npmjs.org/is-negative-zero/-/is-negative-zero-2.0.3.tgz 28152ms attempt #2 (cache miss)
3488 timing reifyNode:node_modules/is-negative-zero Completed in 28841ms
3489 http fetch GET 200 https://registry.npmjs.org/is-yarn-global/-/is-yarn-global-0.4.0.tgz 28171ms attempt #2 (cache miss)
3490 timing reifyNode:node_modules/is-yarn-global Completed in 28847ms
3491 http fetch GET 200 https://registry.npmjs.org/is-symbol/-/is-symbol-1.0.4.tgz 28171ms attempt #2 (cache miss)
3492 http fetch GET 200 https://registry.npmjs.org/istanbul-lib-coverage/-/istanbul-lib-coverage-3.2.2.tgz 28177ms attempt #2 (cache miss)
3493 http fetch GET 200 https://registry.npmjs.org/is-shared-array-buffer/-/is-shared-array-buffer-1.0.3.tgz 28175ms attempt #2 (cache miss)
3494 http fetch GET 200 https://registry.npmjs.org/is-string/-/is-string-1.0.7.tgz 28175ms attempt #2 (cache miss)
3495 timing reifyNode:node_modules/is-string Completed in 28855ms
3496 http fetch GET 200 https://registry.npmjs.org/is-number-object/-/is-number-object-1.0.7.tgz 28169ms attempt #2 (cache miss)
3497 timing reifyNode:node_modules/is-symbol Completed in 28858ms
3498 timing reifyNode:node_modules/istanbul-lib-coverage Completed in 28859ms
3499 timing reifyNode:node_modules/is-number-object Completed in 28859ms
3500 timing reifyNode:node_modules/is-shared-array-buffer Completed in 28860ms
3501 http fetch GET 200 https://registry.npmjs.org/jest-each/-/jest-each-29.7.0.tgz 28204ms attempt #2 (cache miss)
3502 timing reifyNode:node_modules/jest-each Completed in 28869ms
3503 http fetch GET 200 https://registry.npmjs.org/jest-config/-/jest-config-29.7.0.tgz 28238ms attempt #2 (cache miss)
3504 timing reifyNode:node_modules/jest-config Completed in 28905ms
3505 http fetch GET 200 https://registry.npmjs.org/is-path-inside/-/is-path-inside-3.0.3.tgz 28267ms attempt #2 (cache miss)
3506 timing reifyNode:node_modules/is-path-inside Completed in 28950ms
3507 http fetch GET 200 https://registry.npmjs.org/is-binary-path/-/is-binary-path-2.1.0.tgz 28251ms attempt #2 (cache miss)
3508 timing reifyNode:node_modules/is-binary-path Completed in 28951ms
3509 http fetch GET 200 https://registry.npmjs.org/sequelize/-/sequelize-6.37.3.tgz 28490ms attempt #2 (cache miss)
3510 timing reifyNode:node_modules/sequelize Completed in 28985ms
3511 http fetch GET 200 https://registry.npmjs.org/import-fresh/-/import-fresh-3.3.0.tgz 28247ms attempt #2 (cache miss)
3512 timing reifyNode:node_modules/import-fresh Completed in 28954ms
3513 http fetch GET 200 https://registry.npmjs.org/is-boolean-object/-/is-boolean-object-1.1.2.tgz 28260ms attempt #2 (cache miss)
3514 http fetch GET 200 https://registry.npmjs.org/is-glob/-/is-glob-4.0.3.tgz 28270ms attempt #2 (cache miss)
3515 timing reifyNode:node_modules/is-glob Completed in 28961ms
3516 http fetch GET 200 https://registry.npmjs.org/is-lambda/-/is-lambda-1.0.1.tgz 28273ms attempt #2 (cache miss)
3517 timing reifyNode:node_modules/is-lambda Completed in 28962ms
3518 timing reifyNode:node_modules/is-boolean-object Completed in 28962ms
3519 http fetch GET 200 https://registry.npmjs.org/is-extglob/-/is-extglob-2.1.1.tgz 28277ms attempt #2 (cache miss)
3520 timing reifyNode:node_modules/is-extglob Completed in 28968ms
3521 http fetch GET 200 https://registry.npmjs.org/is-installed-globally/-/is-installed-globally-0.4.0.tgz 28280ms attempt #2 (cache miss)
3522 timing reifyNode:node_modules/is-installed-globally Completed in 28969ms
3523 http fetch GET 200 https://registry.npmjs.org/glob-to-regexp/-/glob-to-regexp-0.4.1.tgz 28265ms attempt #2 (cache miss)
3524 timing reifyNode:node_modules/glob-to-regexp Completed in 28999ms
3525 http fetch GET 200 https://registry.npmjs.org/is-core-module/-/is-core-module-2.13.1.tgz 28321ms attempt #2 (cache miss)
3526 timing reifyNode:node_modules/is-core-module Completed in 29019ms
3527 http fetch GET 200 https://registry.npmjs.org/has-flag/-/has-flag-4.0.0.tgz 28332ms attempt #2 (cache miss)
3528 timing reifyNode:node_modules/has-flag Completed in 29062ms
3529 http fetch GET 200 https://registry.npmjs.org/ip/-/ip-2.0.0.tgz 28366ms attempt #2 (cache miss)
3530 timing reifyNode:node_modules/ip Completed in 29068ms
3531 http fetch GET 200 https://registry.npmjs.org/graceful-fs/-/graceful-fs-4.2.10.tgz 28335ms attempt #2 (cache miss)
3532 timing reifyNode:node_modules/graceful-fs Completed in 29067ms
3533 http fetch GET 200 https://registry.npmjs.org/has-property-descriptors/-/has-property-descriptors-1.0.2.tgz 28339ms attempt #2 (cache miss)
3534 http fetch GET 200 https://registry.npmjs.org/globby/-/globby-11.1.0.tgz 28336ms attempt #2 (cache miss)
3535 timing reifyNode:node_modules/globby Completed in 29070ms
3536 timing reifyNode:node_modules/has-property-descriptors Completed in 29072ms
3537 http fetch GET 200 https://registry.npmjs.org/globals/-/globals-15.0.0.tgz 28344ms attempt #2 (cache miss)
3538 timing reifyNode:node_modules/globals Completed in 29086ms
3539 http fetch GET 200 https://registry.npmjs.org/has-unicode/-/has-unicode-2.0.1.tgz 28452ms attempt #2 (cache miss)
3540 timing reifyNode:node_modules/has-unicode Completed in 29182ms
3541 http fetch GET 200 https://registry.npmjs.org/glob-parent/-/glob-parent-6.0.2.tgz 28446ms attempt #2 (cache miss)
3542 timing reifyNode:node_modules/glob-parent Completed in 29181ms
3543 http fetch GET 200 https://registry.npmjs.org/github-from-package/-/github-from-package-0.0.0.tgz 28446ms attempt #2 (cache miss)
3544 http fetch GET 200 https://registry.npmjs.org/has-tostringtag/-/has-tostringtag-1.0.2.tgz 28458ms attempt #2 (cache miss)
3545 http fetch GET 200 https://registry.npmjs.org/get-symbol-description/-/get-symbol-description-1.0.2.tgz 28449ms attempt #2 (cache miss)
3546 http fetch GET 200 https://registry.npmjs.org/getopts/-/getopts-2.3.0.tgz 28452ms attempt #2 (cache miss)
3547 timing reifyNode:node_modules/getopts Completed in 29188ms
3548 http fetch GET 200 https://registry.npmjs.org/globalthis/-/globalthis-1.0.3.tgz 28456ms attempt #2 (cache miss)
3549 http fetch GET 200 https://registry.npmjs.org/gopd/-/gopd-1.0.1.tgz 28459ms attempt #2 (cache miss)
3550 timing reifyNode:node_modules/gopd Completed in 29192ms
3551 http fetch GET 200 https://registry.npmjs.org/function.prototype.name/-/function.prototype.name-1.1.6.tgz 28446ms attempt #2 (cache miss)
3552 timing reifyNode:node_modules/github-from-package Completed in 29194ms
3553 timing reifyNode:node_modules/get-symbol-description Completed in 29194ms
3554 http fetch GET 200 https://registry.npmjs.org/http-errors/-/http-errors-2.0.0.tgz 28474ms attempt #2 (cache miss)
3555 timing reifyNode:node_modules/http-errors Completed in 29197ms
3556 http fetch GET 200 https://registry.npmjs.org/global-dirs/-/global-dirs-3.0.0.tgz 28461ms attempt #2 (cache miss)
3557 timing reifyNode:node_modules/global-dirs Completed in 29196ms
3558 http fetch GET 200 https://registry.npmjs.org/has-symbols/-/has-symbols-1.0.3.tgz 28468ms attempt #2 (cache miss)
3559 timing reifyNode:node_modules/globalthis Completed in 29205ms
3560 timing reifyNode:node_modules/has-tostringtag Completed in 29212ms
3561 timing reifyNode:node_modules/has-symbols Completed in 29217ms
3562 timing reifyNode:node_modules/function.prototype.name Completed in 29234ms
3563 http fetch GET 200 https://registry.npmjs.org/end-of-stream/-/end-of-stream-1.4.4.tgz 28454ms attempt #2 (cache miss)
3564 timing reifyNode:node_modules/end-of-stream Completed in 29238ms
3565 http fetch GET 200 https://registry.npmjs.org/es-object-atoms/-/es-object-atoms-1.0.0.tgz 28471ms attempt #2 (cache miss)
3566 http fetch GET 200 https://registry.npmjs.org/env-paths/-/env-paths-2.2.1.tgz 28465ms attempt #2 (cache miss)
3567 timing reifyNode:node_modules/env-paths Completed in 29248ms
3568 http fetch GET 200 https://registry.npmjs.org/err-code/-/err-code-2.0.3.tgz 28466ms attempt #2 (cache miss)
3569 timing reifyNode:node_modules/err-code Completed in 29249ms
3570 http fetch GET 200 https://registry.npmjs.org/es-to-primitive/-/es-to-primitive-1.2.1.tgz 28478ms attempt #2 (cache miss)
3571 timing reifyNode:node_modules/es-object-atoms Completed in 29256ms
3572 timing reifyNode:node_modules/es-to-primitive Completed in 29271ms
3573 http fetch GET 200 https://registry.npmjs.org/define-data-property/-/define-data-property-1.1.4.tgz 28488ms attempt #2 (cache miss)
3574 timing reifyNode:node_modules/define-data-property Completed in 29284ms
3575 http fetch GET 200 https://registry.npmjs.org/graphemer/-/graphemer-1.4.0.tgz 28573ms attempt #2 (cache miss)
3576 timing reifyNode:node_modules/graphemer Completed in 29308ms
3577 http fetch GET 200 https://registry.npmjs.org/diff-sequences/-/diff-sequences-29.6.3.tgz 28514ms attempt #2 (cache miss)
3578 timing reifyNode:node_modules/diff-sequences Completed in 29302ms
3579 http fetch GET 200 https://registry.npmjs.org/crypto-random-string/-/crypto-random-string-4.0.0.tgz 28563ms attempt #2 (cache miss)
3580 timing reifyNode:node_modules/crypto-random-string Completed in 29364ms
3581 http fetch GET 200 https://registry.npmjs.org/data-view-byte-offset/-/data-view-byte-offset-1.0.0.tgz 28570ms attempt #2 (cache miss)
3582 http fetch GET 200 https://registry.npmjs.org/encoding/-/encoding-0.1.13.tgz 28596ms attempt #2 (cache miss)
3583 timing reifyNode:node_modules/encoding Completed in 29381ms
3584 http fetch GET 200 https://registry.npmjs.org/cookie-signature/-/cookie-signature-1.2.1.tgz 28585ms attempt #2 (cache miss)
3585 timing reifyNode:node_modules/cookie-signature Completed in 29387ms
3586 http fetch GET 200 https://registry.npmjs.org/detect-newline/-/detect-newline-3.1.0.tgz 28600ms attempt #2 (cache miss)
3587 timing reifyNode:node_modules/detect-newline Completed in 29389ms
3588 timing reifyNode:node_modules/data-view-byte-offset Completed in 29389ms
3589 http fetch GET 200 https://registry.npmjs.org/data-view-buffer/-/data-view-buffer-1.0.1.tgz 28594ms attempt #2 (cache miss)
3590 http fetch GET 200 https://registry.npmjs.org/eastasianwidth/-/eastasianwidth-0.2.0.tgz 28609ms attempt #2 (cache miss)
3591 timing reifyNode:node_modules/eastasianwidth Completed in 29396ms
3592 http fetch GET 200 https://registry.npmjs.org/depd/-/depd-2.0.0.tgz 28607ms attempt #2 (cache miss)
3593 timing reifyNode:node_modules/depd Completed in 29398ms
3594 timing reifyNode:node_modules/data-view-buffer Completed in 29400ms
3595 http fetch GET 200 https://registry.npmjs.org/dottie/-/dottie-2.0.6.tgz 28617ms attempt #2 (cache miss)
3596 timing reifyNode:node_modules/dottie Completed in 29405ms
3597 http fetch GET 200 https://registry.npmjs.org/doctrine/-/doctrine-3.0.0.tgz 28624ms attempt #2 (cache miss)
3598 timing reifyNode:node_modules/doctrine Completed in 29417ms
3599 http fetch GET 200 https://registry.npmjs.org/convert-source-map/-/convert-source-map-2.0.0.tgz 28614ms attempt #2 (cache miss)
3600 timing reifyNode:node_modules/convert-source-map Completed in 29417ms
3601 http fetch GET 200 https://registry.npmjs.org/define-properties/-/define-properties-1.2.1.tgz 28629ms attempt #2 (cache miss)
3602 http fetch GET 200 https://registry.npmjs.org/glob/-/glob-10.3.12.tgz 28696ms attempt #2 (cache miss)
3603 timing reifyNode:node_modules/define-properties Completed in 29420ms
3604 http fetch GET 200 https://registry.npmjs.org/emittery/-/emittery-0.13.1.tgz 28636ms attempt #2 (cache miss)
3605 timing reifyNode:node_modules/emittery Completed in 29421ms
3606 http fetch GET 200 https://registry.npmjs.org/dir-glob/-/dir-glob-3.0.1.tgz 28634ms attempt #2 (cache miss)
3607 timing reifyNode:node_modules/dir-glob Completed in 29422ms
3608 http fetch GET 200 https://registry.npmjs.org/dot-prop/-/dot-prop-6.0.1.tgz 28636ms attempt #2 (cache miss)
3609 timing reifyNode:node_modules/dot-prop Completed in 29422ms
3610 http fetch GET 200 https://registry.npmjs.org/console-control-strings/-/console-control-strings-1.1.0.tgz 28618ms attempt #2 (cache miss)
3611 timing reifyNode:node_modules/console-control-strings Completed in 29422ms
3612 timing reifyNode:node_modules/glob Completed in 29437ms
3613 http fetch GET 200 https://registry.npmjs.org/content-disposition/-/content-disposition-0.5.4.tgz 28619ms attempt #2 (cache miss)
3614 timing reifyNode:node_modules/content-disposition Completed in 29422ms
3615 http fetch GET 200 https://registry.npmjs.org/create-jest/-/create-jest-29.7.0.tgz 28625ms attempt #2 (cache miss)
3616 timing reifyNode:node_modules/create-jest Completed in 29431ms
3617 http fetch GET 200 https://registry.npmjs.org/css-loader/-/css-loader-7.1.1.tgz 28639ms attempt #2 (cache miss)
3618 timing reifyNode:node_modules/css-loader Completed in 29443ms
3619 http fetch GET 200 https://registry.npmjs.org/rxjs/-/rxjs-7.8.1.tgz 29024ms attempt #2 (cache miss)
3620 timing reifyNode:node_modules/rxjs Completed in 29526ms
3621 http fetch GET 200 https://registry.npmjs.org/cssesc/-/cssesc-3.0.0.tgz 28727ms attempt #2 (cache miss)
3622 timing reifyNode:node_modules/cssesc Completed in 29527ms
3623 http fetch GET 200 https://registry.npmjs.org/config-chain/-/config-chain-1.1.13.tgz 28754ms attempt #2 (cache miss)
3624 timing reifyNode:node_modules/config-chain Completed in 29558ms
3625 http fetch GET 200 https://registry.npmjs.org/json-schema-traverse/-/json-schema-traverse-1.0.0.tgz 28437ms attempt #2 (cache miss)
3626 http fetch GET 200 https://registry.npmjs.org/chalk/-/chalk-5.0.1.tgz 28454ms attempt #2 (cache miss)
3627 http fetch GET 200 https://registry.npmjs.org/p-locate/-/p-locate-4.1.0.tgz 28446ms attempt #2 (cache miss)
3628 timing reifyNode:node_modules/@istanbuljs/load-nyc-config/node_modules/p-locate Completed in 29562ms
3629 http fetch GET 200 https://registry.npmjs.org/ansi-regex/-/ansi-regex-6.0.1.tgz 28526ms attempt #2 (cache miss)
3630 timing reifyNode:node_modules/npm-check-updates/node_modules/ansi-regex Completed in 29617ms
3631 timing reifyNode:node_modules/ajv-formats/node_modules/json-schema-traverse Completed in 29606ms
3632 timing reifyNode:node_modules/boxen/node_modules/chalk Completed in 29632ms
3633 http fetch GET 200 https://registry.npmjs.org/brace-expansion/-/brace-expansion-2.0.1.tgz 28506ms attempt #2 (cache miss)
3634 timing reifyNode:node_modules/@tufjs/models/node_modules/brace-expansion Completed in 29625ms
3635 http fetch GET 200 https://registry.npmjs.org/@npmcli/fs/-/fs-2.1.2.tgz 28576ms attempt #2 (cache miss)
3636 http fetch GET 200 https://registry.npmjs.org/glob/-/glob-8.1.0.tgz 28580ms attempt #2 (cache miss)
3637 timing reifyNode:node_modules/node-gyp/node_modules/cacache/node_modules/glob Completed in 29677ms
3638 http fetch GET 200 https://registry.npmjs.org/string-width/-/string-width-5.1.2.tgz 28532ms attempt #2 (cache miss)
3639 timing reifyNode:node_modules/boxen/node_modules/string-width Completed in 29650ms
3640 http fetch GET 200 https://registry.npmjs.org/unique-slug/-/unique-slug-3.0.0.tgz 28599ms attempt #2 (cache miss)
3641 timing reifyNode:node_modules/node-gyp/node_modules/unique-slug Completed in 29692ms
3642 http fetch GET 200 https://registry.npmjs.org/abbrev/-/abbrev-2.0.0.tgz 28594ms attempt #2 (cache miss)
3643 timing reifyNode:node_modules/js-beautify/node_modules/abbrev Completed in 29686ms
3644 http fetch GET 200 https://registry.npmjs.org/glob/-/glob-7.2.3.tgz 28605ms attempt #2 (cache miss)
3645 timing reifyNode:node_modules/node-gyp/node_modules/glob Completed in 29701ms
3646 http fetch GET 200 https://registry.npmjs.org/minipass/-/minipass-7.0.4.tgz 28605ms attempt #2 (cache miss)
3647 http fetch GET 200 https://registry.npmjs.org/depd/-/depd-1.1.2.tgz 28539ms attempt #2 (cache miss)
3648 http fetch GET 200 https://registry.npmjs.org/strip-json-comments/-/strip-json-comments-5.0.1.tgz 28641ms attempt #2 (cache miss)
3649 timing reifyNode:node_modules/npm-check-updates/node_modules/strip-json-comments Completed in 29707ms
3650 timing reifyNode:node_modules/minipass-fetch/node_modules/minipass Completed in 29707ms
3651 http fetch GET 200 https://registry.npmjs.org/cacache/-/cacache-16.1.3.tgz 28630ms attempt #2 (cache miss)
3652 timing reifyNode:node_modules/node-gyp/node_modules/cacache Completed in 29725ms
3653 http fetch GET 200 https://registry.npmjs.org/semver/-/semver-6.3.1.tgz 28569ms attempt #2 (cache miss)
3654 timing reifyNode:node_modules/babel-plugin-istanbul/node_modules/semver Completed in 29688ms
3655 timing reifyNode:node_modules/agentkeepalive/node_modules/depd Completed in 29689ms
3656 http fetch GET 200 https://registry.npmjs.org/ansi-regex/-/ansi-regex-6.0.1.tgz 28581ms attempt #2 (cache miss)
3657 timing reifyNode:node_modules/boxen/node_modules/ansi-regex Completed in 29699ms
3658 http fetch GET 200 https://registry.npmjs.org/minimatch/-/minimatch-5.1.6.tgz 28644ms attempt #2 (cache miss)
3659 timing reifyNode:node_modules/node-gyp/node_modules/cacache/node_modules/minimatch Completed in 29741ms
3660 http fetch GET 200 https://registry.npmjs.org/make-fetch-happen/-/make-fetch-happen-10.2.1.tgz 28647ms attempt #2 (cache miss)
3661 http fetch GET 200 https://registry.npmjs.org/yallist/-/yallist-3.1.1.tgz 28645ms attempt #2 (cache miss)
3662 timing reifyNode:node_modules/lru-cache/node_modules/yallist Completed in 29740ms
3663 timing reifyNode:node_modules/node-gyp/node_modules/make-fetch-happen Completed in 29745ms
3664 timing reifyNode:node_modules/node-gyp/node_modules/@npmcli/fs Completed in 29752ms
3665 http fetch GET 200 https://registry.npmjs.org/nopt/-/nopt-6.0.0.tgz 28666ms attempt #2 (cache miss)
3666 timing reifyNode:node_modules/node-gyp/node_modules/nopt Completed in 29759ms
3667 http fetch GET 200 https://registry.npmjs.org/lru-cache/-/lru-cache-7.18.3.tgz 28666ms attempt #2 (cache miss)
3668 timing reifyNode:node_modules/make-fetch-happen/node_modules/lru-cache Completed in 29762ms
3669 http fetch GET 200 https://registry.npmjs.org/lru-cache/-/lru-cache-7.18.3.tgz 28687ms attempt #2 (cache miss)
3670 timing reifyNode:node_modules/node-gyp/node_modules/lru-cache Completed in 29781ms
3671 http fetch GET 200 https://registry.npmjs.org/minipass-fetch/-/minipass-fetch-2.1.2.tgz 28695ms attempt #2 (cache miss)
3672 http fetch GET 200 https://registry.npmjs.org/which/-/which-3.0.1.tgz 28624ms attempt #2 (cache miss)
3673 timing reifyNode:node_modules/@npmcli/promise-spawn/node_modules/which Completed in 29742ms
3674 http fetch GET 200 https://registry.npmjs.org/emoji-regex/-/emoji-regex-9.2.2.tgz 28641ms attempt #2 (cache miss)
3675 timing reifyNode:node_modules/node-gyp/node_modules/minipass-fetch Completed in 29800ms
3676 timing reifyNode:node_modules/boxen/node_modules/emoji-regex Completed in 29763ms
3677 http fetch GET 200 https://registry.npmjs.org/js-yaml/-/js-yaml-3.14.1.tgz 28658ms attempt #2 (cache miss)
3678 timing reifyNode:node_modules/@istanbuljs/load-nyc-config/node_modules/js-yaml Completed in 29784ms
3679 http fetch GET 200 https://registry.npmjs.org/semver/-/semver-6.3.1.tgz 28722ms attempt #2 (cache miss)
3680 timing reifyNode:node_modules/eslint-config-airbnb-base/node_modules/semver Completed in 29835ms
3681 http fetch GET 200 https://registry.npmjs.org/debug/-/debug-3.2.7.tgz 28735ms attempt #2 (cache miss)
3682 timing reifyNode:node_modules/eslint-plugin-import/node_modules/debug Completed in 29855ms
3683 http fetch GET 200 https://registry.npmjs.org/wrap-ansi/-/wrap-ansi-7.0.0.tgz 28763ms attempt #2 (cache miss)
3684 timing reifyNode:node_modules/cliui/node_modules/wrap-ansi Completed in 29882ms
3685 http fetch GET 200 https://registry.npmjs.org/supports-color/-/supports-color-8.1.1.tgz 28767ms attempt #2 (cache miss)
3686 timing reifyNode:node_modules/concurrently/node_modules/supports-color Completed in 29885ms
3687 http fetch GET 200 https://registry.npmjs.org/semver/-/semver-6.3.1.tgz 28786ms attempt #2 (cache miss)
3688 timing reifyNode:node_modules/eslint-plugin-import/node_modules/semver Completed in 29897ms
3689 http fetch GET 200 https://registry.npmjs.org/type-fest/-/type-fest-2.19.0.tgz 28812ms attempt #2 (cache miss)
3690 timing reifyNode:node_modules/boxen/node_modules/type-fest Completed in 29936ms
3691 http fetch GET 200 https://registry.npmjs.org/lowercase-keys/-/lowercase-keys-2.0.0.tgz 28863ms attempt #2 (cache miss)
3692 timing reifyNode:node_modules/cacheable-request/node_modules/lowercase-keys Completed in 29980ms
3693 http fetch GET 200 https://registry.npmjs.org/@eslint/js/-/js-8.57.0.tgz 28879ms attempt #2 (cache miss)
3694 timing reifyNode:node_modules/eslint/node_modules/@eslint/js Completed in 30000ms
3695 http fetch GET 200 https://registry.npmjs.org/minipass/-/minipass-7.0.4.tgz 28876ms attempt #2 (cache miss)
3696 timing reifyNode:node_modules/cacache/node_modules/minipass Completed in 29995ms
3697 http fetch GET 200 https://registry.npmjs.org/globals/-/globals-13.24.0.tgz 28906ms attempt #2 (cache miss)
3698 timing reifyNode:node_modules/eslint/node_modules/globals Completed in 30025ms
3699 http fetch GET 200 https://registry.npmjs.org/strip-ansi/-/strip-ansi-7.0.1.tgz 28906ms attempt #2 (cache miss)
3700 timing reifyNode:node_modules/boxen/node_modules/strip-ansi Completed in 30023ms
3701 http fetch GET 200 https://registry.npmjs.org/unique-slug/-/unique-slug-4.0.0.tgz 28925ms attempt #2 (cache miss)
3702 timing reifyNode:node_modules/cacache/node_modules/unique-slug Completed in 30042ms
3703 http fetch GET 200 https://registry.npmjs.org/ini/-/ini-1.3.8.tgz 28929ms attempt #2 (cache miss)
3704 timing reifyNode:node_modules/config-chain/node_modules/ini Completed in 30047ms
3705 http fetch GET 200 https://registry.npmjs.org/get-stream/-/get-stream-5.2.0.tgz 28932ms attempt #2 (cache miss)
3706 timing reifyNode:node_modules/cacheable-request/node_modules/get-stream Completed in 30049ms
3707 http fetch GET 200 https://registry.npmjs.org/lru-cache/-/lru-cache-10.2.0.tgz 29084ms attempt #2 (cache miss)
3708 timing reifyNode:node_modules/path-scurry/node_modules/lru-cache Completed in 30148ms
3709 http fetch GET 200 https://registry.npmjs.org/rimraf/-/rimraf-5.0.5.tgz 29102ms attempt #2 (cache miss)
3710 http fetch GET 200 https://registry.npmjs.org/@eslint/eslintrc/-/eslintrc-2.1.4.tgz 29021ms attempt #2 (cache miss)
3711 timing reifyNode:node_modules/eslint/node_modules/@eslint/eslintrc Completed in 30141ms
3712 timing reifyNode:node_modules/npm-check-updates/node_modules/rimraf Completed in 30174ms
3713 http fetch GET 200 https://registry.npmjs.org/@babel%2fcore 4369ms (cache miss)
3714 timing metavuln:packument:@babel/core Completed in 4373ms
3715 timing metavuln:load:security-advisory:@babel/core:+NsF1flAI8VENgJn0XVIWaC4lCe3b89AZgBOx219qXn/BdXH1EWl/yD49aHbhQimIG4kna8zgkunsmpiAVwNPQ== Completed in 62ms
3716 timing metavuln:cache:put:security-advisory:@babel/core:rHFDgAPDp/sCXbJTVH1CD++gRwqnDm1l5hjqv1UshTfFC03lkAXjHj5sWn7bV61VhpDSBibBqnzYuoOuIJuY0Q== Completed in 23ms
3717 timing metavuln:calculate:security-advisory:@babel/core:+NsF1flAI8VENgJn0XVIWaC4lCe3b89AZgBOx219qXn/BdXH1EWl/yD49aHbhQimIG4kna8zgkunsmpiAVwNPQ== Completed in 4458ms
3718 timing metavuln:cache:get:security-advisory:date-fns:kHMTVg+O95Y0EFfM2HO1mb7SZ4p5vWeiW1gikHyGe2x3c6+UXU8uqt+wXkUDmiXnjlJPeS0xt/QOsr/K++6P+Q== Completed in 3ms
3719 timing metavuln:cache:get:security-advisory:i18next:l4tbfjbVOZGuH/00FuoHxAf5DtkJBCMqzu0CQ4juWz1pfNe0diGF78qD/NikjjOQugC9THUj3QGPzO/X2ByTaQ== Completed in 2ms
3720 http fetch GET 200 https://registry.npmjs.org/minimatch/-/minimatch-9.0.4.tgz 29185ms attempt #2 (cache miss)
3721 timing reifyNode:node_modules/@tufjs/models/node_modules/minimatch Completed in 30303ms
3722 http fetch GET 200 https://registry.npmjs.org/date-fns 237ms (cache miss)
3723 timing metavuln:packument:date-fns Completed in 241ms
3724 timing metavuln:load:security-advisory:date-fns:xDaNmlS3J8LRk7IfDb7e9Gp3gcy/xDr1QZXCKC997SMkqKVemm2guY9vQpRI6omD11L5cfCI+STpoAdxUgnVsA== Completed in 2ms
3725 timing metavuln:cache:put:security-advisory:date-fns:kHMTVg+O95Y0EFfM2HO1mb7SZ4p5vWeiW1gikHyGe2x3c6+UXU8uqt+wXkUDmiXnjlJPeS0xt/QOsr/K++6P+Q== Completed in 23ms
3726 timing metavuln:calculate:security-advisory:date-fns:xDaNmlS3J8LRk7IfDb7e9Gp3gcy/xDr1QZXCKC997SMkqKVemm2guY9vQpRI6omD11L5cfCI+STpoAdxUgnVsA== Completed in 266ms
3727 http fetch GET 200 https://registry.npmjs.org/@vscode/sqlite3/-/sqlite3-5.1.2.tgz 29819ms (cache miss)
3728 timing reifyNode:node_modules/@vscode/sqlite3 Completed in 30683ms
3729 http fetch GET 200 https://registry.npmjs.org/got/-/got-12.3.1.tgz 30050ms attempt #2 (cache miss)
3730 timing reifyNode:node_modules/got Completed in 30786ms
3731 http fetch GET 200 https://registry.npmjs.org/sodium-native/-/sodium-native-4.1.1.tgz 30368ms attempt #2 (cache miss)
3732 timing reifyNode:node_modules/sodium-native Completed in 30854ms
3733 http fetch GET 200 https://registry.npmjs.org/ajv/-/ajv-8.12.0.tgz 29873ms attempt #2 (cache miss)
3734 timing reifyNode:node_modules/objection/node_modules/ajv Completed in 30941ms
3735 http fetch GET 200 https://registry.npmjs.org/ajv/-/ajv-8.11.0.tgz 29786ms attempt #2 (cache miss)
3736 timing reifyNode:node_modules/ajv-formats/node_modules/ajv Completed in 30911ms
3737 http fetch GET 200 https://registry.npmjs.org/i18next 955ms (cache miss)
3738 timing metavuln:packument:i18next Completed in 964ms
3739 timing metavuln:load:security-advisory:i18next:xDaNmlS3J8LRk7IfDb7e9Gp3gcy/xDr1QZXCKC997SMkqKVemm2guY9vQpRI6omD11L5cfCI+STpoAdxUgnVsA== Completed in 10ms
3740 timing metavuln:cache:put:security-advisory:i18next:l4tbfjbVOZGuH/00FuoHxAf5DtkJBCMqzu0CQ4juWz1pfNe0diGF78qD/NikjjOQugC9THUj3QGPzO/X2ByTaQ== Completed in 13ms
3741 timing metavuln:calculate:security-advisory:i18next:xDaNmlS3J8LRk7IfDb7e9Gp3gcy/xDr1QZXCKC997SMkqKVemm2guY9vQpRI6omD11L5cfCI+STpoAdxUgnVsA== Completed in 987ms
3742 timing metavuln:cache:get:security-advisory:@eslint/eslintrc:aTNWJFSkw5DS4SB2nZgnaAFFdAXCgYakUu7Vnu0VAj0AclpVyjznKIgNeS8Irm+NcHSORmoypttmDbChxemxqA== Completed in 3ms
3743 timing metavuln:cache:get:security-advisory:ajv-keywords:CfFtUnAadfuCbS71yeRl9tl/9HIXJ6js/s7gXlcBmi25TSuj5fGBRan13Z6fruYADIymacHLp/CVDNUa5XJjlQ== Completed in 2ms
3744 timing metavuln:cache:get:security-advisory:eslint:6kRX7Aokk76Jx6XoOHiMSU8BTR90SQMK5AZjmt7HFdN87a8DFzzjuJwsTWoA1xHp5ATdta4R7ud3Xw2YczLZlA== Completed in 2ms
3745 timing metavuln:cache:get:security-advisory:schema-utils:vlNV1ObVfukgjaciZvL6tO81wrIqbupJy3JWyMpfVe/qCIyWAVHkVJWWQRgYkBk00jAcxPQ8I4FgEcesSO9D+Q== Completed in 1ms
3746 http fetch GET 200 https://registry.npmjs.org/ajv-keywords 111ms (cache miss)
3747 timing metavuln:packument:ajv-keywords Completed in 111ms
3748 timing metavuln:load:security-advisory:ajv-keywords:u4HOZ0QFYFTDLqnZ5TPSC8VEvP+HMuGcZACJuTqG8bm/gunrgkQwsiiH2pbF9tNIl45RK0sW2ccPzEojb1k0xQ== Completed in 11ms
3749 timing metavuln:cache:put:security-advisory:ajv-keywords:CfFtUnAadfuCbS71yeRl9tl/9HIXJ6js/s7gXlcBmi25TSuj5fGBRan13Z6fruYADIymacHLp/CVDNUa5XJjlQ== Completed in 17ms
3750 timing metavuln:calculate:security-advisory:ajv-keywords:u4HOZ0QFYFTDLqnZ5TPSC8VEvP+HMuGcZACJuTqG8bm/gunrgkQwsiiH2pbF9tNIl45RK0sW2ccPzEojb1k0xQ== Completed in 140ms
3751 http fetch GET 200 https://registry.npmjs.org/@eslint%2feslintrc 180ms (cache miss)
3752 timing metavuln:packument:@eslint/eslintrc Completed in 180ms
3753 timing metavuln:load:security-advisory:@eslint/eslintrc:u4HOZ0QFYFTDLqnZ5TPSC8VEvP+HMuGcZACJuTqG8bm/gunrgkQwsiiH2pbF9tNIl45RK0sW2ccPzEojb1k0xQ== Completed in 2ms
3754 http fetch GET 200 https://registry.npmjs.org/schema-utils 195ms (cache miss)
3755 timing metavuln:packument:schema-utils Completed in 196ms
3756 timing metavuln:load:security-advisory:schema-utils:u4HOZ0QFYFTDLqnZ5TPSC8VEvP+HMuGcZACJuTqG8bm/gunrgkQwsiiH2pbF9tNIl45RK0sW2ccPzEojb1k0xQ== Completed in 4ms
3757 timing metavuln:cache:put:security-advisory:@eslint/eslintrc:aTNWJFSkw5DS4SB2nZgnaAFFdAXCgYakUu7Vnu0VAj0AclpVyjznKIgNeS8Irm+NcHSORmoypttmDbChxemxqA== Completed in 21ms
3758 timing metavuln:calculate:security-advisory:@eslint/eslintrc:u4HOZ0QFYFTDLqnZ5TPSC8VEvP+HMuGcZACJuTqG8bm/gunrgkQwsiiH2pbF9tNIl45RK0sW2ccPzEojb1k0xQ== Completed in 204ms
3759 http fetch GET 200 https://registry.npmjs.org/eslint 205ms (cache miss)
3760 timing metavuln:packument:eslint Completed in 215ms
3761 timing metavuln:load:security-advisory:eslint:u4HOZ0QFYFTDLqnZ5TPSC8VEvP+HMuGcZACJuTqG8bm/gunrgkQwsiiH2pbF9tNIl45RK0sW2ccPzEojb1k0xQ== Completed in 9ms
3762 timing metavuln:cache:put:security-advisory:schema-utils:vlNV1ObVfukgjaciZvL6tO81wrIqbupJy3JWyMpfVe/qCIyWAVHkVJWWQRgYkBk00jAcxPQ8I4FgEcesSO9D+Q== Completed in 37ms
3763 timing metavuln:calculate:security-advisory:schema-utils:u4HOZ0QFYFTDLqnZ5TPSC8VEvP+HMuGcZACJuTqG8bm/gunrgkQwsiiH2pbF9tNIl45RK0sW2ccPzEojb1k0xQ== Completed in 237ms
3764 timing metavuln:cache:put:security-advisory:eslint:6kRX7Aokk76Jx6XoOHiMSU8BTR90SQMK5AZjmt7HFdN87a8DFzzjuJwsTWoA1xHp5ATdta4R7ud3Xw2YczLZlA== Completed in 19ms
3765 timing metavuln:calculate:security-advisory:eslint:u4HOZ0QFYFTDLqnZ5TPSC8VEvP+HMuGcZACJuTqG8bm/gunrgkQwsiiH2pbF9tNIl45RK0sW2ccPzEojb1k0xQ== Completed in 243ms
3766 timing metavuln:cache:get:security-advisory:@fastify/ajv-compiler:+MLdGrUswLVyvmXiuYG66Nr9N0uWS06Mp2b1NPYRzxFzRanMM4snyVQYmf7jDlBCLmagi+ylWXX6kGn5g5IXJg== Completed in 4ms
3767 timing metavuln:cache:get:security-advisory:ajv-formats:FvZpb7jSNyyWiQIVPGitnU868Mo9VzJTfWeYAHvgwc94UdQjyn/4YC1QV41UK3biKRAfI35CyKmFL3IDemDaKQ== Completed in 4ms
3768 timing metavuln:cache:get:security-advisory:fast-json-stringify:XZWsOq+kHn1UjLK/uKvUbRzYGtOQyzV/hW4n+VQ+pUIUFFHT8wgzf3SfcccZ6hMHYV0BuN0TqHOEr1Pvh2AbvQ== Completed in 3ms
3769 timing metavuln:cache:get:security-advisory:objection:jeTPYs/kAD6NSRH/MdI7QnU+4Hiwje7WgQEBOjoTX9eJtgPbcSXlxjiVq480QD1AoBjpOEDDxi5b4uTcS/+5FA== Completed in 3ms
3770 timing metavuln:cache:get:security-advisory:schema-utils:jeD++QW3RmuXUj4724QcitSOqXm1y5wbrmfm8CQ+ksMJQx9x5aXXN4+FC6sDGla6lZbT/KpvddsLwTCnkcqp7w== Completed in 2ms
3771 timing metavuln:load:security-advisory:schema-utils:URErmxoyazZWR5lFcXpgTkGsbkrUBDlzD8W6txjBw2wZoOC7oHjHFfCrRr/VnGeJvbyUY9E2jxrL8p2XbwfP8g== Completed in 4ms
3772 timing metavuln:cache:get:security-advisory:ajv-keywords:2GXRn8zsuxNEY7/qN6wYE4CrPKkAphM+4Wm/OdOGHx+Nj0CLwtJcho1aVT3xUylELIHg6tXqQVmGBKQ2DdlCMA== Completed in 6ms
3773 timing metavuln:load:security-advisory:ajv-keywords:URErmxoyazZWR5lFcXpgTkGsbkrUBDlzD8W6txjBw2wZoOC7oHjHFfCrRr/VnGeJvbyUY9E2jxrL8p2XbwfP8g== Completed in 7ms
3774 timing metavuln:cache:put:security-advisory:schema-utils:jeD++QW3RmuXUj4724QcitSOqXm1y5wbrmfm8CQ+ksMJQx9x5aXXN4+FC6sDGla6lZbT/KpvddsLwTCnkcqp7w== Completed in 24ms
3775 timing metavuln:calculate:security-advisory:schema-utils:URErmxoyazZWR5lFcXpgTkGsbkrUBDlzD8W6txjBw2wZoOC7oHjHFfCrRr/VnGeJvbyUY9E2jxrL8p2XbwfP8g== Completed in 30ms
3776 timing metavuln:cache:put:security-advisory:ajv-keywords:2GXRn8zsuxNEY7/qN6wYE4CrPKkAphM+4Wm/OdOGHx+Nj0CLwtJcho1aVT3xUylELIHg6tXqQVmGBKQ2DdlCMA== Completed in 18ms
3777 timing metavuln:calculate:security-advisory:ajv-keywords:URErmxoyazZWR5lFcXpgTkGsbkrUBDlzD8W6txjBw2wZoOC7oHjHFfCrRr/VnGeJvbyUY9E2jxrL8p2XbwfP8g== Completed in 31ms
3778 http fetch GET 200 https://registry.npmjs.org/ajv-formats 114ms (cache miss)
3779 timing metavuln:packument:ajv-formats Completed in 116ms
3780 timing metavuln:load:security-advisory:ajv-formats:URErmxoyazZWR5lFcXpgTkGsbkrUBDlzD8W6txjBw2wZoOC7oHjHFfCrRr/VnGeJvbyUY9E2jxrL8p2XbwfP8g== Completed in 4ms
3781 timing metavuln:cache:put:security-advisory:ajv-formats:FvZpb7jSNyyWiQIVPGitnU868Mo9VzJTfWeYAHvgwc94UdQjyn/4YC1QV41UK3biKRAfI35CyKmFL3IDemDaKQ== Completed in 16ms
3782 timing metavuln:calculate:security-advisory:ajv-formats:URErmxoyazZWR5lFcXpgTkGsbkrUBDlzD8W6txjBw2wZoOC7oHjHFfCrRr/VnGeJvbyUY9E2jxrL8p2XbwfP8g== Completed in 136ms
3783 http fetch GET 200 https://registry.npmjs.org/date-fns/-/date-fns-2.30.0.tgz 30906ms attempt #2 (cache miss)
3784 timing reifyNode:node_modules/date-fns Completed in 31704ms
3785 timing reify:unpack Completed in 31770ms
3786 timing reify:unretire Completed in 1ms
3787 timing build:queue Completed in 29ms
3788 timing build:link:node_modules/jest-cli Completed in 4ms
3789 timing build:link:node_modules/@babel/parser Completed in 16ms
3790 timing build:link:node_modules/@babel/helper-compilation-targets/node_modules/semver Completed in 13ms
3791 timing build:link:node_modules/@babel/core/node_modules/semver Completed in 13ms
3792 timing build:link:node_modules/@istanbuljs/load-nyc-config/node_modules/js-yaml Completed in 13ms
3793 timing build:link:node_modules/@npmcli/promise-spawn/node_modules/which Completed in 12ms
3794 timing build:link:node_modules/@npmcli/git/node_modules/which Completed in 13ms
3795 timing build:link:node_modules/babel-plugin-istanbul/node_modules/semver Completed in 12ms
3796 timing build:link:node_modules/eslint-config-airbnb-base/node_modules/semver Completed in 12ms
3797 timing build:link:node_modules/@npmcli/run-script/node_modules/which Completed in 12ms
3798 timing build:link:node_modules/eslint-plugin-import/node_modules/semver Completed in 12ms
3799 timing build:link:node_modules/fastify-cli/node_modules/pino-pretty Completed in 12ms
3800 timing build:link:node_modules/is-expression/node_modules/acorn Completed in 12ms
3801 timing build:link:node_modules/fastify-objectionjs/node_modules/knex Completed in 12ms
3802 timing build:link:node_modules/node-gyp/node_modules/nopt Completed in 12ms
3803 timing build:link:node_modules/js-beautify/node_modules/nopt Completed in 12ms
3804 timing build:link:node_modules/@fastify/secure-session Completed in 18ms
3805 timing build:link:node_modules/@npmcli/installed-package-contents Completed in 18ms
3806 timing build:link:node_modules/browserslist Completed in 18ms
3807 timing build:link:node_modules/acorn Completed in 18ms
3808 timing build:link:node_modules/color-support Completed in 18ms
3809 timing build:link:node_modules/concurrently Completed in 18ms
3810 timing build:link:node_modules/create-jest Completed in 18ms
3811 timing build:link:node_modules/cssesc Completed in 18ms
3812 timing build:link:node_modules/editorconfig Completed in 18ms
3813 timing build:link:node_modules/envinfo Completed in 18ms
3814 timing build:link:node_modules/eslint Completed in 18ms
3815 timing build:link:node_modules/fastify-cli Completed in 18ms
3816 timing build:link:node_modules/esprima Completed in 18ms
3817 timing build:link:node_modules/generify Completed in 18ms
3818 timing build:link:node_modules/glob Completed in 18ms
3819 timing build:link:node_modules/is-ci Completed in 18ms
3820 timing build:link:node_modules/is-docker Completed in 17ms
3821 timing build:link:node_modules/import-local Completed in 18ms
3822 timing build:link:node_modules/jest Completed in 17ms
3823 timing build:link:node_modules/js-yaml Completed in 17ms
3824 timing build:link:node_modules/json5 Completed in 17ms
3825 timing build:link:node_modules/markdown-it Completed in 17ms
3826 timing build:link:node_modules/js-beautify Completed in 17ms
3827 timing build:link:node_modules/jsesc Completed in 17ms
3828 timing build:link:node_modules/mime Completed in 17ms
3829 timing build:link:node_modules/mkdirp Completed in 17ms
3830 timing build:link:node_modules/mustache Completed in 17ms
3831 timing build:link:node_modules/knex Completed in 17ms
3832 timing build:link:node_modules/node-gyp Completed in 16ms
3833 timing build:link:node_modules/nanoid Completed in 17ms
3834 timing build:link:node_modules/node-gyp-build Completed in 16ms
3835 timing build:link:node_modules/nopt Completed in 16ms
3836 timing build:link:node_modules/npm-check-updates Completed in 16ms
3837 timing build:link:node_modules/pacote Completed in 16ms
3838 timing build:link:node_modules/pino Completed in 16ms
3839 timing build:link:node_modules/parse-github-url Completed in 16ms
3840 timing build:link:node_modules/prebuild-install Completed in 16ms
3841 timing build:link:node_modules/npm-check-updates/node_modules/rimraf Completed in 14ms
3842 timing build:link:node_modules/pino-pretty Completed in 16ms
3843 timing build:link:node_modules/rc Completed in 16ms
3844 timing build:link:node_modules/resolve Completed in 16ms
3845 timing build:link:node_modules/rimraf Completed in 16ms
3846 timing build:link:node_modules/sequelize-cli Completed in 15ms
3847 timing build:link:node_modules/sigstore Completed in 15ms
3848 timing build:link:node_modules/terser Completed in 15ms
3849 timing build:link:node_modules/tree-kill Completed in 15ms
3850 timing build:link:node_modules/semver Completed in 15ms
3851 timing build:link:node_modules/update-browserslist-db Completed in 15ms
3852 timing build:link:node_modules/uuid Completed in 15ms
3853 timing build:link:node_modules/webpack Completed in 15ms
3854 timing build:link:node_modules/sqlite3/node_modules/node-gyp Completed in 14ms
3855 timing build:link:node_modules/webpack-cli Completed in 15ms
3856 timing build:link:node_modules/which Completed in 15ms
3857 timing build:link:node_modules/tsconfig-paths/node_modules/json5 Completed in 14ms
3858 timing build:link Completed in 20ms
3859 info run @vscode/sqlite3@5.1.2 install node_modules/@vscode/sqlite3 node-gyp rebuild
3860 info run better-sqlite3@8.7.0 install node_modules/better-sqlite3 prebuild-install || node-gyp rebuild --release
3861 info run sodium-native@4.1.1 install node_modules/sodium-native node-gyp-build
3862 info run sqlite3@5.1.7 install node_modules/sqlite3 prebuild-install -r napi || node-gyp rebuild
3863 http fetch GET 200 https://registry.npmjs.org/fast-json-stringify 331ms (cache miss)
3864 timing metavuln:packument:fast-json-stringify Completed in 334ms
3865 timing metavuln:load:security-advisory:fast-json-stringify:URErmxoyazZWR5lFcXpgTkGsbkrUBDlzD8W6txjBw2wZoOC7oHjHFfCrRr/VnGeJvbyUY9E2jxrL8p2XbwfP8g== Completed in 7ms
3866 timing metavuln:cache:put:security-advisory:fast-json-stringify:XZWsOq+kHn1UjLK/uKvUbRzYGtOQyzV/hW4n+VQ+pUIUFFHT8wgzf3SfcccZ6hMHYV0BuN0TqHOEr1Pvh2AbvQ== Completed in 8ms
3867 timing metavuln:calculate:security-advisory:fast-json-stringify:URErmxoyazZWR5lFcXpgTkGsbkrUBDlzD8W6txjBw2wZoOC7oHjHFfCrRr/VnGeJvbyUY9E2jxrL8p2XbwfP8g== Completed in 349ms
3868 http fetch GET 200 https://registry.npmjs.org/objection 350ms (cache miss)
3869 timing metavuln:packument:objection Completed in 354ms
3870 timing metavuln:load:security-advisory:objection:URErmxoyazZWR5lFcXpgTkGsbkrUBDlzD8W6txjBw2wZoOC7oHjHFfCrRr/VnGeJvbyUY9E2jxrL8p2XbwfP8g== Completed in 7ms
3871 timing metavuln:cache:put:security-advisory:objection:jeTPYs/kAD6NSRH/MdI7QnU+4Hiwje7WgQEBOjoTX9eJtgPbcSXlxjiVq480QD1AoBjpOEDDxi5b4uTcS/+5FA== Completed in 3ms
3872 timing metavuln:calculate:security-advisory:objection:URErmxoyazZWR5lFcXpgTkGsbkrUBDlzD8W6txjBw2wZoOC7oHjHFfCrRr/VnGeJvbyUY9E2jxrL8p2XbwfP8g== Completed in 364ms
3873 info run sodium-native@4.1.1 install { code: 0, signal: null }
3874 timing build:run:install:node_modules/sodium-native Completed in 101ms
3875 http fetch GET 200 https://registry.npmjs.org/@fastify%2fajv-compiler 463ms (cache miss)
3876 timing metavuln:packument:@fastify/ajv-compiler Completed in 463ms
3877 timing metavuln:load:security-advisory:@fastify/ajv-compiler:URErmxoyazZWR5lFcXpgTkGsbkrUBDlzD8W6txjBw2wZoOC7oHjHFfCrRr/VnGeJvbyUY9E2jxrL8p2XbwfP8g== Completed in 1ms
3878 timing metavuln:cache:put:security-advisory:@fastify/ajv-compiler:+MLdGrUswLVyvmXiuYG66Nr9N0uWS06Mp2b1NPYRzxFzRanMM4snyVQYmf7jDlBCLmagi+ylWXX6kGn5g5IXJg== Completed in 3ms
3879 timing metavuln:calculate:security-advisory:@fastify/ajv-compiler:URErmxoyazZWR5lFcXpgTkGsbkrUBDlzD8W6txjBw2wZoOC7oHjHFfCrRr/VnGeJvbyUY9E2jxrL8p2XbwfP8g== Completed in 467ms
3880 timing metavuln:cache:get:security-advisory:@istanbuljs/load-nyc-config:w/86FNlNAKUQI54d7RUzBsP1/0m9gEqvzcKgVc1hG/QVJuqE1LIXvZVbQtAg4c7kez3/aUOM4JWOhkj3kEEPVA== Completed in 1ms
3881 http fetch GET 200 https://registry.npmjs.org/@istanbuljs%2fload-nyc-config 89ms (cache miss)
3882 timing metavuln:packument:@istanbuljs/load-nyc-config Completed in 90ms
3883 timing metavuln:load:security-advisory:@istanbuljs/load-nyc-config:MQ5RokLIvrWmT8/NQU0dD+jQ+6pFslHlaXx1Z5q7mESITohR8AwLT525ddIc2KvKZYbB1p5yclW3kV4xeRYXEg== Completed in 0ms
3884 timing metavuln:cache:put:security-advisory:@istanbuljs/load-nyc-config:w/86FNlNAKUQI54d7RUzBsP1/0m9gEqvzcKgVc1hG/QVJuqE1LIXvZVbQtAg4c7kez3/aUOM4JWOhkj3kEEPVA== Completed in 3ms
3885 timing metavuln:calculate:security-advisory:@istanbuljs/load-nyc-config:MQ5RokLIvrWmT8/NQU0dD+jQ+6pFslHlaXx1Z5q7mESITohR8AwLT525ddIc2KvKZYbB1p5yclW3kV4xeRYXEg== Completed in 93ms
3886 timing metavuln:cache:get:security-advisory:@eslint/eslintrc:+dj/LqpwTuLnMbBYuGIzIb6b3zspptDh0rakRHhZtIReGOQCQDIXFUqoHFXyUBrXqkKL96IYWa7gOtmMPQ2AIw== Completed in 1ms
3887 timing metavuln:load:security-advisory:@eslint/eslintrc:621IdjBdZEeVoUcjWGl1jXN0jFDGaf7dIQMeaPVKf5MxqYprJztiOC0OHOUPVoayh7Cq/fTC8L5CqEb98qlE7w== Completed in 1ms
3888 timing metavuln:cache:get:security-advisory:eslint:tWpS8shwtPvlnKrr0IDTnNgdZsEAPzEyjXys9cT2vEpfBr9XWHwJtpN5VN/tlasnmObTFIj3QrfKiIX5Y5+g2Q== Completed in 3ms
3889 timing metavuln:load:security-advisory:eslint:621IdjBdZEeVoUcjWGl1jXN0jFDGaf7dIQMeaPVKf5MxqYprJztiOC0OHOUPVoayh7Cq/fTC8L5CqEb98qlE7w== Completed in 4ms
3890 timing metavuln:cache:get:security-advisory:npm-check-updates:9vC8VlwNHMPreDKCmfk/iQYKr5FKq35DZWscTOeXqRjPbM+Efw5aQBr9cfJGMTacDylcPe1nQJ5GQctXjbhmEA== Completed in 8ms
3891 timing metavuln:cache:get:security-advisory:rc-config-loader:q4AulNladPM/Ic9lEbKbGuyQzjCn1jqwz0AMYs/yQHvgYOx1mDpLBZLgKZBAnHqoDFu8LWanb5hOiIEPx1/klw== Completed in 7ms
3892 timing metavuln:cache:put:security-advisory:eslint:tWpS8shwtPvlnKrr0IDTnNgdZsEAPzEyjXys9cT2vEpfBr9XWHwJtpN5VN/tlasnmObTFIj3QrfKiIX5Y5+g2Q== Completed in 7ms
3893 timing metavuln:calculate:security-advisory:eslint:621IdjBdZEeVoUcjWGl1jXN0jFDGaf7dIQMeaPVKf5MxqYprJztiOC0OHOUPVoayh7Cq/fTC8L5CqEb98qlE7w== Completed in 14ms
3894 timing metavuln:cache:put:security-advisory:@eslint/eslintrc:+dj/LqpwTuLnMbBYuGIzIb6b3zspptDh0rakRHhZtIReGOQCQDIXFUqoHFXyUBrXqkKL96IYWa7gOtmMPQ2AIw== Completed in 12ms
3895 timing metavuln:calculate:security-advisory:@eslint/eslintrc:621IdjBdZEeVoUcjWGl1jXN0jFDGaf7dIQMeaPVKf5MxqYprJztiOC0OHOUPVoayh7Cq/fTC8L5CqEb98qlE7w== Completed in 14ms
3896 http fetch GET 200 https://registry.npmjs.org/rc-config-loader 99ms (cache miss)
3897 timing metavuln:packument:rc-config-loader Completed in 99ms
3898 timing metavuln:load:security-advisory:rc-config-loader:621IdjBdZEeVoUcjWGl1jXN0jFDGaf7dIQMeaPVKf5MxqYprJztiOC0OHOUPVoayh7Cq/fTC8L5CqEb98qlE7w== Completed in 1ms
3899 timing metavuln:cache:put:security-advisory:rc-config-loader:q4AulNladPM/Ic9lEbKbGuyQzjCn1jqwz0AMYs/yQHvgYOx1mDpLBZLgKZBAnHqoDFu8LWanb5hOiIEPx1/klw== Completed in 3ms
3900 timing metavuln:calculate:security-advisory:rc-config-loader:621IdjBdZEeVoUcjWGl1jXN0jFDGaf7dIQMeaPVKf5MxqYprJztiOC0OHOUPVoayh7Cq/fTC8L5CqEb98qlE7w== Completed in 103ms
3901 http fetch GET 200 https://registry.npmjs.org/npm-check-updates 726ms (cache miss)
3902 timing metavuln:packument:npm-check-updates Completed in 738ms
3903 timing metavuln:load:security-advisory:npm-check-updates:621IdjBdZEeVoUcjWGl1jXN0jFDGaf7dIQMeaPVKf5MxqYprJztiOC0OHOUPVoayh7Cq/fTC8L5CqEb98qlE7w== Completed in 4ms
3904 timing metavuln:cache:put:security-advisory:npm-check-updates:9vC8VlwNHMPreDKCmfk/iQYKr5FKq35DZWscTOeXqRjPbM+Efw5aQBr9cfJGMTacDylcPe1nQJ5GQctXjbhmEA== Completed in 3ms
3905 timing metavuln:calculate:security-advisory:npm-check-updates:621IdjBdZEeVoUcjWGl1jXN0jFDGaf7dIQMeaPVKf5MxqYprJztiOC0OHOUPVoayh7Cq/fTC8L5CqEb98qlE7w== Completed in 746ms
3906 timing metavuln:cache:get:security-advisory:@fastify/static:TJO1f5BqMO4qMGONrc+X2aE91hAeJVEa64O46oNWsNPJu2NMTiGs2lLdmyRmAW0v3iBC5Nb7yZi+GFX0dYya2A== Completed in 3ms
3907 timing metavuln:cache:get:security-advisory:cacache:jgcnDPpQA6Pd0WUq11of4JS3nfZzFbYPGEiM5lXhkm38JNpJrS4nuiCNInBrG+RFBevWIak8ZWL+tkpr1DlzGg== Completed in 2ms
3908 timing metavuln:cache:get:security-advisory:js-beautify:Vg4oCCAQB/t0zzprsEbdJg6TgVHuRJw0PRholaLu8gEgXPNwujG9YYkL+R6A/jlFVJswJIA/24mjV0y67XN7RQ== Completed in 2ms
3909 timing metavuln:cache:get:security-advisory:rimraf:U6dWjEG+wBLaAeoUiIjGQdamS87vxL0a3IcTpkHufDNqr9Eagu7/CvMBwQallZVI2Pl2lkAMB2WJoO94XiR/Rw== Completed in 2ms
3910 timing metavuln:cache:get:security-advisory:read-package-json:5WkYUYsTGprHudeNOjhfcYXDGB8eWDswOp2+aJWtp1ncEbaoiGa2Q1lkBQE7lR7C0v/5HFdS8ID7fdeWkZPMug== Completed in 1ms
3911 http fetch GET 200 https://registry.npmjs.org/rimraf 139ms (cache miss)
3912 timing metavuln:packument:rimraf Completed in 141ms
3913 timing metavuln:load:security-advisory:rimraf:NTB2XjbDOgk4lkd8PZ3tUAm1F3E/ohGF6rl9/3LEO7Z0FDzSR5nWwzd3nUENA3NCNdyeR+35DOC12wPml2IV+g== Completed in 4ms
3914 timing metavuln:cache:put:security-advisory:rimraf:U6dWjEG+wBLaAeoUiIjGQdamS87vxL0a3IcTpkHufDNqr9Eagu7/CvMBwQallZVI2Pl2lkAMB2WJoO94XiR/Rw== Completed in 5ms
3915 timing metavuln:calculate:security-advisory:rimraf:NTB2XjbDOgk4lkd8PZ3tUAm1F3E/ohGF6rl9/3LEO7Z0FDzSR5nWwzd3nUENA3NCNdyeR+35DOC12wPml2IV+g== Completed in 150ms
3916 http fetch GET 200 https://registry.npmjs.org/read-package-json 178ms (cache miss)
3917 timing metavuln:packument:read-package-json Completed in 179ms
3918 timing metavuln:load:security-advisory:read-package-json:NTB2XjbDOgk4lkd8PZ3tUAm1F3E/ohGF6rl9/3LEO7Z0FDzSR5nWwzd3nUENA3NCNdyeR+35DOC12wPml2IV+g== Completed in 2ms
3919 timing metavuln:cache:put:security-advisory:read-package-json:5WkYUYsTGprHudeNOjhfcYXDGB8eWDswOp2+aJWtp1ncEbaoiGa2Q1lkBQE7lR7C0v/5HFdS8ID7fdeWkZPMug== Completed in 4ms
3920 timing metavuln:calculate:security-advisory:read-package-json:NTB2XjbDOgk4lkd8PZ3tUAm1F3E/ohGF6rl9/3LEO7Z0FDzSR5nWwzd3nUENA3NCNdyeR+35DOC12wPml2IV+g== Completed in 185ms
3921 http fetch GET 200 https://registry.npmjs.org/js-beautify 204ms (cache miss)
3922 timing metavuln:packument:js-beautify Completed in 205ms
3923 timing metavuln:load:security-advisory:js-beautify:NTB2XjbDOgk4lkd8PZ3tUAm1F3E/ohGF6rl9/3LEO7Z0FDzSR5nWwzd3nUENA3NCNdyeR+35DOC12wPml2IV+g== Completed in 2ms
3924 http fetch GET 200 https://registry.npmjs.org/@fastify%2fstatic 209ms (cache miss)
3925 timing metavuln:packument:@fastify/static Completed in 209ms
3926 timing metavuln:load:security-advisory:@fastify/static:NTB2XjbDOgk4lkd8PZ3tUAm1F3E/ohGF6rl9/3LEO7Z0FDzSR5nWwzd3nUENA3NCNdyeR+35DOC12wPml2IV+g== Completed in 1ms
3927 timing metavuln:cache:put:security-advisory:js-beautify:Vg4oCCAQB/t0zzprsEbdJg6TgVHuRJw0PRholaLu8gEgXPNwujG9YYkL+R6A/jlFVJswJIA/24mjV0y67XN7RQ== Completed in 4ms
3928 timing metavuln:calculate:security-advisory:js-beautify:NTB2XjbDOgk4lkd8PZ3tUAm1F3E/ohGF6rl9/3LEO7Z0FDzSR5nWwzd3nUENA3NCNdyeR+35DOC12wPml2IV+g== Completed in 212ms
3929 timing metavuln:cache:put:security-advisory:@fastify/static:TJO1f5BqMO4qMGONrc+X2aE91hAeJVEa64O46oNWsNPJu2NMTiGs2lLdmyRmAW0v3iBC5Nb7yZi+GFX0dYya2A== Completed in 2ms
3930 timing metavuln:calculate:security-advisory:@fastify/static:NTB2XjbDOgk4lkd8PZ3tUAm1F3E/ohGF6rl9/3LEO7Z0FDzSR5nWwzd3nUENA3NCNdyeR+35DOC12wPml2IV+g== Completed in 213ms
3931 http fetch GET 200 https://registry.npmjs.org/cacache 1287ms (cache miss)
3932 timing metavuln:packument:cacache Completed in 1288ms
3933 timing metavuln:load:security-advisory:cacache:NTB2XjbDOgk4lkd8PZ3tUAm1F3E/ohGF6rl9/3LEO7Z0FDzSR5nWwzd3nUENA3NCNdyeR+35DOC12wPml2IV+g== Completed in 1ms
3934 timing metavuln:cache:put:security-advisory:cacache:jgcnDPpQA6Pd0WUq11of4JS3nfZzFbYPGEiM5lXhkm38JNpJrS4nuiCNInBrG+RFBevWIak8ZWL+tkpr1DlzGg== Completed in 5ms
3935 timing metavuln:calculate:security-advisory:cacache:NTB2XjbDOgk4lkd8PZ3tUAm1F3E/ohGF6rl9/3LEO7Z0FDzSR5nWwzd3nUENA3NCNdyeR+35DOC12wPml2IV+g== Completed in 1294ms
3936 timing metavuln:cache:get:security-advisory:http-proxy-agent:yWh+WsUCdzVUoHJ+ukHX3VBWHgc+bzFCiNYaEHuuvW29uVMpISqXUxRqbG/B55MQ8eiu9zSwUnABxh5qJf1U0w== Completed in 1ms
3937 http fetch GET 200 https://registry.npmjs.org/http-proxy-agent 221ms (cache miss)
3938 timing metavuln:packument:http-proxy-agent Completed in 223ms
3939 timing metavuln:load:security-advisory:http-proxy-agent:Bij+qufwr7God+MYI0JIFJYEDFT3IlGllIhDaMb6DB6UZOYpGBBfXc1Jq59Wdg/M2NdGRUO2+zYnIEZHW42YDw== Completed in 0ms
3940 timing metavuln:cache:put:security-advisory:http-proxy-agent:yWh+WsUCdzVUoHJ+ukHX3VBWHgc+bzFCiNYaEHuuvW29uVMpISqXUxRqbG/B55MQ8eiu9zSwUnABxh5qJf1U0w== Completed in 3ms
3941 timing metavuln:calculate:security-advisory:http-proxy-agent:Bij+qufwr7God+MYI0JIFJYEDFT3IlGllIhDaMb6DB6UZOYpGBBfXc1Jq59Wdg/M2NdGRUO2+zYnIEZHW42YDw== Completed in 226ms
3942 timing metavuln:cache:get:security-advisory:minimatch:EdzP79sukXfwnaTxyFO/a1+fXPBBvIH9NlsgWGTGWGSpQkNPxYQxFaMxiKCAwfckwBABbsvD1jCrk+QZ4W56Rw== Completed in 0ms
3943 timing metavuln:load:security-advisory:minimatch:7IQMvcVTr+svbh5KCx4Kl6FQKJ1GciM03BnJAve/5WYJjUeRzKAIrStVpfachbl3T6a7o8nYlQEVG6Ih0TNXRg== Completed in 2ms
3944 timing metavuln:cache:put:security-advisory:minimatch:EdzP79sukXfwnaTxyFO/a1+fXPBBvIH9NlsgWGTGWGSpQkNPxYQxFaMxiKCAwfckwBABbsvD1jCrk+QZ4W56Rw== Completed in 4ms
3945 timing metavuln:calculate:security-advisory:minimatch:7IQMvcVTr+svbh5KCx4Kl6FQKJ1GciM03BnJAve/5WYJjUeRzKAIrStVpfachbl3T6a7o8nYlQEVG6Ih0TNXRg== Completed in 6ms
3946 timing metavuln:cache:get:security-advisory:minimatch:47aVejY8/1KnEnFlTo+uF90a7w1XvtOjMP1i7DvyX4+jxy/wlG4RjX1rMW+bmptQMpL8TSkcMyWTMH7gxl9Fpg== Completed in 0ms
3947 timing metavuln:load:security-advisory:minimatch:mClmYqWawCNXseeTBHWiIwZH/2CmFUqPCmosJIeOhAgD9z1v3SayhHAwaWVo8wmeKU/JN9VP4zDBeXaqy3Ay2A== Completed in 2ms
3948 timing metavuln:cache:put:security-advisory:minimatch:47aVejY8/1KnEnFlTo+uF90a7w1XvtOjMP1i7DvyX4+jxy/wlG4RjX1rMW+bmptQMpL8TSkcMyWTMH7gxl9Fpg== Completed in 3ms
3949 timing metavuln:calculate:security-advisory:minimatch:mClmYqWawCNXseeTBHWiIwZH/2CmFUqPCmosJIeOhAgD9z1v3SayhHAwaWVo8wmeKU/JN9VP4zDBeXaqy3Ay2A== Completed in 5ms
3950 timing metavuln:cache:get:security-advisory:@eslint/eslintrc:ekjU9xvLMIGZ60VAS3cJiXhpLVygLLVhrX5j5gbU96muSnaowg56B//Z2ieRbqnSyEhXO09OAWrrIfGViIVogQ== Completed in 2ms
3951 timing metavuln:load:security-advisory:@eslint/eslintrc:V/3cIcyAQcG1bwuH0e0PI9Qt5WRtbvb/WOz2mBxAfNzXf+Dvs9G1X05eHjnPq2b0TJY4zXXpqhCAkRAipgk3iQ== Completed in 1ms
3952 timing metavuln:cache:get:security-advisory:@humanwhocodes/config-array:Tk7QyZJ/5FJIVNFvkr1kqYAW2HdFmlGmqor9USZiENZhVXh0kmlTve1snlA6YKmRt6Vc/ua7GMSY9wOQLaXfEQ== Completed in 3ms
3953 timing metavuln:cache:get:security-advisory:glob:SiaR+x876RZ4PrtFfgITl2I3eRZNkCbXOr2JdOKzsfFOqrFtyoEMmqMabD5D9LbuunJXr2ioG0JXsVQhURvrcw== Completed in 3ms
3954 timing metavuln:load:security-advisory:glob:V/3cIcyAQcG1bwuH0e0PI9Qt5WRtbvb/WOz2mBxAfNzXf+Dvs9G1X05eHjnPq2b0TJY4zXXpqhCAkRAipgk3iQ== Completed in 10ms
3955 timing metavuln:cache:get:security-advisory:eslint:ev5azc2U50vUYTqLo2/jaU7l8ps6Yvlqzkyp5OLr37QKqPK3+eCnjR+sureWWgBbnj1subBH7GupBmACDEZ2Mw== Completed in 13ms
3956 timing metavuln:load:security-advisory:eslint:V/3cIcyAQcG1bwuH0e0PI9Qt5WRtbvb/WOz2mBxAfNzXf+Dvs9G1X05eHjnPq2b0TJY4zXXpqhCAkRAipgk3iQ== Completed in 7ms
3957 timing metavuln:cache:get:security-advisory:eslint-plugin-import:8kV5Y/kp5eDWHoCxaxP2GpSM+URcZdaiGzBLqLCUL1aFnqNJYOG1MA8HRImPYwbeSnjoD4UdCemYrgpPgqe0nQ== Completed in 21ms
3958 timing metavuln:cache:get:security-advisory:test-exclude:De4LSt7GFd/3aSdpF9X0QBXe74F5SOyZn84x+XzVHWPULZ2n4LHZiiFowGX/Gy/2DxKjKrSmy5eilhUTqfLeXA== Completed in 20ms
3959 timing metavuln:cache:put:security-advisory:eslint:ev5azc2U50vUYTqLo2/jaU7l8ps6Yvlqzkyp5OLr37QKqPK3+eCnjR+sureWWgBbnj1subBH7GupBmACDEZ2Mw== Completed in 5ms
3960 timing metavuln:calculate:security-advisory:eslint:V/3cIcyAQcG1bwuH0e0PI9Qt5WRtbvb/WOz2mBxAfNzXf+Dvs9G1X05eHjnPq2b0TJY4zXXpqhCAkRAipgk3iQ== Completed in 25ms
3961 timing metavuln:cache:put:security-advisory:@eslint/eslintrc:ekjU9xvLMIGZ60VAS3cJiXhpLVygLLVhrX5j5gbU96muSnaowg56B//Z2ieRbqnSyEhXO09OAWrrIfGViIVogQ== Completed in 22ms
3962 timing metavuln:calculate:security-advisory:@eslint/eslintrc:V/3cIcyAQcG1bwuH0e0PI9Qt5WRtbvb/WOz2mBxAfNzXf+Dvs9G1X05eHjnPq2b0TJY4zXXpqhCAkRAipgk3iQ== Completed in 25ms
3963 timing metavuln:cache:put:security-advisory:glob:SiaR+x876RZ4PrtFfgITl2I3eRZNkCbXOr2JdOKzsfFOqrFtyoEMmqMabD5D9LbuunJXr2ioG0JXsVQhURvrcw== Completed in 12ms
3964 timing metavuln:calculate:security-advisory:glob:V/3cIcyAQcG1bwuH0e0PI9Qt5WRtbvb/WOz2mBxAfNzXf+Dvs9G1X05eHjnPq2b0TJY4zXXpqhCAkRAipgk3iQ== Completed in 25ms
3965 http fetch GET 200 https://registry.npmjs.org/test-exclude 174ms (cache miss)
3966 timing metavuln:packument:test-exclude Completed in 175ms
3967 timing metavuln:load:security-advisory:test-exclude:V/3cIcyAQcG1bwuH0e0PI9Qt5WRtbvb/WOz2mBxAfNzXf+Dvs9G1X05eHjnPq2b0TJY4zXXpqhCAkRAipgk3iQ== Completed in 0ms
3968 timing metavuln:cache:put:security-advisory:test-exclude:De4LSt7GFd/3aSdpF9X0QBXe74F5SOyZn84x+XzVHWPULZ2n4LHZiiFowGX/Gy/2DxKjKrSmy5eilhUTqfLeXA== Completed in 3ms
3969 timing metavuln:calculate:security-advisory:test-exclude:V/3cIcyAQcG1bwuH0e0PI9Qt5WRtbvb/WOz2mBxAfNzXf+Dvs9G1X05eHjnPq2b0TJY4zXXpqhCAkRAipgk3iQ== Completed in 178ms
3970 info run better-sqlite3@8.7.0 install { code: 0, signal: null }
3971 timing build:run:install:node_modules/better-sqlite3 Completed in 2803ms
3972 http fetch GET 200 https://registry.npmjs.org/@humanwhocodes%2fconfig-array 295ms (cache miss)
3973 timing metavuln:packument:@humanwhocodes/config-array Completed in 296ms
3974 timing metavuln:load:security-advisory:@humanwhocodes/config-array:V/3cIcyAQcG1bwuH0e0PI9Qt5WRtbvb/WOz2mBxAfNzXf+Dvs9G1X05eHjnPq2b0TJY4zXXpqhCAkRAipgk3iQ== Completed in 0ms
3975 timing metavuln:cache:put:security-advisory:@humanwhocodes/config-array:Tk7QyZJ/5FJIVNFvkr1kqYAW2HdFmlGmqor9USZiENZhVXh0kmlTve1snlA6YKmRt6Vc/ua7GMSY9wOQLaXfEQ== Completed in 3ms
3976 timing metavuln:calculate:security-advisory:@humanwhocodes/config-array:V/3cIcyAQcG1bwuH0e0PI9Qt5WRtbvb/WOz2mBxAfNzXf+Dvs9G1X05eHjnPq2b0TJY4zXXpqhCAkRAipgk3iQ== Completed in 299ms
3977 http fetch GET 200 https://registry.npmjs.org/eslint-plugin-import 424ms (cache miss)
3978 timing metavuln:packument:eslint-plugin-import Completed in 428ms
3979 timing metavuln:load:security-advisory:eslint-plugin-import:V/3cIcyAQcG1bwuH0e0PI9Qt5WRtbvb/WOz2mBxAfNzXf+Dvs9G1X05eHjnPq2b0TJY4zXXpqhCAkRAipgk3iQ== Completed in 0ms
3980 timing metavuln:cache:put:security-advisory:eslint-plugin-import:8kV5Y/kp5eDWHoCxaxP2GpSM+URcZdaiGzBLqLCUL1aFnqNJYOG1MA8HRImPYwbeSnjoD4UdCemYrgpPgqe0nQ== Completed in 2ms
3981 timing metavuln:calculate:security-advisory:eslint-plugin-import:V/3cIcyAQcG1bwuH0e0PI9Qt5WRtbvb/WOz2mBxAfNzXf+Dvs9G1X05eHjnPq2b0TJY4zXXpqhCAkRAipgk3iQ== Completed in 432ms
3982 timing metavuln:cache:get:security-advisory:glob:R4X+WnpDwtUFUv4hhCOieVu7cXYbSHCEovFByswSd9q6FLTbUcFBMmqOz6HDB3PanEPMgXwCTV2vlizoY9cSfg== Completed in 0ms
3983 timing metavuln:load:security-advisory:glob:/utMkAt3a6jSPsaWIJ1J7tAb7G+ccGxNsymbhFTVWOMIyhRZOJ9QR0zn1SNtejrdUO5fsO4RDJKDMI6C5/bkuw== Completed in 4ms
3984 timing metavuln:cache:put:security-advisory:glob:R4X+WnpDwtUFUv4hhCOieVu7cXYbSHCEovFByswSd9q6FLTbUcFBMmqOz6HDB3PanEPMgXwCTV2vlizoY9cSfg== Completed in 5ms
3985 timing metavuln:calculate:security-advisory:glob:/utMkAt3a6jSPsaWIJ1J7tAb7G+ccGxNsymbhFTVWOMIyhRZOJ9QR0zn1SNtejrdUO5fsO4RDJKDMI6C5/bkuw== Completed in 9ms
3986 timing metavuln:cache:get:security-advisory:@tufjs/models:4wxcDKEpUGR0GG34YoeguhvYrrA8gnDi+bbFPvJ1ftFhtA8GKofd1Zc9djffF9x3DYxzUuaf4dF+iJVeG77ZkQ== Completed in 3ms
3987 timing metavuln:cache:get:security-advisory:editorconfig:/pief47seGDBHnUOHcdf4vh8S5av/gmYGMH6T5uy3DhJchX5AykoNsEcl2U0K2kYnXDy3Q1HW14AEdN7s+Mmhw== Completed in 2ms
3988 timing metavuln:cache:get:security-advisory:glob:2gIChGnRwWJwoiDYphyLHqddJdZn+GRoNVbvpZ1vkwu0FmPASo3fUYL/YAIcdH4PhvoZ7didmLmcNsz6RTrveQ== Completed in 1ms
3989 timing metavuln:load:security-advisory:glob:B00WbbnnDNaFGA7l9BgrTioYpRMzU4+U8SUF8cn65LwArJAK0O380QwyP/UyxPr7i9XUjX9/AADC41/edu9OrA== Completed in 4ms
3990 timing metavuln:cache:get:security-advisory:ignore-walk:b0cI17MNlfsNzPHVnJnFHuGz6GP1AHCbc+TCdgowf9biWQZxg/Uqvqnya2SlfuePnqBI3YsbXp/211wT8oLsfQ== Completed in 6ms
3991 timing metavuln:cache:get:security-advisory:npm-check-updates:NcSy0P0mDK4VB/jfgMEeZpnhDP3GWx7OK1y46OcJ/EYGlWfFAkSvj/d77h1tDslj20pfQ88gclUYChhCMUrp7A== Completed in 5ms
3992 timing metavuln:load:security-advisory:npm-check-updates:B00WbbnnDNaFGA7l9BgrTioYpRMzU4+U8SUF8cn65LwArJAK0O380QwyP/UyxPr7i9XUjX9/AADC41/edu9OrA== Completed in 5ms
3993 timing metavuln:cache:put:security-advisory:npm-check-updates:NcSy0P0mDK4VB/jfgMEeZpnhDP3GWx7OK1y46OcJ/EYGlWfFAkSvj/d77h1tDslj20pfQ88gclUYChhCMUrp7A== Completed in 6ms
3994 timing metavuln:calculate:security-advisory:npm-check-updates:B00WbbnnDNaFGA7l9BgrTioYpRMzU4+U8SUF8cn65LwArJAK0O380QwyP/UyxPr7i9XUjX9/AADC41/edu9OrA== Completed in 16ms
3995 timing metavuln:cache:put:security-advisory:glob:2gIChGnRwWJwoiDYphyLHqddJdZn+GRoNVbvpZ1vkwu0FmPASo3fUYL/YAIcdH4PhvoZ7didmLmcNsz6RTrveQ== Completed in 12ms
3996 timing metavuln:calculate:security-advisory:glob:B00WbbnnDNaFGA7l9BgrTioYpRMzU4+U8SUF8cn65LwArJAK0O380QwyP/UyxPr7i9XUjX9/AADC41/edu9OrA== Completed in 18ms
3997 http fetch GET 200 https://registry.npmjs.org/editorconfig 118ms (cache miss)
3998 timing metavuln:packument:editorconfig Completed in 120ms
3999 timing metavuln:load:security-advisory:editorconfig:B00WbbnnDNaFGA7l9BgrTioYpRMzU4+U8SUF8cn65LwArJAK0O380QwyP/UyxPr7i9XUjX9/AADC41/edu9OrA== Completed in 1ms
4000 timing metavuln:cache:put:security-advisory:editorconfig:/pief47seGDBHnUOHcdf4vh8S5av/gmYGMH6T5uy3DhJchX5AykoNsEcl2U0K2kYnXDy3Q1HW14AEdN7s+Mmhw== Completed in 4ms
4001 timing metavuln:calculate:security-advisory:editorconfig:B00WbbnnDNaFGA7l9BgrTioYpRMzU4+U8SUF8cn65LwArJAK0O380QwyP/UyxPr7i9XUjX9/AADC41/edu9OrA== Completed in 126ms
4002 http fetch GET 200 https://registry.npmjs.org/ignore-walk 151ms (cache miss)
4003 timing metavuln:packument:ignore-walk Completed in 152ms
4004 timing metavuln:load:security-advisory:ignore-walk:B00WbbnnDNaFGA7l9BgrTioYpRMzU4+U8SUF8cn65LwArJAK0O380QwyP/UyxPr7i9XUjX9/AADC41/edu9OrA== Completed in 0ms
4005 timing metavuln:cache:put:security-advisory:ignore-walk:b0cI17MNlfsNzPHVnJnFHuGz6GP1AHCbc+TCdgowf9biWQZxg/Uqvqnya2SlfuePnqBI3YsbXp/211wT8oLsfQ== Completed in 3ms
4006 timing metavuln:calculate:security-advisory:ignore-walk:B00WbbnnDNaFGA7l9BgrTioYpRMzU4+U8SUF8cn65LwArJAK0O380QwyP/UyxPr7i9XUjX9/AADC41/edu9OrA== Completed in 155ms
4007 http fetch GET 200 https://registry.npmjs.org/@tufjs%2fmodels 164ms (cache miss)
4008 timing metavuln:packument:@tufjs/models Completed in 165ms
4009 timing metavuln:load:security-advisory:@tufjs/models:B00WbbnnDNaFGA7l9BgrTioYpRMzU4+U8SUF8cn65LwArJAK0O380QwyP/UyxPr7i9XUjX9/AADC41/edu9OrA== Completed in 1ms
4010 timing metavuln:cache:put:security-advisory:@tufjs/models:4wxcDKEpUGR0GG34YoeguhvYrrA8gnDi+bbFPvJ1ftFhtA8GKofd1Zc9djffF9x3DYxzUuaf4dF+iJVeG77ZkQ== Completed in 3ms
4011 timing metavuln:calculate:security-advisory:@tufjs/models:B00WbbnnDNaFGA7l9BgrTioYpRMzU4+U8SUF8cn65LwArJAK0O380QwyP/UyxPr7i9XUjX9/AADC41/edu9OrA== Completed in 169ms
4012 timing metavuln:cache:get:security-advisory:chokidar:LU+YLfVnn6vFXVAvnsGqd58Rz8g6tJ60ZMP+wazsDeQPoFbTHjxfCKIpn7lW6acFOIKvNjhthFMXqTIaWevt+w== Completed in 1ms
4013 timing metavuln:cache:get:security-advisory:micromatch:KLlQrQSexijh/BbB4FSM3fP0/MIDSj3iMiApgG1JwuVrHt48fzZ8fAIdgNu2TyvXdqnfHV2kIjol+N5OzsIiGQ== Completed in 0ms
4014 timing metavuln:load:security-advisory:micromatch:JiXBFkEDkUnBQLw3PO6emUmmm2JXqgEbh+FhB3SNDS8k6Z0wM20irrfaOjjxYuMxZaKaDudvR037mtEoeqZzXw== Completed in 2ms
4015 timing metavuln:cache:put:security-advisory:micromatch:KLlQrQSexijh/BbB4FSM3fP0/MIDSj3iMiApgG1JwuVrHt48fzZ8fAIdgNu2TyvXdqnfHV2kIjol+N5OzsIiGQ== Completed in 3ms
4016 timing metavuln:calculate:security-advisory:micromatch:JiXBFkEDkUnBQLw3PO6emUmmm2JXqgEbh+FhB3SNDS8k6Z0wM20irrfaOjjxYuMxZaKaDudvR037mtEoeqZzXw== Completed in 5ms
4017 info run sqlite3@5.1.7 install { code: 0, signal: null }
4018 timing build:run:install:node_modules/sqlite3 Completed in 3477ms
4019 http fetch GET 200 https://registry.npmjs.org/chokidar 407ms (cache miss)
4020 timing metavuln:packument:chokidar Completed in 409ms
4021 timing metavuln:load:security-advisory:chokidar:JiXBFkEDkUnBQLw3PO6emUmmm2JXqgEbh+FhB3SNDS8k6Z0wM20irrfaOjjxYuMxZaKaDudvR037mtEoeqZzXw== Completed in 1ms
4022 timing metavuln:cache:put:security-advisory:chokidar:LU+YLfVnn6vFXVAvnsGqd58Rz8g6tJ60ZMP+wazsDeQPoFbTHjxfCKIpn7lW6acFOIKvNjhthFMXqTIaWevt+w== Completed in 3ms
4023 timing metavuln:calculate:security-advisory:chokidar:JiXBFkEDkUnBQLw3PO6emUmmm2JXqgEbh+FhB3SNDS8k6Z0wM20irrfaOjjxYuMxZaKaDudvR037mtEoeqZzXw== Completed in 413ms
4024 timing metavuln:cache:get:security-advisory:light-my-request:UfYeYMGFnlVOh6z1dqFizSqjGi7YyyQMRc3JQ1VnZ/OBVx1zGC6e+b6mEKG/IaRMMtjP5WJ2749QJ6iB38mozA== Completed in 1ms
4025 timing metavuln:cache:get:security-advisory:youch:GCj7wAVwXmpdpHsZ3FBltk4ddq703nJZceXkq77o3f+gaNLubEhWMdGOuTbsQUIPAj4PXvzoyIJlnaLab4wWyA== Completed in 0ms
4026 http fetch GET 200 https://registry.npmjs.org/youch 158ms (cache miss)
4027 timing metavuln:packument:youch Completed in 159ms
4028 timing metavuln:load:security-advisory:youch:EFt7h/FZLeopARa06+F2CBY5ItUm007mP/cHgZjTJZX1MeIwg3JD7toSioRoDeE8wm5VdkimqlS+CnuPhZqbIg== Completed in 1ms
4029 timing metavuln:cache:put:security-advisory:youch:GCj7wAVwXmpdpHsZ3FBltk4ddq703nJZceXkq77o3f+gaNLubEhWMdGOuTbsQUIPAj4PXvzoyIJlnaLab4wWyA== Completed in 3ms
4030 timing metavuln:calculate:security-advisory:youch:EFt7h/FZLeopARa06+F2CBY5ItUm007mP/cHgZjTJZX1MeIwg3JD7toSioRoDeE8wm5VdkimqlS+CnuPhZqbIg== Completed in 163ms
4031 http fetch GET 200 https://registry.npmjs.org/light-my-request 188ms (cache miss)
4032 timing metavuln:packument:light-my-request Completed in 189ms
4033 timing metavuln:load:security-advisory:light-my-request:EFt7h/FZLeopARa06+F2CBY5ItUm007mP/cHgZjTJZX1MeIwg3JD7toSioRoDeE8wm5VdkimqlS+CnuPhZqbIg== Completed in 2ms
4034 timing metavuln:cache:put:security-advisory:light-my-request:UfYeYMGFnlVOh6z1dqFizSqjGi7YyyQMRc3JQ1VnZ/OBVx1zGC6e+b6mEKG/IaRMMtjP5WJ2749QJ6iB38mozA== Completed in 3ms
4035 timing metavuln:calculate:security-advisory:light-my-request:EFt7h/FZLeopARa06+F2CBY5ItUm007mP/cHgZjTJZX1MeIwg3JD7toSioRoDeE8wm5VdkimqlS+CnuPhZqbIg== Completed in 194ms
4036 timing metavuln:cache:get:security-advisory:eslint:Ne/yNy0L08mqT6jqvFBG8ZHWrqAHuxGdNEOgZtub3Su4R2LUTaqbxpX8S30zZ7tis85Jmwxbqft0hpk4j9A12Q== Completed in 4ms
4037 timing metavuln:load:security-advisory:eslint:PBcc/5P1UEO/1Ba/jUNR65wOzs1wU0Y+m+OOSfB57dG5EajzjbqRMRm0l7MWqcJgHDYM5GoZ36Hm7qAYFlIH3A== Completed in 3ms
4038 timing metavuln:cache:get:security-advisory:execa:NWBEPrq1Krr7nahht+VdDSoXe5QCSkDBW+KpXfGL4TrZAModumScH8x3aPKXTD343uDMIN2l7nchl5/7a95SBQ== Completed in 7ms
4039 timing metavuln:cache:get:security-advisory:foreground-child:cZpBeVkHEpw8jHC+EKy88Laxrd1ur7RE5Fx7lVjtRJXjrwMFQVN00FKtYlT+IVZhQkq/19Fig8voVSYNZLEz1A== Completed in 8ms
4040 timing metavuln:cache:get:security-advisory:spawn-please:BphxFlmJVCef0edSeSF2BBo1sZe5hLcWnzmHf+irjeKMNwbxNw9WEGlLkVE/W1BkHcitZjhQlZeuv4+pMFyKkA== Completed in 7ms
4041 timing metavuln:cache:get:security-advisory:webpack-cli:H2hTN4ZrDsX5Zga3r5FRbvgrU/fAJrT+jD7Bz8Z/htxanE2nyrKoffoyQCLOAfjqlf9EjPscG8l86nb6rOFcdg== Completed in 7ms
4042 timing metavuln:cache:put:security-advisory:eslint:Ne/yNy0L08mqT6jqvFBG8ZHWrqAHuxGdNEOgZtub3Su4R2LUTaqbxpX8S30zZ7tis85Jmwxbqft0hpk4j9A12Q== Completed in 5ms
4043 timing metavuln:calculate:security-advisory:eslint:PBcc/5P1UEO/1Ba/jUNR65wOzs1wU0Y+m+OOSfB57dG5EajzjbqRMRm0l7MWqcJgHDYM5GoZ36Hm7qAYFlIH3A== Completed in 13ms
4044 http fetch GET 200 https://registry.npmjs.org/foreground-child 94ms (cache miss)
4045 timing metavuln:packument:foreground-child Completed in 95ms
4046 timing metavuln:load:security-advisory:foreground-child:PBcc/5P1UEO/1Ba/jUNR65wOzs1wU0Y+m+OOSfB57dG5EajzjbqRMRm0l7MWqcJgHDYM5GoZ36Hm7qAYFlIH3A== Completed in 0ms
4047 timing metavuln:cache:put:security-advisory:foreground-child:cZpBeVkHEpw8jHC+EKy88Laxrd1ur7RE5Fx7lVjtRJXjrwMFQVN00FKtYlT+IVZhQkq/19Fig8voVSYNZLEz1A== Completed in 3ms
4048 timing metavuln:calculate:security-advisory:foreground-child:PBcc/5P1UEO/1Ba/jUNR65wOzs1wU0Y+m+OOSfB57dG5EajzjbqRMRm0l7MWqcJgHDYM5GoZ36Hm7qAYFlIH3A== Completed in 99ms
4049 http fetch GET 200 https://registry.npmjs.org/execa 120ms (cache miss)
4050 timing metavuln:packument:execa Completed in 121ms
4051 timing metavuln:load:security-advisory:execa:PBcc/5P1UEO/1Ba/jUNR65wOzs1wU0Y+m+OOSfB57dG5EajzjbqRMRm0l7MWqcJgHDYM5GoZ36Hm7qAYFlIH3A== Completed in 0ms
4052 timing metavuln:cache:put:security-advisory:execa:NWBEPrq1Krr7nahht+VdDSoXe5QCSkDBW+KpXfGL4TrZAModumScH8x3aPKXTD343uDMIN2l7nchl5/7a95SBQ== Completed in 3ms
4053 timing metavuln:calculate:security-advisory:execa:PBcc/5P1UEO/1Ba/jUNR65wOzs1wU0Y+m+OOSfB57dG5EajzjbqRMRm0l7MWqcJgHDYM5GoZ36Hm7qAYFlIH3A== Completed in 124ms
4054 http fetch GET 200 https://registry.npmjs.org/webpack-cli 158ms (cache miss)
4055 timing metavuln:packument:webpack-cli Completed in 160ms
4056 timing metavuln:load:security-advisory:webpack-cli:PBcc/5P1UEO/1Ba/jUNR65wOzs1wU0Y+m+OOSfB57dG5EajzjbqRMRm0l7MWqcJgHDYM5GoZ36Hm7qAYFlIH3A== Completed in 2ms
4057 timing metavuln:cache:put:security-advisory:webpack-cli:H2hTN4ZrDsX5Zga3r5FRbvgrU/fAJrT+jD7Bz8Z/htxanE2nyrKoffoyQCLOAfjqlf9EjPscG8l86nb6rOFcdg== Completed in 2ms
4058 timing metavuln:calculate:security-advisory:webpack-cli:PBcc/5P1UEO/1Ba/jUNR65wOzs1wU0Y+m+OOSfB57dG5EajzjbqRMRm0l7MWqcJgHDYM5GoZ36Hm7qAYFlIH3A== Completed in 164ms
4059 http fetch GET 200 https://registry.npmjs.org/spawn-please 262ms (cache miss)
4060 timing metavuln:packument:spawn-please Completed in 263ms
4061 timing metavuln:load:security-advisory:spawn-please:PBcc/5P1UEO/1Ba/jUNR65wOzs1wU0Y+m+OOSfB57dG5EajzjbqRMRm0l7MWqcJgHDYM5GoZ36Hm7qAYFlIH3A== Completed in 0ms
4062 timing metavuln:cache:put:security-advisory:spawn-please:BphxFlmJVCef0edSeSF2BBo1sZe5hLcWnzmHf+irjeKMNwbxNw9WEGlLkVE/W1BkHcitZjhQlZeuv4+pMFyKkA== Completed in 2ms
4063 timing metavuln:calculate:security-advisory:spawn-please:PBcc/5P1UEO/1Ba/jUNR65wOzs1wU0Y+m+OOSfB57dG5EajzjbqRMRm0l7MWqcJgHDYM5GoZ36Hm7qAYFlIH3A== Completed in 266ms
4064 timing metavuln:cache:get:security-advisory:sequelize:2c+7MTiFWSUCJPZxAs7noUYJMH/zTVc+k+d+icdT1NTlCxv5zo3ztT6FpxiyBnOHFRUNoxc6nR/Q0/DZwqqSKA== Completed in 0ms
4065 timing metavuln:load:security-advisory:sequelize:0ACVlgh2XixrZ76V6Aw4AGmXe/vScI8AGIUQKFGZaYZxp4MyNabKSDBfLcT9XlERSFeHYQ9hiMRtZaHo1b3mTw== Completed in 9ms
4066 timing metavuln:cache:put:security-advisory:sequelize:2c+7MTiFWSUCJPZxAs7noUYJMH/zTVc+k+d+icdT1NTlCxv5zo3ztT6FpxiyBnOHFRUNoxc6nR/Q0/DZwqqSKA== Completed in 3ms
4067 timing metavuln:calculate:security-advisory:sequelize:0ACVlgh2XixrZ76V6Aw4AGmXe/vScI8AGIUQKFGZaYZxp4MyNabKSDBfLcT9XlERSFeHYQ9hiMRtZaHo1b3mTw== Completed in 13ms
4068 timing metavuln:cache:get:security-advisory:fastify-cli:QaslBeMuAEoSjIJGc7+wAYc4T7XpFaCnbJI8/c0a2JIyJvbwAad9SK12c7/eNgGCnrx8g4UQ77MsJaZXoAIODA== Completed in 1ms
4069 http fetch GET 200 https://registry.npmjs.org/fastify-cli 909ms (cache miss)
4070 timing metavuln:packument:fastify-cli Completed in 911ms
4071 timing metavuln:load:security-advisory:fastify-cli:5OdrwYv5Xzq+rI3bchsuaHIz85Yyo5gTdhOrQGf2Em7pRhXXR2ur0R7W7qQ6UpWsSxuRBW8Fdp57dyqUhR5/yw== Completed in 23ms
4072 timing metavuln:cache:put:security-advisory:fastify-cli:QaslBeMuAEoSjIJGc7+wAYc4T7XpFaCnbJI8/c0a2JIyJvbwAad9SK12c7/eNgGCnrx8g4UQ77MsJaZXoAIODA== Completed in 3ms
4073 timing metavuln:calculate:security-advisory:fastify-cli:5OdrwYv5Xzq+rI3bchsuaHIz85Yyo5gTdhOrQGf2Em7pRhXXR2ur0R7W7qQ6UpWsSxuRBW8Fdp57dyqUhR5/yw== Completed in 937ms
4074 timing metavuln:cache:get:security-advisory:fastify:r+d4AOedJNNM2JvdD79Tj/5Xqtya7yxHwFWKqG0+AJKMFl1K4au+8puJfPaPI6uOm9P0a/JHng7JwWmTuMXQJg== Completed in 1ms
4075 timing metavuln:load:security-advisory:fastify:ncPGiupWBmuLy3osYbi6NeA3zAkV0H2ETbz204QySGfjGMvhOUrckXpvAqjVyzsYU9NNJZrPHuMSulTPi+/bfw== Completed in 10ms
4076 timing metavuln:cache:put:security-advisory:fastify:r+d4AOedJNNM2JvdD79Tj/5Xqtya7yxHwFWKqG0+AJKMFl1K4au+8puJfPaPI6uOm9P0a/JHng7JwWmTuMXQJg== Completed in 4ms
4077 timing metavuln:calculate:security-advisory:fastify:ncPGiupWBmuLy3osYbi6NeA3zAkV0H2ETbz204QySGfjGMvhOUrckXpvAqjVyzsYU9NNJZrPHuMSulTPi+/bfw== Completed in 15ms
4078 timing metavuln:cache:get:security-advisory:flat-cache:JhiW4rt37xHiozZ7KHa24qUwDKaqeEmfEKkkfEIx/3FvJpogNevZOLgbh2yXpecOg6mIB2Ykrg7bF88g6uOdtQ== Completed in 1ms
4079 http fetch GET 200 https://registry.npmjs.org/flat-cache 92ms (cache miss)
4080 timing metavuln:packument:flat-cache Completed in 93ms
4081 timing metavuln:load:security-advisory:flat-cache:oa7V2KnuHnLCPcrXFvcQLRAa1NASGJm9yZ+B92xpfwxan7PZyVrZjYAHt6LB51PFfA2mM8KGE+VHR+U5X/2uZw== Completed in 1ms
4082 timing metavuln:cache:put:security-advisory:flat-cache:JhiW4rt37xHiozZ7KHa24qUwDKaqeEmfEKkkfEIx/3FvJpogNevZOLgbh2yXpecOg6mIB2Ykrg7bF88g6uOdtQ== Completed in 4ms
4083 timing metavuln:calculate:security-advisory:flat-cache:oa7V2KnuHnLCPcrXFvcQLRAa1NASGJm9yZ+B92xpfwxan7PZyVrZjYAHt6LB51PFfA2mM8KGE+VHR+U5X/2uZw== Completed in 99ms
4084 timing metavuln:cache:get:security-advisory:socks:re7e5WgYC0N2yCcyKEpIVOef1b0RSDx7Y0SpqokON2S0og4NBc+basQ12t25Rom7giF5cYm2S3iMuCSJlhszhQ== Completed in 1ms
4085 http fetch GET 200 https://registry.npmjs.org/socks 86ms (cache miss)
4086 timing metavuln:packument:socks Completed in 87ms
4087 timing metavuln:load:security-advisory:socks:FcMhhitnipE8n5zCPiVRq2NLRNmu7UZkoO9lrM5CRC/emGwY5wSoa1+q1Q1Z8SPpfXO9tzox/MNRv7luhyJvqg== Completed in 2ms
4088 timing metavuln:cache:put:security-advisory:socks:re7e5WgYC0N2yCcyKEpIVOef1b0RSDx7Y0SpqokON2S0og4NBc+basQ12t25Rom7giF5cYm2S3iMuCSJlhszhQ== Completed in 2ms
4089 timing metavuln:calculate:security-advisory:socks:FcMhhitnipE8n5zCPiVRq2NLRNmu7UZkoO9lrM5CRC/emGwY5wSoa1+q1Q1Z8SPpfXO9tzox/MNRv7luhyJvqg== Completed in 91ms
4090 timing metavuln:cache:get:security-advisory:concurrently:jiZST4CUOZqAcB148diLa/4Cl5k4iCySK9zdGlvkCsjY7gOsOKgF1bXrv0HVQ59659xB7IRMqiwz7OjSmmlI2A== Completed in 2ms
4091 timing metavuln:cache:get:security-advisory:fastify-method-override:Bqz+OF3vj0F87stMKdz1zylGKE8NtgbAnp+RZ3DJo39FnbGBc9ivPmiN5C555vtAiYaLfttwTSWvQJASKYlV+g== Completed in 2ms
4092 timing metavuln:cache:get:security-advisory:knex:xzQLfa/l/BfN0UEm9OtwynMKedL9/kO38LYgtlMfN1NRGlgdM9PLi7IBDcrEUwXptCI+3DFMsmKvgOBQABYQIg== Completed in 2ms
4093 timing metavuln:cache:get:security-advisory:npm-check-updates:A6NzIFMr80r0b1G9uUOQ0/grfi8yyFDdzuwuYW8DK9LvNPoFVCV/JNyfXSOvhpY4YoiS1cD5RZNrCp4jVIMUcA== Completed in 2ms
4094 timing metavuln:load:security-advisory:npm-check-updates:OGNA5lR8rR8aeucWHqvJLBV5oaroI/lF2JfG9J2l63dx9uiGUyHuI4ymC6nv+dqWwxtqCIMcqBukiWYEiF5/RQ== Completed in 6ms
4095 timing metavuln:cache:get:security-advisory:sequelize:r0MmEGzxD6KLAwNM3KBOGbsgcIwLr/u67tvBlP/WGRII+/x23SPDMJr9YFGH4PZnjbGjd3bV0ODq63Uq+hGltQ== Completed in 7ms
4096 timing metavuln:load:security-advisory:sequelize:OGNA5lR8rR8aeucWHqvJLBV5oaroI/lF2JfG9J2l63dx9uiGUyHuI4ymC6nv+dqWwxtqCIMcqBukiWYEiF5/RQ== Completed in 15ms
4097 timing metavuln:cache:get:security-advisory:sequelize-cli:3hCNawRrl1ZM9szQIsCm0ai0rc4PV/6RtC9zvtR1XrrMTkmgViBTBXBxUsZapXSIBuUSRRFcJTnmgRvBUf/9nA== Completed in 23ms
4098 timing metavuln:cache:put:security-advisory:npm-check-updates:A6NzIFMr80r0b1G9uUOQ0/grfi8yyFDdzuwuYW8DK9LvNPoFVCV/JNyfXSOvhpY4YoiS1cD5RZNrCp4jVIMUcA== Completed in 23ms
4099 timing metavuln:calculate:security-advisory:npm-check-updates:OGNA5lR8rR8aeucWHqvJLBV5oaroI/lF2JfG9J2l63dx9uiGUyHuI4ymC6nv+dqWwxtqCIMcqBukiWYEiF5/RQ== Completed in 31ms
4100 timing metavuln:cache:put:security-advisory:sequelize:r0MmEGzxD6KLAwNM3KBOGbsgcIwLr/u67tvBlP/WGRII+/x23SPDMJr9YFGH4PZnjbGjd3bV0ODq63Uq+hGltQ== Completed in 8ms
4101 timing metavuln:calculate:security-advisory:sequelize:OGNA5lR8rR8aeucWHqvJLBV5oaroI/lF2JfG9J2l63dx9uiGUyHuI4ymC6nv+dqWwxtqCIMcqBukiWYEiF5/RQ== Completed in 32ms
4102 http fetch GET 200 https://registry.npmjs.org/sequelize-cli 124ms (cache miss)
4103 timing metavuln:packument:sequelize-cli Completed in 126ms
4104 timing metavuln:load:security-advisory:sequelize-cli:OGNA5lR8rR8aeucWHqvJLBV5oaroI/lF2JfG9J2l63dx9uiGUyHuI4ymC6nv+dqWwxtqCIMcqBukiWYEiF5/RQ== Completed in 3ms
4105 timing metavuln:cache:put:security-advisory:sequelize-cli:3hCNawRrl1ZM9szQIsCm0ai0rc4PV/6RtC9zvtR1XrrMTkmgViBTBXBxUsZapXSIBuUSRRFcJTnmgRvBUf/9nA== Completed in 6ms
4106 timing metavuln:calculate:security-advisory:sequelize-cli:OGNA5lR8rR8aeucWHqvJLBV5oaroI/lF2JfG9J2l63dx9uiGUyHuI4ymC6nv+dqWwxtqCIMcqBukiWYEiF5/RQ== Completed in 135ms
4107 http fetch GET 200 https://registry.npmjs.org/knex 155ms (cache miss)
4108 timing metavuln:packument:knex Completed in 160ms
4109 timing metavuln:load:security-advisory:knex:OGNA5lR8rR8aeucWHqvJLBV5oaroI/lF2JfG9J2l63dx9uiGUyHuI4ymC6nv+dqWwxtqCIMcqBukiWYEiF5/RQ== Completed in 4ms
4110 timing metavuln:cache:put:security-advisory:knex:xzQLfa/l/BfN0UEm9OtwynMKedL9/kO38LYgtlMfN1NRGlgdM9PLi7IBDcrEUwXptCI+3DFMsmKvgOBQABYQIg== Completed in 3ms
4111 timing metavuln:calculate:security-advisory:knex:OGNA5lR8rR8aeucWHqvJLBV5oaroI/lF2JfG9J2l63dx9uiGUyHuI4ymC6nv+dqWwxtqCIMcqBukiWYEiF5/RQ== Completed in 167ms
4112 http fetch GET 200 https://registry.npmjs.org/concurrently 201ms (cache miss)
4113 timing metavuln:packument:concurrently Completed in 202ms
4114 timing metavuln:load:security-advisory:concurrently:OGNA5lR8rR8aeucWHqvJLBV5oaroI/lF2JfG9J2l63dx9uiGUyHuI4ymC6nv+dqWwxtqCIMcqBukiWYEiF5/RQ== Completed in 0ms
4115 timing metavuln:cache:put:security-advisory:concurrently:jiZST4CUOZqAcB148diLa/4Cl5k4iCySK9zdGlvkCsjY7gOsOKgF1bXrv0HVQ59659xB7IRMqiwz7OjSmmlI2A== Completed in 5ms
4116 timing metavuln:calculate:security-advisory:concurrently:OGNA5lR8rR8aeucWHqvJLBV5oaroI/lF2JfG9J2l63dx9uiGUyHuI4ymC6nv+dqWwxtqCIMcqBukiWYEiF5/RQ== Completed in 207ms
4117 http fetch GET 200 https://registry.npmjs.org/fastify-method-override 425ms (cache miss)
4118 timing metavuln:packument:fastify-method-override Completed in 425ms
4119 timing metavuln:load:security-advisory:fastify-method-override:OGNA5lR8rR8aeucWHqvJLBV5oaroI/lF2JfG9J2l63dx9uiGUyHuI4ymC6nv+dqWwxtqCIMcqBukiWYEiF5/RQ== Completed in 1ms
4120 timing metavuln:cache:put:security-advisory:fastify-method-override:Bqz+OF3vj0F87stMKdz1zylGKE8NtgbAnp+RZ3DJo39FnbGBc9ivPmiN5C555vtAiYaLfttwTSWvQJASKYlV+g== Completed in 2ms
4121 timing metavuln:calculate:security-advisory:fastify-method-override:OGNA5lR8rR8aeucWHqvJLBV5oaroI/lF2JfG9J2l63dx9uiGUyHuI4ymC6nv+dqWwxtqCIMcqBukiWYEiF5/RQ== Completed in 428ms
4122 timing metavuln:cache:get:security-advisory:jstransformer-markdown-it:QXbZ4xCbTC6gBpBNs7H/EvXk3F9ngURxnQlVqozhkTTei6TWNS+vuhLPZxwRHAMYkAOq4rwyeVSqGY5oqeI7cw== Completed in 1ms
4123 http fetch GET 200 https://registry.npmjs.org/jstransformer-markdown-it 252ms (cache miss)
4124 timing metavuln:packument:jstransformer-markdown-it Completed in 252ms
4125 timing metavuln:load:security-advisory:jstransformer-markdown-it:745Vt4mrHCdT8gFHVh7oHROmP4aH4fErXXhbpeVBhtIHmsxTVI7P3rJSdfXZ1iZTBS6GEnTERL4OWUfc4Co9jQ== Completed in 1ms
4126 timing metavuln:cache:put:security-advisory:jstransformer-markdown-it:QXbZ4xCbTC6gBpBNs7H/EvXk3F9ngURxnQlVqozhkTTei6TWNS+vuhLPZxwRHAMYkAOq4rwyeVSqGY5oqeI7cw== Completed in 3ms
4127 timing metavuln:calculate:security-advisory:jstransformer-markdown-it:745Vt4mrHCdT8gFHVh7oHROmP4aH4fErXXhbpeVBhtIHmsxTVI7P3rJSdfXZ1iZTBS6GEnTERL4OWUfc4Co9jQ== Completed in 257ms
4128 timing metavuln:cache:get:security-advisory:@jest/core:03W5UBAiciMv+HbF52DVjKaiJDsW8n4o9l0N1bD9irL9aHp0XpkH6yRZbIXa21hJn/+RFQL1MCcLgDa/4eDK4w== Completed in 4ms
4129 timing metavuln:cache:get:security-advisory:@jest/transform:frAXQpmFOgCLjrxLELwz/nGg5XiK/ZNDWwX3TPmrK4kjdo/GsnOnUL1px5EXlvvS4e0p7qsR8mhVO87fIAkI8w== Completed in 3ms
4130 timing metavuln:cache:get:security-advisory:fast-glob:AbqaRkH/ah2E63AlsHQoSe4rzDu85g3nQo2oOGK8mDPpx8ODN4CyFz62hpRucknVgKWSODuNhHcd4w2oWa9y3w== Completed in 3ms
4131 timing metavuln:cache:get:security-advisory:jest-config:PG5LJK++mIH2P5/BoeATw87eF+FfSdFbgEqp2CbnYYA8L17aFlVzq09vZtR3BFwoyR+3hWRZY28YfyQmAblGOg== Completed in 2ms
4132 timing metavuln:cache:get:security-advisory:jest-haste-map:jM3bS1o4htRu+ACRH1gcErU4U2Iaalvaat1pZmyWiirmghW1371hURc/aE7fgn6m9mU4kt8GRZ0gy4wwGUZ7mQ== Completed in 2ms
4133 timing metavuln:cache:get:security-advisory:jest-message-util:9e3+mtFMiM85wWr/OL6NNUJH/DnoduwxZZ0/PtDHjHEr2KrplOGkwoZ+9A9Of+V7gemgG4bDnVLxA6nt6hgQOQ== Completed in 1ms
4134 http fetch GET 200 https://registry.npmjs.org/fast-glob 136ms (cache miss)
4135 timing metavuln:packument:fast-glob Completed in 138ms
4136 timing metavuln:load:security-advisory:fast-glob:TlYHmS8BZBwkbsPHbTfH2/e91KJnOnqfC63ZoKdiRy+yt6biPd8BwjBdyfPUht1+ZO675I3Gg00RQPYaWiOm8Q== Completed in 2ms
4137 timing metavuln:cache:put:security-advisory:fast-glob:AbqaRkH/ah2E63AlsHQoSe4rzDu85g3nQo2oOGK8mDPpx8ODN4CyFz62hpRucknVgKWSODuNhHcd4w2oWa9y3w== Completed in 3ms
4138 timing metavuln:calculate:security-advisory:fast-glob:TlYHmS8BZBwkbsPHbTfH2/e91KJnOnqfC63ZoKdiRy+yt6biPd8BwjBdyfPUht1+ZO675I3Gg00RQPYaWiOm8Q== Completed in 143ms
4139 http fetch GET 200 https://registry.npmjs.org/jest-message-util 257ms (cache miss)
4140 timing metavuln:packument:jest-message-util Completed in 259ms
4141 timing metavuln:load:security-advisory:jest-message-util:TlYHmS8BZBwkbsPHbTfH2/e91KJnOnqfC63ZoKdiRy+yt6biPd8BwjBdyfPUht1+ZO675I3Gg00RQPYaWiOm8Q== Completed in 6ms
4142 timing metavuln:cache:put:security-advisory:jest-message-util:9e3+mtFMiM85wWr/OL6NNUJH/DnoduwxZZ0/PtDHjHEr2KrplOGkwoZ+9A9Of+V7gemgG4bDnVLxA6nt6hgQOQ== Completed in 9ms
4143 timing metavuln:calculate:security-advisory:jest-message-util:TlYHmS8BZBwkbsPHbTfH2/e91KJnOnqfC63ZoKdiRy+yt6biPd8BwjBdyfPUht1+ZO675I3Gg00RQPYaWiOm8Q== Completed in 275ms
4144 http fetch GET 200 https://registry.npmjs.org/jest-config 277ms (cache miss)
4145 timing metavuln:packument:jest-config Completed in 282ms
4146 timing metavuln:load:security-advisory:jest-config:TlYHmS8BZBwkbsPHbTfH2/e91KJnOnqfC63ZoKdiRy+yt6biPd8BwjBdyfPUht1+ZO675I3Gg00RQPYaWiOm8Q== Completed in 9ms
4147 http fetch GET 200 https://registry.npmjs.org/jest-haste-map 295ms (cache miss)
4148 timing metavuln:packument:jest-haste-map Completed in 299ms
4149 timing metavuln:load:security-advisory:jest-haste-map:TlYHmS8BZBwkbsPHbTfH2/e91KJnOnqfC63ZoKdiRy+yt6biPd8BwjBdyfPUht1+ZO675I3Gg00RQPYaWiOm8Q== Completed in 9ms
4150 timing metavuln:cache:put:security-advisory:jest-config:PG5LJK++mIH2P5/BoeATw87eF+FfSdFbgEqp2CbnYYA8L17aFlVzq09vZtR3BFwoyR+3hWRZY28YfyQmAblGOg== Completed in 20ms
4151 timing metavuln:calculate:security-advisory:jest-config:TlYHmS8BZBwkbsPHbTfH2/e91KJnOnqfC63ZoKdiRy+yt6biPd8BwjBdyfPUht1+ZO675I3Gg00RQPYaWiOm8Q== Completed in 311ms
4152 http fetch GET 200 https://registry.npmjs.org/@jest%2fcore 315ms (cache miss)
4153 timing metavuln:packument:@jest/core Completed in 319ms
4154 timing metavuln:load:security-advisory:@jest/core:TlYHmS8BZBwkbsPHbTfH2/e91KJnOnqfC63ZoKdiRy+yt6biPd8BwjBdyfPUht1+ZO675I3Gg00RQPYaWiOm8Q== Completed in 2ms
4155 timing metavuln:cache:put:security-advisory:jest-haste-map:jM3bS1o4htRu+ACRH1gcErU4U2Iaalvaat1pZmyWiirmghW1371hURc/aE7fgn6m9mU4kt8GRZ0gy4wwGUZ7mQ== Completed in 14ms
4156 timing metavuln:calculate:security-advisory:jest-haste-map:TlYHmS8BZBwkbsPHbTfH2/e91KJnOnqfC63ZoKdiRy+yt6biPd8BwjBdyfPUht1+ZO675I3Gg00RQPYaWiOm8Q== Completed in 323ms
4157 timing metavuln:cache:put:security-advisory:@jest/core:03W5UBAiciMv+HbF52DVjKaiJDsW8n4o9l0N1bD9irL9aHp0XpkH6yRZbIXa21hJn/+RFQL1MCcLgDa/4eDK4w== Completed in 4ms
4158 timing metavuln:calculate:security-advisory:@jest/core:TlYHmS8BZBwkbsPHbTfH2/e91KJnOnqfC63ZoKdiRy+yt6biPd8BwjBdyfPUht1+ZO675I3Gg00RQPYaWiOm8Q== Completed in 325ms
4159 http fetch GET 200 https://registry.npmjs.org/@jest%2ftransform 441ms (cache miss)
4160 timing metavuln:packument:@jest/transform Completed in 442ms
4161 timing metavuln:load:security-advisory:@jest/transform:TlYHmS8BZBwkbsPHbTfH2/e91KJnOnqfC63ZoKdiRy+yt6biPd8BwjBdyfPUht1+ZO675I3Gg00RQPYaWiOm8Q== Completed in 3ms
4162 timing metavuln:cache:put:security-advisory:@jest/transform:frAXQpmFOgCLjrxLELwz/nGg5XiK/ZNDWwX3TPmrK4kjdo/GsnOnUL1px5EXlvvS4e0p7qsR8mhVO87fIAkI8w== Completed in 3ms
4163 timing metavuln:calculate:security-advisory:@jest/transform:TlYHmS8BZBwkbsPHbTfH2/e91KJnOnqfC63ZoKdiRy+yt6biPd8BwjBdyfPUht1+ZO675I3Gg00RQPYaWiOm8Q== Completed in 448ms
4164 timing metavuln:cache:get:security-advisory:postcss:tmHYDPE1UVxPaRKZT9ru10S2PG7HaFVF7Z4GmgB6cUo+mRoTCphDiou0e19GAujSzXwfRWgbN5N8PHmsKOoxPA== Completed in 0ms
4165 timing metavuln:load:security-advisory:postcss:SvMVdtEUVO5ESues2DL9aEFMy6oMG+saOn/tNitKJcx7q7CvMfC5ZcstpC8dbnZl5KL/q/3pYBvQrAPBFsC+nQ== Completed in 5ms
4166 timing metavuln:cache:put:security-advisory:postcss:tmHYDPE1UVxPaRKZT9ru10S2PG7HaFVF7Z4GmgB6cUo+mRoTCphDiou0e19GAujSzXwfRWgbN5N8PHmsKOoxPA== Completed in 4ms
4167 timing metavuln:calculate:security-advisory:postcss:SvMVdtEUVO5ESues2DL9aEFMy6oMG+saOn/tNitKJcx7q7CvMfC5ZcstpC8dbnZl5KL/q/3pYBvQrAPBFsC+nQ== Completed in 9ms
4168 timing metavuln:cache:get:security-advisory:fastify-method-override:ZDPGuMazvs7qKrue/+ZVigiFmeut/y23hQFlb/kCvBjOt63fLVBVFAAWAmB/N3sEQF7bxjwt50HiQTTJGyEpvQ== Completed in 1ms
4169 timing metavuln:load:security-advisory:fastify-method-override:TmkHz1g6xKc2pnDD1h6+ZDKMikxz0M1BBY/wyR9ER8446AKOUk6gXjoSR2douZ5enAllzNSKaynTW1H+LBi1CA== Completed in 0ms
4170 timing metavuln:cache:get:security-advisory:fastify-reverse-routes:E14+sZiQmNHMZ8DBhBeAvQL9a79kH5VraBSPDUqz5BJQ9sR1+a7NBZxGmZfAePmakPx+9euK8Dee7Ub1dqaKYA== Completed in 2ms
4171 timing metavuln:cache:put:security-advisory:fastify-method-override:ZDPGuMazvs7qKrue/+ZVigiFmeut/y23hQFlb/kCvBjOt63fLVBVFAAWAmB/N3sEQF7bxjwt50HiQTTJGyEpvQ== Completed in 6ms
4172 timing metavuln:calculate:security-advisory:fastify-method-override:TmkHz1g6xKc2pnDD1h6+ZDKMikxz0M1BBY/wyR9ER8446AKOUk6gXjoSR2douZ5enAllzNSKaynTW1H+LBi1CA== Completed in 7ms
4173 http fetch GET 200 https://registry.npmjs.org/fastify-reverse-routes 338ms (cache miss)
4174 timing metavuln:packument:fastify-reverse-routes Completed in 339ms
4175 timing metavuln:load:security-advisory:fastify-reverse-routes:TmkHz1g6xKc2pnDD1h6+ZDKMikxz0M1BBY/wyR9ER8446AKOUk6gXjoSR2douZ5enAllzNSKaynTW1H+LBi1CA== Completed in 0ms
4176 timing metavuln:cache:put:security-advisory:fastify-reverse-routes:E14+sZiQmNHMZ8DBhBeAvQL9a79kH5VraBSPDUqz5BJQ9sR1+a7NBZxGmZfAePmakPx+9euK8Dee7Ub1dqaKYA== Completed in 2ms
4177 timing metavuln:calculate:security-advisory:fastify-reverse-routes:TmkHz1g6xKc2pnDD1h6+ZDKMikxz0M1BBY/wyR9ER8446AKOUk6gXjoSR2douZ5enAllzNSKaynTW1H+LBi1CA== Completed in 341ms
4178 timing metavuln:cache:get:security-advisory:anymatch:Nfla9E9Lgs+mqMt1dA/8UaXdCl7sXuZQsKzxwmqxeyDZbX+CRdcfKSFFgjhZ/F0BJR9geE1mRVv3h/ODZoo63g== Completed in 4ms
4179 timing metavuln:cache:get:security-advisory:jest-util:KGKm1hRPkMsSUasN2N6Z4GOHO8fGbGKIZEcikjWe+ZJ1RAIPIVxN9cUA65sJrFgXSWWgIhEnMkk8RB6TBUus9A== Completed in 3ms
4180 timing metavuln:cache:get:security-advisory:micromatch:Gfx2SOQRY3jP5uv6bFlh3nIPxMXsxdnbcyF/xURx+dAnDK2wtpAvWYKdTiFWGD3MlWR/x1stzjO6SjznwiVonw== Completed in 3ms
4181 timing metavuln:load:security-advisory:micromatch:GSQ5ghUF1JWDKMssoydWDVRebjlPePRwktLhrdWzXCq5xeBXdo4Cm9HGHnH2b6P1Nq93YjwPmimVjAx6kge32A== Completed in 1ms
4182 timing metavuln:cache:get:security-advisory:readdirp:O7WXRupQt48LJyZ17mA/uSHYfhYyK7sMYMihjKrTsH3mKxobKArK3CCtifRFqfhAMZFOU4AsOtouYzz86OtBxQ== Completed in 4ms
4183 timing metavuln:cache:put:security-advisory:micromatch:Gfx2SOQRY3jP5uv6bFlh3nIPxMXsxdnbcyF/xURx+dAnDK2wtpAvWYKdTiFWGD3MlWR/x1stzjO6SjznwiVonw== Completed in 6ms
4184 timing metavuln:calculate:security-advisory:micromatch:GSQ5ghUF1JWDKMssoydWDVRebjlPePRwktLhrdWzXCq5xeBXdo4Cm9HGHnH2b6P1Nq93YjwPmimVjAx6kge32A== Completed in 10ms
4185 http fetch GET 200 https://registry.npmjs.org/readdirp 82ms (cache miss)
4186 timing metavuln:packument:readdirp Completed in 83ms
4187 timing metavuln:load:security-advisory:readdirp:GSQ5ghUF1JWDKMssoydWDVRebjlPePRwktLhrdWzXCq5xeBXdo4Cm9HGHnH2b6P1Nq93YjwPmimVjAx6kge32A== Completed in 0ms
4188 timing metavuln:cache:put:security-advisory:readdirp:O7WXRupQt48LJyZ17mA/uSHYfhYyK7sMYMihjKrTsH3mKxobKArK3CCtifRFqfhAMZFOU4AsOtouYzz86OtBxQ== Completed in 3ms
4189 timing metavuln:calculate:security-advisory:readdirp:GSQ5ghUF1JWDKMssoydWDVRebjlPePRwktLhrdWzXCq5xeBXdo4Cm9HGHnH2b6P1Nq93YjwPmimVjAx6kge32A== Completed in 86ms
4190 http fetch GET 200 https://registry.npmjs.org/jest-util 117ms (cache miss)
4191 timing metavuln:packument:jest-util Completed in 119ms
4192 timing metavuln:load:security-advisory:jest-util:GSQ5ghUF1JWDKMssoydWDVRebjlPePRwktLhrdWzXCq5xeBXdo4Cm9HGHnH2b6P1Nq93YjwPmimVjAx6kge32A== Completed in 3ms
4193 timing metavuln:cache:put:security-advisory:jest-util:KGKm1hRPkMsSUasN2N6Z4GOHO8fGbGKIZEcikjWe+ZJ1RAIPIVxN9cUA65sJrFgXSWWgIhEnMkk8RB6TBUus9A== Completed in 3ms
4194 timing metavuln:calculate:security-advisory:jest-util:GSQ5ghUF1JWDKMssoydWDVRebjlPePRwktLhrdWzXCq5xeBXdo4Cm9HGHnH2b6P1Nq93YjwPmimVjAx6kge32A== Completed in 125ms
4195 http fetch GET 200 https://registry.npmjs.org/anymatch 144ms (cache miss)
4196 timing metavuln:packument:anymatch Completed in 145ms
4197 timing metavuln:load:security-advisory:anymatch:GSQ5ghUF1JWDKMssoydWDVRebjlPePRwktLhrdWzXCq5xeBXdo4Cm9HGHnH2b6P1Nq93YjwPmimVjAx6kge32A== Completed in 0ms
4198 timing metavuln:cache:put:security-advisory:anymatch:Nfla9E9Lgs+mqMt1dA/8UaXdCl7sXuZQsKzxwmqxeyDZbX+CRdcfKSFFgjhZ/F0BJR9geE1mRVv3h/ODZoo63g== Completed in 3ms
4199 timing metavuln:calculate:security-advisory:anymatch:GSQ5ghUF1JWDKMssoydWDVRebjlPePRwktLhrdWzXCq5xeBXdo4Cm9HGHnH2b6P1Nq93YjwPmimVjAx6kge32A== Completed in 148ms
4200 timing metavuln:cache:get:security-advisory:css-loader:gR1N396DTnpykqtHUzx2bP4E8geZAyKlki5bOIphxnORSdKRLKigADnTWrtv2ooWzRB0McV7Dqd0eCcGModYVQ== Completed in 4ms
4201 timing metavuln:cache:get:security-advisory:icss-utils:WdRXxjFePQqEm1GmdeyUnxBbgN/TR9u3JfBEB4t/vnGSJaGhibbJanI6rsm+7dbUnIhACwM58cmwGwSW7tlh/Q== Completed in 3ms
4202 timing metavuln:cache:get:security-advisory:postcss-modules-extract-imports:pO8adaVoFeIpeh6QK333I1nCbDg4nBxesCC+lYFOdYBQkunfbi3v22rvCst6i4GAROIURKXDeJwoCghggF75cw== Completed in 3ms
4203 timing metavuln:cache:get:security-advisory:postcss-modules-local-by-default:IoxeA9so2tiLbcQ0Ba2wfcMpOVMJaQc2Om8oaXwISH7qf7K4DX2JybvewEXwWRf4IaCCem6mSD6tFn2FRRP/qA== Completed in 2ms
4204 timing metavuln:cache:get:security-advisory:postcss-modules-scope:z+3PTeHIelVshhTe2Ovq0Y9wC3+Q0QfTrrJbv7XtO31Shr3eq9UViirIFZfVcs4XzMaFMlDmdBvR45D6ISwEqA== Completed in 2ms
4205 timing metavuln:cache:get:security-advisory:postcss-modules-values:KFmsl5u6hC2dp0QQ2Ksw2XQKCfRZ0q9cfRETuUxHJpoCBmS+N/n0FEVOS5+9bA4qU2zkg2VIwXbf6Z9u67Wxdg== Completed in 1ms
4206 http fetch GET 200 https://registry.npmjs.org/icss-utils 97ms (cache miss)
4207 timing metavuln:packument:icss-utils Completed in 98ms
4208 timing metavuln:load:security-advisory:icss-utils:685RVq5xScaqegAXk2BRJrsMaZmsz1d/volUoA67iVw3AvHhUlX03u+VPRrmo8iuObcSDvuZF+fuiOnLC9L1uA== Completed in 3ms
4209 http fetch GET 200 https://registry.npmjs.org/postcss-modules-values 112ms (cache miss)
4210 timing metavuln:packument:postcss-modules-values Completed in 113ms
4211 timing metavuln:load:security-advisory:postcss-modules-values:685RVq5xScaqegAXk2BRJrsMaZmsz1d/volUoA67iVw3AvHhUlX03u+VPRrmo8iuObcSDvuZF+fuiOnLC9L1uA== Completed in 3ms
4212 timing metavuln:cache:put:security-advisory:icss-utils:WdRXxjFePQqEm1GmdeyUnxBbgN/TR9u3JfBEB4t/vnGSJaGhibbJanI6rsm+7dbUnIhACwM58cmwGwSW7tlh/Q== Completed in 18ms
4213 timing metavuln:calculate:security-advisory:icss-utils:685RVq5xScaqegAXk2BRJrsMaZmsz1d/volUoA67iVw3AvHhUlX03u+VPRrmo8iuObcSDvuZF+fuiOnLC9L1uA== Completed in 119ms
4214 http fetch GET 200 https://registry.npmjs.org/postcss-modules-scope 119ms (cache miss)
4215 timing metavuln:packument:postcss-modules-scope Completed in 120ms
4216 timing metavuln:load:security-advisory:postcss-modules-scope:685RVq5xScaqegAXk2BRJrsMaZmsz1d/volUoA67iVw3AvHhUlX03u+VPRrmo8iuObcSDvuZF+fuiOnLC9L1uA== Completed in 2ms
4217 http fetch GET 200 https://registry.npmjs.org/postcss-modules-extract-imports 122ms (cache miss)
4218 timing metavuln:packument:postcss-modules-extract-imports Completed in 124ms
4219 timing metavuln:load:security-advisory:postcss-modules-extract-imports:685RVq5xScaqegAXk2BRJrsMaZmsz1d/volUoA67iVw3AvHhUlX03u+VPRrmo8iuObcSDvuZF+fuiOnLC9L1uA== Completed in 1ms
4220 http fetch GET 200 https://registry.npmjs.org/css-loader 126ms (cache miss)
4221 timing metavuln:packument:css-loader Completed in 130ms
4222 timing metavuln:load:security-advisory:css-loader:685RVq5xScaqegAXk2BRJrsMaZmsz1d/volUoA67iVw3AvHhUlX03u+VPRrmo8iuObcSDvuZF+fuiOnLC9L1uA== Completed in 16ms
4223 timing metavuln:cache:put:security-advisory:postcss-modules-values:KFmsl5u6hC2dp0QQ2Ksw2XQKCfRZ0q9cfRETuUxHJpoCBmS+N/n0FEVOS5+9bA4qU2zkg2VIwXbf6Z9u67Wxdg== Completed in 29ms
4224 timing metavuln:calculate:security-advisory:postcss-modules-values:685RVq5xScaqegAXk2BRJrsMaZmsz1d/volUoA67iVw3AvHhUlX03u+VPRrmo8iuObcSDvuZF+fuiOnLC9L1uA== Completed in 145ms
4225 timing metavuln:cache:put:security-advisory:postcss-modules-scope:z+3PTeHIelVshhTe2Ovq0Y9wC3+Q0QfTrrJbv7XtO31Shr3eq9UViirIFZfVcs4XzMaFMlDmdBvR45D6ISwEqA== Completed in 26ms
4226 timing metavuln:calculate:security-advisory:postcss-modules-scope:685RVq5xScaqegAXk2BRJrsMaZmsz1d/volUoA67iVw3AvHhUlX03u+VPRrmo8iuObcSDvuZF+fuiOnLC9L1uA== Completed in 148ms
4227 timing metavuln:cache:put:security-advisory:postcss-modules-extract-imports:pO8adaVoFeIpeh6QK333I1nCbDg4nBxesCC+lYFOdYBQkunfbi3v22rvCst6i4GAROIURKXDeJwoCghggF75cw== Completed in 24ms
4228 timing metavuln:calculate:security-advisory:postcss-modules-extract-imports:685RVq5xScaqegAXk2BRJrsMaZmsz1d/volUoA67iVw3AvHhUlX03u+VPRrmo8iuObcSDvuZF+fuiOnLC9L1uA== Completed in 149ms
4229 timing metavuln:cache:put:security-advisory:css-loader:gR1N396DTnpykqtHUzx2bP4E8geZAyKlki5bOIphxnORSdKRLKigADnTWrtv2ooWzRB0McV7Dqd0eCcGModYVQ== Completed in 5ms
4230 timing metavuln:calculate:security-advisory:css-loader:685RVq5xScaqegAXk2BRJrsMaZmsz1d/volUoA67iVw3AvHhUlX03u+VPRrmo8iuObcSDvuZF+fuiOnLC9L1uA== Completed in 152ms
4231 http fetch GET 200 https://registry.npmjs.org/postcss-modules-local-by-default 150ms (cache miss)
4232 timing metavuln:packument:postcss-modules-local-by-default Completed in 150ms
4233 timing metavuln:load:security-advisory:postcss-modules-local-by-default:685RVq5xScaqegAXk2BRJrsMaZmsz1d/volUoA67iVw3AvHhUlX03u+VPRrmo8iuObcSDvuZF+fuiOnLC9L1uA== Completed in 2ms
4234 timing metavuln:cache:put:security-advisory:postcss-modules-local-by-default:IoxeA9so2tiLbcQ0Ba2wfcMpOVMJaQc2Om8oaXwISH7qf7K4DX2JybvewEXwWRf4IaCCem6mSD6tFn2FRRP/qA== Completed in 3ms
4235 timing metavuln:calculate:security-advisory:postcss-modules-local-by-default:685RVq5xScaqegAXk2BRJrsMaZmsz1d/volUoA67iVw3AvHhUlX03u+VPRrmo8iuObcSDvuZF+fuiOnLC9L1uA== Completed in 155ms
4236 timing metavuln:cache:get:security-advisory:pug:Bod8uHjOpAFcodGsdvWZubJRAED6zypMgl3ly6hCbBJ4kIFKsF2l0fd9HBsYkM1DJmjCj+BxWBZMHfDPYyrFRQ== Completed in 0ms
4237 timing metavuln:load:security-advisory:pug:jYtA+ua4XfswkuObBtnwWn2fYvQUK4ca+Iv1+bqgs4mXRLiX4zUdwwNSawL0T4CvKtEq8q6TFgvFydQ8OKg+/Q== Completed in 2ms
4238 timing metavuln:cache:put:security-advisory:pug:Bod8uHjOpAFcodGsdvWZubJRAED6zypMgl3ly6hCbBJ4kIFKsF2l0fd9HBsYkM1DJmjCj+BxWBZMHfDPYyrFRQ== Completed in 3ms
4239 timing metavuln:calculate:security-advisory:pug:jYtA+ua4XfswkuObBtnwWn2fYvQUK4ca+Iv1+bqgs4mXRLiX4zUdwwNSawL0T4CvKtEq8q6TFgvFydQ8OKg+/Q== Completed in 5ms
4240 timing metavuln:cache:get:security-advisory:terser-webpack-plugin:329sgNMopuugPFiEvSVitHHehdTr5nHB47XwDe3JfAo+J6Nc9SQhgI2F9XPbnv2SVTzEoWYsaJ8lBj3HmQYXeg== Completed in 0ms
4241 http fetch GET 200 https://registry.npmjs.org/terser-webpack-plugin 140ms (cache miss)
4242 timing metavuln:packument:terser-webpack-plugin Completed in 142ms
4243 timing metavuln:load:security-advisory:terser-webpack-plugin:VNhzhjSQJJPSfVWQUXMpEy6hsW23faurQllLlGbSJ7QrUHjncb9PKDTQYw8APRVBzMug+7YJc5EWXV6SYvPIiw== Completed in 2ms
4244 timing metavuln:cache:put:security-advisory:terser-webpack-plugin:329sgNMopuugPFiEvSVitHHehdTr5nHB47XwDe3JfAo+J6Nc9SQhgI2F9XPbnv2SVTzEoWYsaJ8lBj3HmQYXeg== Completed in 2ms
4245 timing metavuln:calculate:security-advisory:terser-webpack-plugin:VNhzhjSQJJPSfVWQUXMpEy6hsW23faurQllLlGbSJ7QrUHjncb9PKDTQYw8APRVBzMug+7YJc5EWXV6SYvPIiw== Completed in 147ms
4246 timing metavuln:cache:get:security-advisory:cacache:xvJIWB5/FY/DmZpxvmgqyq49qJv5ggEb6QVj3OY5ousoMlm27iLo5bVkFK9lSFNIWe3eU5heX0nWjs8DbT01mg== Completed in 1ms
4247 timing metavuln:load:security-advisory:cacache:qPQeYPFDBIedTWfYK3sbnScF6Ha7ouTs+wgndnz4PT5P+/K+GBD4epoPcYpXlu6AC7gSJlCJTJeuKbYAFoK9PA== Completed in 3ms
4248 timing metavuln:cache:get:security-advisory:node-gyp:l/WeQkAPWJ0/mHENc58u9JNvnzqgqXWhnfEbUs8zhmL1UmoofkwGw4482B1GnFfApFQ5hXpUDaLf7UIPw6jpww== Completed in 4ms
4249 timing metavuln:cache:get:security-advisory:pacote:YEGC2tr63UMpFVgVz0cNuFV3bU8S49mLN9fSXNf8TSeZFIG2IIlfze6ewtj1AcnmZfEVnbmO+QJdA95V6mwuNA== Completed in 4ms
4250 timing metavuln:cache:get:security-advisory:sqlite3:d9OlV91FQiPngyARVJjb2c1N1Zd+BlUG/6hW/AboVLzuuz9zlq5RBmHPTvImBXKQlYn4hJ5/GOcjonk0bZFabg== Completed in 3ms
4251 timing metavuln:cache:put:security-advisory:cacache:xvJIWB5/FY/DmZpxvmgqyq49qJv5ggEb6QVj3OY5ousoMlm27iLo5bVkFK9lSFNIWe3eU5heX0nWjs8DbT01mg== Completed in 5ms
4252 timing metavuln:calculate:security-advisory:cacache:qPQeYPFDBIedTWfYK3sbnScF6Ha7ouTs+wgndnz4PT5P+/K+GBD4epoPcYpXlu6AC7gSJlCJTJeuKbYAFoK9PA== Completed in 10ms
4253 http fetch GET 200 https://registry.npmjs.org/node-gyp 106ms (cache miss)
4254 timing metavuln:packument:node-gyp Completed in 108ms
4255 timing metavuln:load:security-advisory:node-gyp:qPQeYPFDBIedTWfYK3sbnScF6Ha7ouTs+wgndnz4PT5P+/K+GBD4epoPcYpXlu6AC7gSJlCJTJeuKbYAFoK9PA== Completed in 5ms
4256 timing metavuln:cache:put:security-advisory:node-gyp:l/WeQkAPWJ0/mHENc58u9JNvnzqgqXWhnfEbUs8zhmL1UmoofkwGw4482B1GnFfApFQ5hXpUDaLf7UIPw6jpww== Completed in 6ms
4257 timing metavuln:calculate:security-advisory:node-gyp:qPQeYPFDBIedTWfYK3sbnScF6Ha7ouTs+wgndnz4PT5P+/K+GBD4epoPcYpXlu6AC7gSJlCJTJeuKbYAFoK9PA== Completed in 120ms
4258 http fetch GET 200 https://registry.npmjs.org/sqlite3 133ms (cache miss)
4259 timing metavuln:packument:sqlite3 Completed in 134ms
4260 timing metavuln:load:security-advisory:sqlite3:qPQeYPFDBIedTWfYK3sbnScF6Ha7ouTs+wgndnz4PT5P+/K+GBD4epoPcYpXlu6AC7gSJlCJTJeuKbYAFoK9PA== Completed in 1ms
4261 timing metavuln:cache:put:security-advisory:sqlite3:d9OlV91FQiPngyARVJjb2c1N1Zd+BlUG/6hW/AboVLzuuz9zlq5RBmHPTvImBXKQlYn4hJ5/GOcjonk0bZFabg== Completed in 3ms
4262 timing metavuln:calculate:security-advisory:sqlite3:qPQeYPFDBIedTWfYK3sbnScF6Ha7ouTs+wgndnz4PT5P+/K+GBD4epoPcYpXlu6AC7gSJlCJTJeuKbYAFoK9PA== Completed in 140ms
4263 http fetch GET 200 https://registry.npmjs.org/pacote 189ms (cache miss)
4264 timing metavuln:packument:pacote Completed in 193ms
4265 timing metavuln:load:security-advisory:pacote:qPQeYPFDBIedTWfYK3sbnScF6Ha7ouTs+wgndnz4PT5P+/K+GBD4epoPcYpXlu6AC7gSJlCJTJeuKbYAFoK9PA== Completed in 7ms
4266 timing metavuln:cache:put:security-advisory:pacote:YEGC2tr63UMpFVgVz0cNuFV3bU8S49mLN9fSXNf8TSeZFIG2IIlfze6ewtj1AcnmZfEVnbmO+QJdA95V6mwuNA== Completed in 3ms
4267 timing metavuln:calculate:security-advisory:pacote:qPQeYPFDBIedTWfYK3sbnScF6Ha7ouTs+wgndnz4PT5P+/K+GBD4epoPcYpXlu6AC7gSJlCJTJeuKbYAFoK9PA== Completed in 203ms
4268 timing metavuln:cache:get:security-advisory:prebuild-install:jRqqdHWbOREw15H5SdurWE62CscvPSSYzDYeqtuoOjAS5T4a/EWVlt/5yu0vDTLEYuFXij3+w7qsCx2Gdyt/0A== Completed in 1ms
4269 http fetch GET 200 https://registry.npmjs.org/prebuild-install 107ms (cache miss)
4270 timing metavuln:packument:prebuild-install Completed in 108ms
4271 timing metavuln:load:security-advisory:prebuild-install:cvuUIK3mvYU/u7TShVqDjuuoWy7Jgl2iyysqZzndeGLLwvbCDiePQ/rot9wwSNqpYc8yRaszF/7dU1Uelp1dUw== Completed in 1ms
4272 timing metavuln:cache:put:security-advisory:prebuild-install:jRqqdHWbOREw15H5SdurWE62CscvPSSYzDYeqtuoOjAS5T4a/EWVlt/5yu0vDTLEYuFXij3+w7qsCx2Gdyt/0A== Completed in 3ms
4273 timing metavuln:calculate:security-advisory:prebuild-install:cvuUIK3mvYU/u7TShVqDjuuoWy7Jgl2iyysqZzndeGLLwvbCDiePQ/rot9wwSNqpYc8yRaszF/7dU1Uelp1dUw== Completed in 112ms
4274 timing metavuln:cache:get:security-advisory:sequelize:WP/J+bn63vzyhlFPu4gR5kILxEgdoa3SkHTx4OxjNEQkXzXPPFWVnAe7UrJ7qQH9YqkETnZXjCoBObFPCIcNYg== Completed in 1ms
4275 timing metavuln:load:security-advisory:sequelize:IkyJOqfhkev0E9tRX4zbgkqtsxJX67cd4upO2f1EheDpncnx522qyf9oLyXwjDcWGeZOQHSqJUAh/kUyYH60qQ== Completed in 39ms
4276 timing metavuln:cache:put:security-advisory:sequelize:WP/J+bn63vzyhlFPu4gR5kILxEgdoa3SkHTx4OxjNEQkXzXPPFWVnAe7UrJ7qQH9YqkETnZXjCoBObFPCIcNYg== Completed in 10ms
4277 timing metavuln:calculate:security-advisory:sequelize:IkyJOqfhkev0E9tRX4zbgkqtsxJX67cd4upO2f1EheDpncnx522qyf9oLyXwjDcWGeZOQHSqJUAh/kUyYH60qQ== Completed in 50ms
4278 timing metavuln:cache:get:security-advisory:@webpack-cli/configtest:b4m8NuooYTIA52NRofpykXKsNJXhI/hZokfJmZK3eMyZ91+Gy7N4DTPkKnSOjHMTDNtz3tKcpUaQlXgYolFajw== Completed in 3ms
4279 timing metavuln:cache:get:security-advisory:@webpack-cli/info:4Ds6078ZextuCWT6jXrsLa2Pd6hu32g4nY8H0+T8m+aNKVhEB+52Q1eUKB1D7t/Yrw589oA8B9wCx3mYH5Czxg== Completed in 2ms
4280 timing metavuln:cache:get:security-advisory:@webpack-cli/serve:P+MTiTWti/cexrtrDQJD8+RBcrtMy6Jp7vN92Es/wHBog8SMX86eBjTDijQuCnC+gyaCX0FrEqKPYrcWHqsQUA== Completed in 2ms
4281 timing metavuln:cache:get:security-advisory:css-loader:Ow76q8hhhU3MvyLxgnm1y/zYo7Fm99dr11gKzfApuH8ncvHl4guATrwKI/IqfjYipYNSdQJKvS0ecZLpxoiVmQ== Completed in 1ms
4282 timing metavuln:load:security-advisory:css-loader:IzHFkMfHDC+SV3IL23ZHngntgLDUgyESA9Ge8Mh5rKNVcDpaWLuTZIcoUJg4/bAH+BQlnDzJ4nLfJCy6fOIM0A== Completed in 9ms
4283 timing metavuln:cache:get:security-advisory:mini-css-extract-plugin:G55y4j6io8Q0QytwZFEND0SCeOlZDD4Vj1H2U/A+S3fJbvRCbCyz3KTSkkMgsfR41LScHaNAhK7X/sWIKBGcAw== Completed in 11ms
4284 timing metavuln:cache:get:security-advisory:style-loader://zsLE/rNXdfMckNmpQNmCoWkrP2Nf7A28LGm4q43CiVrFNuxtrmx0tN+1t0mRm8jyGzzBYXQ9oXn2Zl71qHDA== Completed in 11ms
4285 timing metavuln:cache:get:security-advisory:terser-webpack-plugin:OYMC0geGD8QKOno0urEqU4CzSfBbjPVdXorYRugje09dSj0v95b22iyrJDHHzhuhDvgdM+pkY+8LIQ1bjQveVw== Completed in 10ms
4286 timing metavuln:load:security-advisory:terser-webpack-plugin:IzHFkMfHDC+SV3IL23ZHngntgLDUgyESA9Ge8Mh5rKNVcDpaWLuTZIcoUJg4/bAH+BQlnDzJ4nLfJCy6fOIM0A== Completed in 3ms
4287 timing metavuln:cache:get:security-advisory:webpack-cli:NppzCdkvi81KMTMlBTFbaCoFY8gtVck+ljspUq01iJFvWJ0Elli7ukXQBmz7c1UtSEy7ZuJxrJ2UZIkY/mZfhg== Completed in 13ms
4288 timing metavuln:load:security-advisory:webpack-cli:IzHFkMfHDC+SV3IL23ZHngntgLDUgyESA9Ge8Mh5rKNVcDpaWLuTZIcoUJg4/bAH+BQlnDzJ4nLfJCy6fOIM0A== Completed in 17ms
4289 timing metavuln:cache:put:security-advisory:terser-webpack-plugin:OYMC0geGD8QKOno0urEqU4CzSfBbjPVdXorYRugje09dSj0v95b22iyrJDHHzhuhDvgdM+pkY+8LIQ1bjQveVw== Completed in 25ms
4290 timing metavuln:calculate:security-advisory:terser-webpack-plugin:IzHFkMfHDC+SV3IL23ZHngntgLDUgyESA9Ge8Mh5rKNVcDpaWLuTZIcoUJg4/bAH+BQlnDzJ4nLfJCy6fOIM0A== Completed in 39ms
4291 timing metavuln:cache:put:security-advisory:css-loader:Ow76q8hhhU3MvyLxgnm1y/zYo7Fm99dr11gKzfApuH8ncvHl4guATrwKI/IqfjYipYNSdQJKvS0ecZLpxoiVmQ== Completed in 30ms
4292 timing metavuln:calculate:security-advisory:css-loader:IzHFkMfHDC+SV3IL23ZHngntgLDUgyESA9Ge8Mh5rKNVcDpaWLuTZIcoUJg4/bAH+BQlnDzJ4nLfJCy6fOIM0A== Completed in 40ms
4293 timing metavuln:cache:put:security-advisory:webpack-cli:NppzCdkvi81KMTMlBTFbaCoFY8gtVck+ljspUq01iJFvWJ0Elli7ukXQBmz7c1UtSEy7ZuJxrJ2UZIkY/mZfhg== Completed in 8ms
4294 timing metavuln:calculate:security-advisory:webpack-cli:IzHFkMfHDC+SV3IL23ZHngntgLDUgyESA9Ge8Mh5rKNVcDpaWLuTZIcoUJg4/bAH+BQlnDzJ4nLfJCy6fOIM0A== Completed in 39ms
4295 http fetch GET 200 https://registry.npmjs.org/@webpack-cli%2fserve 164ms (cache miss)
4296 timing metavuln:packument:@webpack-cli/serve Completed in 165ms
4297 timing metavuln:load:security-advisory:@webpack-cli/serve:IzHFkMfHDC+SV3IL23ZHngntgLDUgyESA9Ge8Mh5rKNVcDpaWLuTZIcoUJg4/bAH+BQlnDzJ4nLfJCy6fOIM0A== Completed in 1ms
4298 http fetch GET 200 https://registry.npmjs.org/@webpack-cli%2fconfigtest 166ms (cache miss)
4299 timing metavuln:packument:@webpack-cli/configtest Completed in 167ms
4300 timing metavuln:load:security-advisory:@webpack-cli/configtest:IzHFkMfHDC+SV3IL23ZHngntgLDUgyESA9Ge8Mh5rKNVcDpaWLuTZIcoUJg4/bAH+BQlnDzJ4nLfJCy6fOIM0A== Completed in 0ms
4301 http fetch GET 200 https://registry.npmjs.org/@webpack-cli%2finfo 168ms (cache miss)
4302 timing metavuln:packument:@webpack-cli/info Completed in 168ms
4303 timing metavuln:load:security-advisory:@webpack-cli/info:IzHFkMfHDC+SV3IL23ZHngntgLDUgyESA9Ge8Mh5rKNVcDpaWLuTZIcoUJg4/bAH+BQlnDzJ4nLfJCy6fOIM0A== Completed in 1ms
4304 http fetch GET 200 https://registry.npmjs.org/style-loader 167ms (cache miss)
4305 timing metavuln:packument:style-loader Completed in 169ms
4306 timing metavuln:load:security-advisory:style-loader:IzHFkMfHDC+SV3IL23ZHngntgLDUgyESA9Ge8Mh5rKNVcDpaWLuTZIcoUJg4/bAH+BQlnDzJ4nLfJCy6fOIM0A== Completed in 0ms
4307 timing metavuln:cache:put:security-advisory:@webpack-cli/serve:P+MTiTWti/cexrtrDQJD8+RBcrtMy6Jp7vN92Es/wHBog8SMX86eBjTDijQuCnC+gyaCX0FrEqKPYrcWHqsQUA== Completed in 5ms
4308 timing metavuln:calculate:security-advisory:@webpack-cli/serve:IzHFkMfHDC+SV3IL23ZHngntgLDUgyESA9Ge8Mh5rKNVcDpaWLuTZIcoUJg4/bAH+BQlnDzJ4nLfJCy6fOIM0A== Completed in 171ms
4309 timing metavuln:cache:put:security-advisory:@webpack-cli/configtest:b4m8NuooYTIA52NRofpykXKsNJXhI/hZokfJmZK3eMyZ91+Gy7N4DTPkKnSOjHMTDNtz3tKcpUaQlXgYolFajw== Completed in 5ms
4310 timing metavuln:calculate:security-advisory:@webpack-cli/configtest:IzHFkMfHDC+SV3IL23ZHngntgLDUgyESA9Ge8Mh5rKNVcDpaWLuTZIcoUJg4/bAH+BQlnDzJ4nLfJCy6fOIM0A== Completed in 173ms
4311 timing metavuln:cache:put:security-advisory:@webpack-cli/info:4Ds6078ZextuCWT6jXrsLa2Pd6hu32g4nY8H0+T8m+aNKVhEB+52Q1eUKB1D7t/Yrw589oA8B9wCx3mYH5Czxg== Completed in 4ms
4312 timing metavuln:calculate:security-advisory:@webpack-cli/info:IzHFkMfHDC+SV3IL23ZHngntgLDUgyESA9Ge8Mh5rKNVcDpaWLuTZIcoUJg4/bAH+BQlnDzJ4nLfJCy6fOIM0A== Completed in 173ms
4313 timing metavuln:cache:put:security-advisory:style-loader://zsLE/rNXdfMckNmpQNmCoWkrP2Nf7A28LGm4q43CiVrFNuxtrmx0tN+1t0mRm8jyGzzBYXQ9oXn2Zl71qHDA== Completed in 3ms
4314 timing metavuln:calculate:security-advisory:style-loader:IzHFkMfHDC+SV3IL23ZHngntgLDUgyESA9Ge8Mh5rKNVcDpaWLuTZIcoUJg4/bAH+BQlnDzJ4nLfJCy6fOIM0A== Completed in 172ms
4315 http fetch GET 200 https://registry.npmjs.org/mini-css-extract-plugin 415ms (cache miss)
4316 timing metavuln:packument:mini-css-extract-plugin Completed in 417ms
4317 timing metavuln:load:security-advisory:mini-css-extract-plugin:IzHFkMfHDC+SV3IL23ZHngntgLDUgyESA9Ge8Mh5rKNVcDpaWLuTZIcoUJg4/bAH+BQlnDzJ4nLfJCy6fOIM0A== Completed in 7ms
4318 timing metavuln:cache:put:security-advisory:mini-css-extract-plugin:G55y4j6io8Q0QytwZFEND0SCeOlZDD4Vj1H2U/A+S3fJbvRCbCyz3KTSkkMgsfR41LScHaNAhK7X/sWIKBGcAw== Completed in 3ms
4319 timing metavuln:calculate:security-advisory:mini-css-extract-plugin:IzHFkMfHDC+SV3IL23ZHngntgLDUgyESA9Ge8Mh5rKNVcDpaWLuTZIcoUJg4/bAH+BQlnDzJ4nLfJCy6fOIM0A== Completed in 427ms
4320 timing metavuln:cache:get:security-advisory:make-fetch-happen:JS1eDAsaQnkSC/rAJ1kHDn4UjWqf1f7567HyV/oKSVvssuR/kR60hXTseVc1ROXD8kOdIPeD9ut6fRzIhPTZuw== Completed in 1ms
4321 http fetch GET 200 https://registry.npmjs.org/make-fetch-happen 148ms (cache miss)
4322 timing metavuln:packument:make-fetch-happen Completed in 151ms
4323 timing metavuln:load:security-advisory:make-fetch-happen:yWh+WsUCdzVUoHJ+ukHX3VBWHgc+bzFCiNYaEHuuvW29uVMpISqXUxRqbG/B55MQ8eiu9zSwUnABxh5qJf1U0w== Completed in 1ms
4324 timing metavuln:cache:put:security-advisory:make-fetch-happen:JS1eDAsaQnkSC/rAJ1kHDn4UjWqf1f7567HyV/oKSVvssuR/kR60hXTseVc1ROXD8kOdIPeD9ut6fRzIhPTZuw== Completed in 3ms
4325 timing metavuln:calculate:security-advisory:make-fetch-happen:yWh+WsUCdzVUoHJ+ukHX3VBWHgc+bzFCiNYaEHuuvW29uVMpISqXUxRqbG/B55MQ8eiu9zSwUnABxh5qJf1U0w== Completed in 155ms
4326 timing metavuln:cache:get:security-advisory:js-beautify:mVGwaR1hJpSySFGv5ENPLe2MXyLsuhCYccBRXwHzfIZ1FRuXcQpYf7sIInN7YhD/b7MqhQlEML2TlWJFU2xw9w== Completed in 1ms
4327 timing metavuln:load:security-advisory:js-beautify:/pief47seGDBHnUOHcdf4vh8S5av/gmYGMH6T5uy3DhJchX5AykoNsEcl2U0K2kYnXDy3Q1HW14AEdN7s+Mmhw== Completed in 1ms
4328 timing metavuln:cache:put:security-advisory:js-beautify:mVGwaR1hJpSySFGv5ENPLe2MXyLsuhCYccBRXwHzfIZ1FRuXcQpYf7sIInN7YhD/b7MqhQlEML2TlWJFU2xw9w== Completed in 4ms
4329 timing metavuln:calculate:security-advisory:js-beautify:/pief47seGDBHnUOHcdf4vh8S5av/gmYGMH6T5uy3DhJchX5AykoNsEcl2U0K2kYnXDy3Q1HW14AEdN7s+Mmhw== Completed in 6ms
4330 timing metavuln:cache:get:security-advisory:fastify-error-page:jFLobgupm1ygdOxTlUvCIArNYaFGGKBaaLAoJ8OKqbKNtBGSdJkKNTpzczRFYEIoK/2FzNs3+s9I4+12F+M70A== Completed in 1ms
4331 http fetch GET 200 https://registry.npmjs.org/fastify-error-page 289ms (cache miss)
4332 timing metavuln:packument:fastify-error-page Completed in 291ms
4333 timing metavuln:load:security-advisory:fastify-error-page:GCj7wAVwXmpdpHsZ3FBltk4ddq703nJZceXkq77o3f+gaNLubEhWMdGOuTbsQUIPAj4PXvzoyIJlnaLab4wWyA== Completed in 0ms
4334 timing metavuln:cache:put:security-advisory:fastify-error-page:jFLobgupm1ygdOxTlUvCIArNYaFGGKBaaLAoJ8OKqbKNtBGSdJkKNTpzczRFYEIoK/2FzNs3+s9I4+12F+M70A== Completed in 6ms
4335 timing metavuln:calculate:security-advisory:fastify-error-page:GCj7wAVwXmpdpHsZ3FBltk4ddq703nJZceXkq77o3f+gaNLubEhWMdGOuTbsQUIPAj4PXvzoyIJlnaLab4wWyA== Completed in 297ms
4336 timing metavuln:cache:get:security-advisory:fastify:lycCXiLX7WYkPGWyOZfK/x2MyEabGa58Yp0NN6fq6Yb6R/bh9aYOAn3zOTXTfsMH3UEP1cjjw4Kj5YdQJT91Fg== Completed in 0ms
4337 timing metavuln:load:security-advisory:fastify:UfYeYMGFnlVOh6z1dqFizSqjGi7YyyQMRc3JQ1VnZ/OBVx1zGC6e+b6mEKG/IaRMMtjP5WJ2749QJ6iB38mozA== Completed in 8ms
4338 timing metavuln:cache:put:security-advisory:fastify:lycCXiLX7WYkPGWyOZfK/x2MyEabGa58Yp0NN6fq6Yb6R/bh9aYOAn3zOTXTfsMH3UEP1cjjw4Kj5YdQJT91Fg== Completed in 5ms
4339 timing metavuln:calculate:security-advisory:fastify:UfYeYMGFnlVOh6z1dqFizSqjGi7YyyQMRc3JQ1VnZ/OBVx1zGC6e+b6mEKG/IaRMMtjP5WJ2749QJ6iB38mozA== Completed in 13ms
4340 timing metavuln:cache:get:security-advisory:socks-proxy-agent:O35lPVDdakgt3PlMJ9Zvn535r+Rq41+Bl/9fFt/aDDpWq0oHeg7o+DHqp/GCXtD2sFx/QS2MkwRqg1u8nOKHkQ== Completed in 1ms
4341 http fetch GET 200 https://registry.npmjs.org/socks-proxy-agent 117ms (cache miss)
4342 timing metavuln:packument:socks-proxy-agent Completed in 119ms
4343 timing metavuln:load:security-advisory:socks-proxy-agent:re7e5WgYC0N2yCcyKEpIVOef1b0RSDx7Y0SpqokON2S0og4NBc+basQ12t25Rom7giF5cYm2S3iMuCSJlhszhQ== Completed in 2ms
4344 timing metavuln:cache:put:security-advisory:socks-proxy-agent:O35lPVDdakgt3PlMJ9Zvn535r+Rq41+Bl/9fFt/aDDpWq0oHeg7o+DHqp/GCXtD2sFx/QS2MkwRqg1u8nOKHkQ== Completed in 3ms
4345 timing metavuln:calculate:security-advisory:socks-proxy-agent:re7e5WgYC0N2yCcyKEpIVOef1b0RSDx7Y0SpqokON2S0og4NBc+basQ12t25Rom7giF5cYm2S3iMuCSJlhszhQ== Completed in 124ms
4346 timing metavuln:cache:get:security-advisory:webpack:JftYdshFur//E5T4X92eMr+3ntXPZDJ+GCIeFNjvSdMva59Eynz8k2kYRNBgeLJzm3dzvTSVXqU5Xweef/OxdQ== Completed in 1ms
4347 timing metavuln:load:security-advisory:webpack:329sgNMopuugPFiEvSVitHHehdTr5nHB47XwDe3JfAo+J6Nc9SQhgI2F9XPbnv2SVTzEoWYsaJ8lBj3HmQYXeg== Completed in 19ms
4348 timing metavuln:cache:put:security-advisory:webpack:JftYdshFur//E5T4X92eMr+3ntXPZDJ+GCIeFNjvSdMva59Eynz8k2kYRNBgeLJzm3dzvTSVXqU5Xweef/OxdQ== Completed in 4ms
4349 timing metavuln:calculate:security-advisory:webpack:329sgNMopuugPFiEvSVitHHehdTr5nHB47XwDe3JfAo+J6Nc9SQhgI2F9XPbnv2SVTzEoWYsaJ8lBj3HmQYXeg== Completed in 24ms
4350 timing metavuln:cache:get:security-advisory:make-fetch-happen:i9EWLQURMjAySZXCi5WtA8NzwiONkym6qMEPsUX+uPSg1yz1bg479ufVR/tOdZWMzNzCglMBtyw+v486D3ACDQ== Completed in 1ms
4351 timing metavuln:load:security-advisory:make-fetch-happen:xvJIWB5/FY/DmZpxvmgqyq49qJv5ggEb6QVj3OY5ousoMlm27iLo5bVkFK9lSFNIWe3eU5heX0nWjs8DbT01mg== Completed in 6ms
4352 timing metavuln:cache:get:security-advisory:pacote:OtnJdJ42a1bInL8GrqOWym4puwNQ7oh2bGqAOg0E5uptu0OSRW4gjuYFOkEEYOvjetc1WkglEEM0U0Bgv6+wAw== Completed in 7ms
4353 timing metavuln:load:security-advisory:pacote:xvJIWB5/FY/DmZpxvmgqyq49qJv5ggEb6QVj3OY5ousoMlm27iLo5bVkFK9lSFNIWe3eU5heX0nWjs8DbT01mg== Completed in 8ms
4354 timing metavuln:cache:put:security-advisory:make-fetch-happen:i9EWLQURMjAySZXCi5WtA8NzwiONkym6qMEPsUX+uPSg1yz1bg479ufVR/tOdZWMzNzCglMBtyw+v486D3ACDQ== Completed in 11ms
4355 timing metavuln:calculate:security-advisory:make-fetch-happen:xvJIWB5/FY/DmZpxvmgqyq49qJv5ggEb6QVj3OY5ousoMlm27iLo5bVkFK9lSFNIWe3eU5heX0nWjs8DbT01mg== Completed in 18ms
4356 timing metavuln:cache:put:security-advisory:pacote:OtnJdJ42a1bInL8GrqOWym4puwNQ7oh2bGqAOg0E5uptu0OSRW4gjuYFOkEEYOvjetc1WkglEEM0U0Bgv6+wAw== Completed in 3ms
4357 timing metavuln:calculate:security-advisory:pacote:xvJIWB5/FY/DmZpxvmgqyq49qJv5ggEb6QVj3OY5ousoMlm27iLo5bVkFK9lSFNIWe3eU5heX0nWjs8DbT01mg== Completed in 18ms
4358 timing metavuln:cache:get:security-advisory:@npmcli/run-script:iGTtwNhtzJqD6NRQrZd/d/zEGMzgSqpgcRI1vjqHKnRzGZno56l+gHAbYs0XRY+CB7swkVDTEWOkDAMckkToXA== Completed in 2ms
4359 timing metavuln:cache:get:security-advisory:sqlite3:/EyvdRGvNSmIfPvDagXmxhNg0I3IVs11DoQPmZbPhEN8VqxbrAo8DVoBrE8H0mBolYmeaGyEYJxfj/d4+SoOrA== Completed in 1ms
4360 timing metavuln:load:security-advisory:sqlite3:l/WeQkAPWJ0/mHENc58u9JNvnzqgqXWhnfEbUs8zhmL1UmoofkwGw4482B1GnFfApFQ5hXpUDaLf7UIPw6jpww== Completed in 3ms
4361 timing metavuln:cache:put:security-advisory:sqlite3:/EyvdRGvNSmIfPvDagXmxhNg0I3IVs11DoQPmZbPhEN8VqxbrAo8DVoBrE8H0mBolYmeaGyEYJxfj/d4+SoOrA== Completed in 6ms
4362 timing metavuln:calculate:security-advisory:sqlite3:l/WeQkAPWJ0/mHENc58u9JNvnzqgqXWhnfEbUs8zhmL1UmoofkwGw4482B1GnFfApFQ5hXpUDaLf7UIPw6jpww== Completed in 10ms
4363 http fetch GET 200 https://registry.npmjs.org/@npmcli%2frun-script 141ms (cache miss)
4364 timing metavuln:packument:@npmcli/run-script Completed in 142ms
4365 timing metavuln:load:security-advisory:@npmcli/run-script:l/WeQkAPWJ0/mHENc58u9JNvnzqgqXWhnfEbUs8zhmL1UmoofkwGw4482B1GnFfApFQ5hXpUDaLf7UIPw6jpww== Completed in 3ms
4366 timing metavuln:cache:put:security-advisory:@npmcli/run-script:iGTtwNhtzJqD6NRQrZd/d/zEGMzgSqpgcRI1vjqHKnRzGZno56l+gHAbYs0XRY+CB7swkVDTEWOkDAMckkToXA== Completed in 3ms
4367 timing metavuln:calculate:security-advisory:@npmcli/run-script:l/WeQkAPWJ0/mHENc58u9JNvnzqgqXWhnfEbUs8zhmL1UmoofkwGw4482B1GnFfApFQ5hXpUDaLf7UIPw6jpww== Completed in 149ms
4368 timing metavuln:cache:get:security-advisory:npm-check-updates:3a1dSTSz2mQ0SY5QLKCAVyecBp16P1w6TZ0LEKSvcyuL2frIaamAAWnvTNhDy7T5umx7WmeE1h7mvHxaJVxZ7Q== Completed in 0ms
4369 timing metavuln:load:security-advisory:npm-check-updates:YEGC2tr63UMpFVgVz0cNuFV3bU8S49mLN9fSXNf8TSeZFIG2IIlfze6ewtj1AcnmZfEVnbmO+QJdA95V6mwuNA== Completed in 25ms
4370 timing metavuln:cache:put:security-advisory:npm-check-updates:3a1dSTSz2mQ0SY5QLKCAVyecBp16P1w6TZ0LEKSvcyuL2frIaamAAWnvTNhDy7T5umx7WmeE1h7mvHxaJVxZ7Q== Completed in 4ms
4371 timing metavuln:calculate:security-advisory:npm-check-updates:YEGC2tr63UMpFVgVz0cNuFV3bU8S49mLN9fSXNf8TSeZFIG2IIlfze6ewtj1AcnmZfEVnbmO+QJdA95V6mwuNA== Completed in 29ms
4372 timing metavuln:cache:get:security-advisory:@sigstore/sign:gxeN9h00LM5324/XxET8P0+GPZEVKHCdf+jOHSaCvQTLuwSUluPl5uo7ZHXFYjW2xwkD7P6pMpFE+UgpP/tPDQ== Completed in 3ms
4373 timing metavuln:cache:get:security-advisory:npm-check-updates:9ZRWZwbw/kFW4we/s9ZytIhCXNFSAtoN7r1b3HEN9Kt59xN3AvUqmYBYR13EWY5MjgGjI7RT4j6hN3VaZWfu5A== Completed in 2ms
4374 timing metavuln:load:security-advisory:npm-check-updates:JS1eDAsaQnkSC/rAJ1kHDn4UjWqf1f7567HyV/oKSVvssuR/kR60hXTseVc1ROXD8kOdIPeD9ut6fRzIhPTZuw== Completed in 9ms
4375 timing metavuln:cache:get:security-advisory:npm-registry-fetch:jTwU2ocpa2F1Gl6F6mIoiNLWDiThBDO4pDtOU839jhOJFWGWbQ781jfDqHY9xg8lvUgrdB971fXo+xQMKn4YyA== Completed in 12ms
4376 timing metavuln:cache:get:security-advisory:sigstore:Rv00qatMGdIbV25G7szwdziZdJnK334VQAYuhSzYU7wgGrEPcJjdhEHJyYLLow9hkmU78uZlSl1x+iswPUipEA== Completed in 11ms
4377 timing metavuln:cache:get:security-advisory:tuf-js:07lmlzsGh7j8O54vxohIVSrz884DHxq1pgHvyRzJJID2IkcWbDjN2Pjip45kGl8EGRCU2GSAK+Y4MwRE4fdABw== Completed in 11ms
4378 timing metavuln:cache:get:security-advisory:node-gyp:5rq91deMwL71Py6PvBs4DPzl2PiTOCJMC2TwWfC0r34chaVidbfSvH06scEnLlTST/lclYYq9vacE3hoHCmR5g== Completed in 10ms
4379 timing metavuln:load:security-advisory:node-gyp:JS1eDAsaQnkSC/rAJ1kHDn4UjWqf1f7567HyV/oKSVvssuR/kR60hXTseVc1ROXD8kOdIPeD9ut6fRzIhPTZuw== Completed in 3ms
4380 timing metavuln:cache:put:security-advisory:npm-check-updates:9ZRWZwbw/kFW4we/s9ZytIhCXNFSAtoN7r1b3HEN9Kt59xN3AvUqmYBYR13EWY5MjgGjI7RT4j6hN3VaZWfu5A== Completed in 10ms
4381 timing metavuln:calculate:security-advisory:npm-check-updates:JS1eDAsaQnkSC/rAJ1kHDn4UjWqf1f7567HyV/oKSVvssuR/kR60hXTseVc1ROXD8kOdIPeD9ut6fRzIhPTZuw== Completed in 21ms
4382 timing metavuln:cache:put:security-advisory:node-gyp:5rq91deMwL71Py6PvBs4DPzl2PiTOCJMC2TwWfC0r34chaVidbfSvH06scEnLlTST/lclYYq9vacE3hoHCmR5g== Completed in 6ms
4383 timing metavuln:calculate:security-advisory:node-gyp:JS1eDAsaQnkSC/rAJ1kHDn4UjWqf1f7567HyV/oKSVvssuR/kR60hXTseVc1ROXD8kOdIPeD9ut6fRzIhPTZuw== Completed in 19ms
4384 http fetch GET 200 https://registry.npmjs.org/@sigstore%2fsign 120ms (cache miss)
4385 timing metavuln:packument:@sigstore/sign Completed in 122ms
4386 timing metavuln:load:security-advisory:@sigstore/sign:JS1eDAsaQnkSC/rAJ1kHDn4UjWqf1f7567HyV/oKSVvssuR/kR60hXTseVc1ROXD8kOdIPeD9ut6fRzIhPTZuw== Completed in 2ms
4387 http fetch GET 200 https://registry.npmjs.org/tuf-js 123ms (cache miss)
4388 timing metavuln:packument:tuf-js Completed in 123ms
4389 timing metavuln:load:security-advisory:tuf-js:JS1eDAsaQnkSC/rAJ1kHDn4UjWqf1f7567HyV/oKSVvssuR/kR60hXTseVc1ROXD8kOdIPeD9ut6fRzIhPTZuw== Completed in 1ms
4390 timing metavuln:cache:put:security-advisory:@sigstore/sign:gxeN9h00LM5324/XxET8P0+GPZEVKHCdf+jOHSaCvQTLuwSUluPl5uo7ZHXFYjW2xwkD7P6pMpFE+UgpP/tPDQ== Completed in 9ms
4391 timing metavuln:calculate:security-advisory:@sigstore/sign:JS1eDAsaQnkSC/rAJ1kHDn4UjWqf1f7567HyV/oKSVvssuR/kR60hXTseVc1ROXD8kOdIPeD9ut6fRzIhPTZuw== Completed in 134ms
4392 timing metavuln:cache:put:security-advisory:tuf-js:07lmlzsGh7j8O54vxohIVSrz884DHxq1pgHvyRzJJID2IkcWbDjN2Pjip45kGl8EGRCU2GSAK+Y4MwRE4fdABw== Completed in 7ms
4393 timing metavuln:calculate:security-advisory:tuf-js:JS1eDAsaQnkSC/rAJ1kHDn4UjWqf1f7567HyV/oKSVvssuR/kR60hXTseVc1ROXD8kOdIPeD9ut6fRzIhPTZuw== Completed in 132ms
4394 http fetch GET 200 https://registry.npmjs.org/npm-registry-fetch 229ms (cache miss)
4395 timing metavuln:packument:npm-registry-fetch Completed in 231ms
4396 timing metavuln:load:security-advisory:npm-registry-fetch:JS1eDAsaQnkSC/rAJ1kHDn4UjWqf1f7567HyV/oKSVvssuR/kR60hXTseVc1ROXD8kOdIPeD9ut6fRzIhPTZuw== Completed in 6ms
4397 timing metavuln:cache:put:security-advisory:npm-registry-fetch:jTwU2ocpa2F1Gl6F6mIoiNLWDiThBDO4pDtOU839jhOJFWGWbQ781jfDqHY9xg8lvUgrdB971fXo+xQMKn4YyA== Completed in 4ms
4398 timing metavuln:calculate:security-advisory:npm-registry-fetch:JS1eDAsaQnkSC/rAJ1kHDn4UjWqf1f7567HyV/oKSVvssuR/kR60hXTseVc1ROXD8kOdIPeD9ut6fRzIhPTZuw== Completed in 241ms
4399 http fetch GET 200 https://registry.npmjs.org/sigstore 264ms (cache miss)
4400 timing metavuln:packument:sigstore Completed in 264ms
4401 timing metavuln:load:security-advisory:sigstore:JS1eDAsaQnkSC/rAJ1kHDn4UjWqf1f7567HyV/oKSVvssuR/kR60hXTseVc1ROXD8kOdIPeD9ut6fRzIhPTZuw== Completed in 1ms
4402 timing metavuln:cache:put:security-advisory:sigstore:Rv00qatMGdIbV25G7szwdziZdJnK334VQAYuhSzYU7wgGrEPcJjdhEHJyYLLow9hkmU78uZlSl1x+iswPUipEA== Completed in 3ms
4403 timing metavuln:calculate:security-advisory:sigstore:JS1eDAsaQnkSC/rAJ1kHDn4UjWqf1f7567HyV/oKSVvssuR/kR60hXTseVc1ROXD8kOdIPeD9ut6fRzIhPTZuw== Completed in 268ms
4404 timing metavuln:cache:get:security-advisory:pacote:MS+9ca68tdxeElO9akLXw7yb5VApoczfnQKLx1EukwgWla9k04iPl4Po3r/HJQy/+Wzz5cv0LVQSH7FloSCQcg== Completed in 0ms
4405 timing metavuln:load:security-advisory:pacote:iGTtwNhtzJqD6NRQrZd/d/zEGMzgSqpgcRI1vjqHKnRzGZno56l+gHAbYs0XRY+CB7swkVDTEWOkDAMckkToXA== Completed in 5ms
4406 timing metavuln:cache:put:security-advisory:pacote:MS+9ca68tdxeElO9akLXw7yb5VApoczfnQKLx1EukwgWla9k04iPl4Po3r/HJQy/+Wzz5cv0LVQSH7FloSCQcg== Completed in 4ms
4407 timing metavuln:calculate:security-advisory:pacote:iGTtwNhtzJqD6NRQrZd/d/zEGMzgSqpgcRI1vjqHKnRzGZno56l+gHAbYs0XRY+CB7swkVDTEWOkDAMckkToXA== Completed in 9ms
4408 timing metavuln:cache:get:security-advisory:sigstore:TTD5fb9jAE8DIab5gcqzyJoyo1QthZOxUdxKWxcX4c1NN+KR8ZAYyk91KVmVtN3vwxc/Rl8anvp4MXaW8DFomw== Completed in 0ms
4409 timing metavuln:load:security-advisory:sigstore:gxeN9h00LM5324/XxET8P0+GPZEVKHCdf+jOHSaCvQTLuwSUluPl5uo7ZHXFYjW2xwkD7P6pMpFE+UgpP/tPDQ== Completed in 1ms
4410 timing metavuln:cache:put:security-advisory:sigstore:TTD5fb9jAE8DIab5gcqzyJoyo1QthZOxUdxKWxcX4c1NN+KR8ZAYyk91KVmVtN3vwxc/Rl8anvp4MXaW8DFomw== Completed in 3ms
4411 timing metavuln:calculate:security-advisory:sigstore:gxeN9h00LM5324/XxET8P0+GPZEVKHCdf+jOHSaCvQTLuwSUluPl5uo7ZHXFYjW2xwkD7P6pMpFE+UgpP/tPDQ== Completed in 4ms
4412 timing metavuln:cache:get:security-advisory:@sigstore/tuf:tI8a4sAvv4Ex9yO/NvwE3cq49Endh6zBwFEmLoalWUEBC1CvqIeHrPgpHu15xRlRF6+kuKPkgtJz5rV72bTJVA== Completed in 1ms
4413 http fetch GET 200 https://registry.npmjs.org/@sigstore%2ftuf 87ms (cache miss)
4414 timing metavuln:packument:@sigstore/tuf Completed in 87ms
4415 timing metavuln:load:security-advisory:@sigstore/tuf:07lmlzsGh7j8O54vxohIVSrz884DHxq1pgHvyRzJJID2IkcWbDjN2Pjip45kGl8EGRCU2GSAK+Y4MwRE4fdABw== Completed in 1ms
4416 timing metavuln:cache:put:security-advisory:@sigstore/tuf:tI8a4sAvv4Ex9yO/NvwE3cq49Endh6zBwFEmLoalWUEBC1CvqIeHrPgpHu15xRlRF6+kuKPkgtJz5rV72bTJVA== Completed in 3ms
4417 timing metavuln:calculate:security-advisory:@sigstore/tuf:07lmlzsGh7j8O54vxohIVSrz884DHxq1pgHvyRzJJID2IkcWbDjN2Pjip45kGl8EGRCU2GSAK+Y4MwRE4fdABw== Completed in 92ms
4418 timing metavuln:cache:get:security-advisory:pacote:v/Wx+No8lTTUx3pt5UDycUsDr2SLqMOux7aARyHYmfvOWFlLhIlCtj0dfcTvwDc78teR/Q4TYiE2HqwCDqNPyg== Completed in 0ms
4419 timing metavuln:load:security-advisory:pacote:jTwU2ocpa2F1Gl6F6mIoiNLWDiThBDO4pDtOU839jhOJFWGWbQ781jfDqHY9xg8lvUgrdB971fXo+xQMKn4YyA== Completed in 5ms
4420 timing metavuln:cache:put:security-advisory:pacote:v/Wx+No8lTTUx3pt5UDycUsDr2SLqMOux7aARyHYmfvOWFlLhIlCtj0dfcTvwDc78teR/Q4TYiE2HqwCDqNPyg== Completed in 5ms
4421 timing metavuln:calculate:security-advisory:pacote:jTwU2ocpa2F1Gl6F6mIoiNLWDiThBDO4pDtOU839jhOJFWGWbQ781jfDqHY9xg8lvUgrdB971fXo+xQMKn4YyA== Completed in 11ms
4422 timing metavuln:cache:get:security-advisory:pacote:9p0F/JB+ald0XE4A7i1a/J68dZA4eV/2xfPPwuDNCTRuQ9iRoL97wQ2TNV2RvVonwghss2KN+WWxhQFIo3nB7g== Completed in 0ms
4423 timing metavuln:load:security-advisory:pacote:Rv00qatMGdIbV25G7szwdziZdJnK334VQAYuhSzYU7wgGrEPcJjdhEHJyYLLow9hkmU78uZlSl1x+iswPUipEA== Completed in 3ms
4424 timing metavuln:cache:put:security-advisory:pacote:9p0F/JB+ald0XE4A7i1a/J68dZA4eV/2xfPPwuDNCTRuQ9iRoL97wQ2TNV2RvVonwghss2KN+WWxhQFIo3nB7g== Completed in 4ms
4425 timing metavuln:calculate:security-advisory:pacote:Rv00qatMGdIbV25G7szwdziZdJnK334VQAYuhSzYU7wgGrEPcJjdhEHJyYLLow9hkmU78uZlSl1x+iswPUipEA== Completed in 7ms
4426 timing metavuln:cache:get:security-advisory:sigstore:7IifTNyOdt0CxKAKn+2Sq3kwLn+9cfQ8/8XqUTlCD3qGzs48032kNWKtvJaSsdko3uk1EEASP6faivANpvrrSg== Completed in 0ms
4427 timing metavuln:load:security-advisory:sigstore:tI8a4sAvv4Ex9yO/NvwE3cq49Endh6zBwFEmLoalWUEBC1CvqIeHrPgpHu15xRlRF6+kuKPkgtJz5rV72bTJVA== Completed in 1ms
4428 timing metavuln:cache:put:security-advisory:sigstore:7IifTNyOdt0CxKAKn+2Sq3kwLn+9cfQ8/8XqUTlCD3qGzs48032kNWKtvJaSsdko3uk1EEASP6faivANpvrrSg== Completed in 3ms
4429 timing metavuln:calculate:security-advisory:sigstore:tI8a4sAvv4Ex9yO/NvwE3cq49Endh6zBwFEmLoalWUEBC1CvqIeHrPgpHu15xRlRF6+kuKPkgtJz5rV72bTJVA== Completed in 4ms
4430 timing auditReport:init Completed in 37832ms
4431 timing reify:audit Completed in 40995ms
4432 info run @vscode/sqlite3@5.1.2 install { code: 0, signal: null }
4433 timing build:run:install:node_modules/@vscode/sqlite3 Completed in 67008ms
4434 timing build:run:install Completed in 67010ms
4435 info run es5-ext@0.10.64 postinstall node_modules/es5-ext  node -e "try{require('./_postinstall')}catch(e){}" || exit 0
4436 info run es5-ext@0.10.64 postinstall { code: 0, signal: null }
4437 timing build:run:postinstall:node_modules/es5-ext Completed in 51ms
4438 timing build:run:postinstall Completed in 51ms
4439 timing build:deps Completed in 67110ms
4440 timing build Completed in 67111ms
4441 timing reify:build Completed in 67112ms
4442 timing reify:trash Completed in 1ms
4443 timing reify:save Completed in 267ms
4444 timing reify Completed in 100235ms
4445 silly ADD node_modules/youch
4446 silly ADD node_modules/youch/node_modules/cookie
4447 silly ADD node_modules/yocto-queue
4448 silly ADD node_modules/yargs-parser
4449 silly ADD node_modules/yargs
4450 silly ADD node_modules/yallist
4451 silly ADD node_modules/y18n
4452 silly ADD node_modules/xtend
4453 silly ADD node_modules/xdg-basedir
4454 silly ADD node_modules/write-file-atomic
4455 silly ADD node_modules/wrappy
4456 silly ADD node_modules/wrap-ansi-cjs
4457 silly ADD node_modules/wrap-ansi
4458 silly ADD node_modules/wrap-ansi/node_modules/strip-ansi
4459 silly ADD node_modules/wrap-ansi/node_modules/string-width
4460 silly ADD node_modules/wrap-ansi/node_modules/emoji-regex
4461 silly ADD node_modules/wrap-ansi/node_modules/ansi-styles
4462 silly ADD node_modules/wrap-ansi/node_modules/ansi-regex
4463 silly ADD node_modules/wkx
4464 silly ADD node_modules/with
4465 silly ADD node_modules/wildcard
4466 silly ADD node_modules/widest-line
4467 silly ADD node_modules/widest-line/node_modules/strip-ansi
4468 silly ADD node_modules/widest-line/node_modules/string-width
4469 silly ADD node_modules/widest-line/node_modules/emoji-regex
4470 silly ADD node_modules/widest-line/node_modules/ansi-regex
4471 silly ADD node_modules/wide-align
4472 silly ADD node_modules/which-typed-array
4473 silly ADD node_modules/which-boxed-primitive
4474 silly ADD node_modules/which
4475 silly ADD node_modules/webpack-sources
4476 silly ADD node_modules/webpack-merge
4477 silly ADD node_modules/webpack-cli
4478 silly ADD node_modules/webpack-cli/node_modules/interpret
4479 silly ADD node_modules/webpack
4480 silly ADD node_modules/webpack/node_modules/schema-utils
4481 silly ADD node_modules/webpack/node_modules/graceful-fs
4482 silly ADD node_modules/webpack/node_modules/estraverse
4483 silly ADD node_modules/webpack/node_modules/eslint-scope
4484 silly ADD node_modules/watchpack
4485 silly ADD node_modules/walker
4486 silly ADD node_modules/void-elements
4487 silly ADD node_modules/vary
4488 silly ADD node_modules/validator
4489 silly ADD node_modules/validate-npm-package-name
4490 silly ADD node_modules/validate-npm-package-license
4491 silly ADD node_modules/v8-to-istanbul
4492 silly ADD node_modules/uuid
4493 silly ADD node_modules/util-deprecate
4494 silly ADD node_modules/uri-js
4495 silly ADD node_modules/update-notifier
4496 silly ADD node_modules/update-notifier/node_modules/chalk
4497 silly ADD node_modules/update-browserslist-db
4498 silly ADD node_modules/untildify
4499 silly ADD node_modules/universalify
4500 silly ADD node_modules/unique-string
4501 silly ADD node_modules/unique-slug
4502 silly ADD node_modules/unique-filename
4503 silly ADD node_modules/undici-types
4504 silly ADD node_modules/unbox-primitive
4505 silly ADD node_modules/umzug
4506 silly ADD node_modules/uc.micro
4507 silly ADD node_modules/typedarray-to-buffer
4508 silly ADD node_modules/typed-array-length
4509 silly ADD node_modules/typed-array-byte-offset
4510 silly ADD node_modules/typed-array-byte-length
4511 silly ADD node_modules/typed-array-buffer
4512 silly ADD node_modules/type-is
4513 silly ADD node_modules/type-fest
4514 silly ADD node_modules/type-detect
4515 silly ADD node_modules/type-check
4516 silly ADD node_modules/type
4517 silly ADD node_modules/tunnel-agent
4518 silly ADD node_modules/tuf-js
4519 silly ADD node_modules/tslib
4520 silly ADD node_modules/tsconfig-paths
4521 silly ADD node_modules/tsconfig-paths/node_modules/strip-bom
4522 silly ADD node_modules/tsconfig-paths/node_modules/json5
4523 silly ADD node_modules/tree-kill
4524 silly ADD node_modules/toposort-class
4525 silly ADD node_modules/token-stream
4526 silly ADD node_modules/toidentifier
4527 silly ADD node_modules/toad-cache
4528 silly ADD node_modules/to-regex-range
4529 silly ADD node_modules/to-fast-properties
4530 silly ADD node_modules/tmpl
4531 silly ADD node_modules/timers-ext
4532 silly ADD node_modules/tildify
4533 silly ADD node_modules/thread-stream
4534 silly ADD node_modules/text-table
4535 silly ADD node_modules/test-exclude
4536 silly ADD node_modules/test-exclude/node_modules/glob
4537 silly ADD node_modules/terser-webpack-plugin
4538 silly ADD node_modules/terser-webpack-plugin/node_modules/supports-color
4539 silly ADD node_modules/terser-webpack-plugin/node_modules/schema-utils
4540 silly ADD node_modules/terser-webpack-plugin/node_modules/jest-worker
4541 silly ADD node_modules/terser
4542 silly ADD node_modules/terser/node_modules/source-map-support
4543 silly ADD node_modules/terser/node_modules/commander
4544 silly ADD node_modules/tarn
4545 silly ADD node_modules/tar-stream
4546 silly ADD node_modules/tar-fs
4547 silly ADD node_modules/tar-fs/node_modules/chownr
4548 silly ADD node_modules/tar
4549 silly ADD node_modules/tapable
4550 silly ADD node_modules/supports-preserve-symlinks-flag
4551 silly ADD node_modules/supports-color
4552 silly ADD node_modules/style-loader
4553 silly ADD node_modules/strip-json-comments
4554 silly ADD node_modules/strip-final-newline
4555 silly ADD node_modules/strip-bom
4556 silly ADD node_modules/strip-ansi-cjs
4557 silly ADD node_modules/strip-ansi
4558 silly ADD node_modules/string.prototype.trimstart
4559 silly ADD node_modules/string.prototype.trimend
4560 silly ADD node_modules/string.prototype.trim
4561 silly ADD node_modules/string-width-cjs
4562 silly ADD node_modules/string-width
4563 silly ADD node_modules/string-length
4564 silly ADD node_modules/string_decoder
4565 silly ADD node_modules/statuses
4566 silly ADD node_modules/stack-utils
4567 silly ADD node_modules/stack-utils/node_modules/escape-string-regexp
4568 silly ADD node_modules/stack-trace
4569 silly ADD node_modules/ssri
4570 silly ADD node_modules/ssri/node_modules/minipass
4571 silly ADD node_modules/sqlite3
4572 silly ADD node_modules/sqlite3/node_modules/ssri
4573 silly ADD node_modules/sqlite3/node_modules/socks-proxy-agent
4574 silly ADD node_modules/sqlite3/node_modules/node-gyp
4575 silly ADD node_modules/sqlite3/node_modules/node-addon-api
4576 silly ADD node_modules/sqlite3/node_modules/minipass-fetch
4577 silly ADD node_modules/sqlite3/node_modules/make-fetch-happen
4578 silly ADD node_modules/sqlite3/node_modules/lru-cache
4579 silly ADD node_modules/sqlite3/node_modules/http-proxy-agent
4580 silly ADD node_modules/sqlite3/node_modules/glob
4581 silly ADD node_modules/sqlite3/node_modules/cacache
4582 silly ADD node_modules/sqlite3/node_modules/@tootallnate/once
4583 silly ADD node_modules/sqlite3/node_modules/@npmcli/move-file
4584 silly ADD node_modules/sqlite3/node_modules/@npmcli/fs
4585 silly ADD node_modules/sprintf-js
4586 silly ADD node_modules/split2
4587 silly ADD node_modules/spdx-license-ids
4588 silly ADD node_modules/spdx-expression-parse
4589 silly ADD node_modules/spdx-exceptions
4590 silly ADD node_modules/spdx-correct
4591 silly ADD node_modules/spawn-please
4592 silly ADD node_modules/spawn-command
4593 silly ADD node_modules/source-map-support
4594 silly ADD node_modules/source-map-js
4595 silly ADD node_modules/source-map
4596 silly ADD node_modules/sonic-boom
4597 silly ADD node_modules/sodium-native
4598 silly ADD node_modules/socks-proxy-agent
4599 silly ADD node_modules/socks
4600 silly ADD node_modules/smart-buffer
4601 silly ADD node_modules/slash
4602 silly ADD node_modules/sisteransi
4603 silly ADD node_modules/simple-get
4604 silly ADD node_modules/simple-concat
4605 silly ADD node_modules/sigstore
4606 silly ADD node_modules/signal-exit
4607 silly ADD node_modules/side-channel
4608 silly ADD node_modules/shell-quote
4609 silly ADD node_modules/shebang-regex
4610 silly ADD node_modules/shebang-command
4611 silly ADD node_modules/shallow-clone
4612 silly ADD node_modules/setprototypeof
4613 silly ADD node_modules/set-function-name
4614 silly ADD node_modules/set-function-length
4615 silly ADD node_modules/set-cookie-parser
4616 silly ADD node_modules/set-blocking
4617 silly ADD node_modules/serialize-javascript
4618 silly ADD node_modules/sequelize-pool
4619 silly ADD node_modules/sequelize-cli
4620 silly ADD node_modules/sequelize-cli/node_modules/yargs-parser
4621 silly ADD node_modules/sequelize-cli/node_modules/yargs
4622 silly ADD node_modules/sequelize-cli/node_modules/wrap-ansi
4623 silly ADD node_modules/sequelize-cli/node_modules/cliui
4624 silly ADD node_modules/sequelize
4625 silly ADD node_modules/semver-utils
4626 silly ADD node_modules/semver-diff
4627 silly ADD node_modules/semver
4628 silly ADD node_modules/semver/node_modules/lru-cache
4629 silly ADD node_modules/secure-json-parse
4630 silly ADD node_modules/schema-utils
4631 silly ADD node_modules/schema-utils/node_modules/json-schema-traverse
4632 silly ADD node_modules/schema-utils/node_modules/ajv-keywords
4633 silly ADD node_modules/schema-utils/node_modules/ajv
4634 silly ADD node_modules/safer-buffer
4635 silly ADD node_modules/safe-stable-stringify
4636 silly ADD node_modules/safe-regex2
4637 silly ADD node_modules/safe-regex-test
4638 silly ADD node_modules/safe-buffer
4639 silly ADD node_modules/safe-array-concat
4640 silly ADD node_modules/rxjs
4641 silly ADD node_modules/run-parallel
4642 silly ADD node_modules/rimraf
4643 silly ADD node_modules/rimraf/node_modules/glob
4644 silly ADD node_modules/rfdc
4645 silly ADD node_modules/reusify
4646 silly ADD node_modules/retry-as-promised
4647 silly ADD node_modules/retry
4648 silly ADD node_modules/ret
4649 silly ADD node_modules/responselike
4650 silly ADD node_modules/responselike/node_modules/lowercase-keys
4651 silly ADD node_modules/resolve.exports
4652 silly ADD node_modules/resolve-from
4653 silly ADD node_modules/resolve-cwd
4654 silly ADD node_modules/resolve-alpn
4655 silly ADD node_modules/resolve
4656 silly ADD node_modules/require-from-string
4657 silly ADD node_modules/require-directory
4658 silly ADD node_modules/remote-git-tags
4659 silly ADD node_modules/registry-url
4660 silly ADD node_modules/registry-auth-token
4661 silly ADD node_modules/regexp.prototype.flags
4662 silly ADD node_modules/regenerator-runtime
4663 silly ADD node_modules/rechoir
4664 silly ADD node_modules/real-require
4665 silly ADD node_modules/readdirp
4666 silly ADD node_modules/readable-stream
4667 silly ADD node_modules/read-package-json-fast
4668 silly ADD node_modules/read-package-json-fast/node_modules/json-parse-even-better-errors
4669 silly ADD node_modules/read-package-json
4670 silly ADD node_modules/read-package-json/node_modules/json-parse-even-better-errors
4671 silly ADD node_modules/react-is
4672 silly ADD node_modules/rc-config-loader
4673 silly ADD node_modules/rc
4674 silly ADD node_modules/rc/node_modules/strip-json-comments
4675 silly ADD node_modules/rc/node_modules/ini
4676 silly ADD node_modules/randombytes
4677 silly ADD node_modules/quick-lru
4678 silly ADD node_modules/quick-format-unescaped
4679 silly ADD node_modules/queue-microtask
4680 silly ADD node_modules/qs
4681 silly ADD node_modules/pure-rand
4682 silly ADD node_modules/pupa
4683 silly ADD node_modules/punycode
4684 silly ADD node_modules/pump
4685 silly ADD node_modules/pug-walk
4686 silly ADD node_modules/pug-strip-comments
4687 silly ADD node_modules/pug-runtime
4688 silly ADD node_modules/pug-parser
4689 silly ADD node_modules/pug-load
4690 silly ADD node_modules/pug-linker
4691 silly ADD node_modules/pug-lexer
4692 silly ADD node_modules/pug-filters
4693 silly ADD node_modules/pug-error
4694 silly ADD node_modules/pug-code-gen
4695 silly ADD node_modules/pug-attrs
4696 silly ADD node_modules/pug
4697 silly ADD node_modules/proxy-addr
4698 silly ADD node_modules/proto-list
4699 silly ADD node_modules/prompts-ncu
4700 silly ADD node_modules/prompts-ncu/node_modules/kleur
4701 silly ADD node_modules/prompts
4702 silly ADD node_modules/promise-retry
4703 silly ADD node_modules/promise-inflight
4704 silly ADD node_modules/promise
4705 silly ADD node_modules/progress
4706 silly ADD node_modules/process-warning
4707 silly ADD node_modules/process
4708 silly ADD node_modules/proc-log
4709 silly ADD node_modules/pretty-format
4710 silly ADD node_modules/pretty-format/node_modules/ansi-styles
4711 silly ADD node_modules/prelude-ls
4712 silly ADD node_modules/prebuild-install
4713 silly ADD node_modules/postgres-interval
4714 silly ADD node_modules/postgres-date
4715 silly ADD node_modules/postgres-bytea
4716 silly ADD node_modules/postgres-array
4717 silly ADD node_modules/postcss-value-parser
4718 silly ADD node_modules/postcss-selector-parser
4719 silly ADD node_modules/postcss-modules-values
4720 silly ADD node_modules/postcss-modules-scope
4721 silly ADD node_modules/postcss-modules-local-by-default
4722 silly ADD node_modules/postcss-modules-extract-imports
4723 silly ADD node_modules/postcss
4724 silly ADD node_modules/possible-typed-array-names
4725 silly ADD node_modules/pkg-up
4726 silly ADD node_modules/pkg-up/node_modules/path-exists
4727 silly ADD node_modules/pkg-up/node_modules/p-locate
4728 silly ADD node_modules/pkg-up/node_modules/p-limit
4729 silly ADD node_modules/pkg-up/node_modules/locate-path
4730 silly ADD node_modules/pkg-up/node_modules/find-up
4731 silly ADD node_modules/pkg-dir
4732 silly ADD node_modules/pkg-dir/node_modules/p-locate
4733 silly ADD node_modules/pkg-dir/node_modules/p-limit
4734 silly ADD node_modules/pkg-dir/node_modules/locate-path
4735 silly ADD node_modules/pkg-dir/node_modules/find-up
4736 silly ADD node_modules/pirates
4737 silly ADD node_modules/pino-std-serializers
4738 silly ADD node_modules/pino-pretty
4739 silly ADD node_modules/pino-pretty/node_modules/readable-stream
4740 silly ADD node_modules/pino-pretty/node_modules/help-me
4741 silly ADD node_modules/pino-pretty/node_modules/buffer
4742 silly ADD node_modules/pino-abstract-transport
4743 silly ADD node_modules/pino-abstract-transport/node_modules/split2
4744 silly ADD node_modules/pino-abstract-transport/node_modules/readable-stream
4745 silly ADD node_modules/pino-abstract-transport/node_modules/buffer
4746 silly ADD node_modules/pino
4747 silly ADD node_modules/picomatch
4748 silly ADD node_modules/picocolors
4749 silly ADD node_modules/pgpass
4750 silly ADD node_modules/pgpass/node_modules/split2
4751 silly ADD node_modules/pg-types
4752 silly ADD node_modules/pg-protocol
4753 silly ADD node_modules/pg-pool
4754 silly ADD node_modules/pg-int8
4755 silly ADD node_modules/pg-connection-string
4756 silly ADD node_modules/pg-cloudflare
4757 silly ADD node_modules/pg
4758 silly ADD node_modules/pg/node_modules/pg-connection-string
4759 silly ADD node_modules/path-type
4760 silly ADD node_modules/path-to-regexp
4761 silly ADD node_modules/path-scurry
4762 silly ADD node_modules/path-scurry/node_modules/minipass
4763 silly ADD node_modules/path-scurry/node_modules/lru-cache
4764 silly ADD node_modules/path-parse
4765 silly ADD node_modules/path-key
4766 silly ADD node_modules/path-is-absolute
4767 silly ADD node_modules/path-exists
4768 silly ADD node_modules/parse-json
4769 silly ADD node_modules/parse-github-url
4770 silly ADD node_modules/parent-module
4771 silly ADD node_modules/pacote
4772 silly ADD node_modules/pacote/node_modules/minipass
4773 silly ADD node_modules/pacote/node_modules/fs-minipass
4774 silly ADD node_modules/pacote/node_modules/fs-minipass/node_modules/minipass
4775 silly ADD node_modules/package-json
4776 silly ADD node_modules/p-try
4777 silly ADD node_modules/p-map
4778 silly ADD node_modules/p-locate
4779 silly ADD node_modules/p-limit
4780 silly ADD node_modules/p-cancelable
4781 silly ADD node_modules/optionator
4782 silly ADD node_modules/onetime
4783 silly ADD node_modules/once
4784 silly ADD node_modules/on-exit-leak-free
4785 silly ADD node_modules/objection-unique
4786 silly ADD node_modules/objection
4787 silly ADD node_modules/objection/node_modules/json-schema-traverse
4788 silly ADD node_modules/objection/node_modules/ajv
4789 silly ADD node_modules/object.values
4790 silly ADD node_modules/object.groupby
4791 silly ADD node_modules/object.fromentries
4792 silly ADD node_modules/object.entries
4793 silly ADD node_modules/object.assign
4794 silly ADD node_modules/object-keys
4795 silly ADD node_modules/object-inspect
4796 silly ADD node_modules/object-assign
4797 silly ADD node_modules/npmlog
4798 silly ADD node_modules/npm-run-path
4799 silly ADD node_modules/npm-registry-fetch
4800 silly ADD node_modules/npm-registry-fetch/node_modules/minipass
4801 silly ADD node_modules/npm-pick-manifest
4802 silly ADD node_modules/npm-packlist
4803 silly ADD node_modules/npm-package-arg
4804 silly ADD node_modules/npm-package-arg/node_modules/lru-cache
4805 silly ADD node_modules/npm-package-arg/node_modules/hosted-git-info
4806 silly ADD node_modules/npm-normalize-package-bin
4807 silly ADD node_modules/npm-install-checks
4808 silly ADD node_modules/npm-check-updates
4809 silly ADD node_modules/npm-check-updates/node_modules/strip-json-comments
4810 silly ADD node_modules/npm-check-updates/node_modules/strip-ansi
4811 silly ADD node_modules/npm-check-updates/node_modules/source-map-support
4812 silly ADD node_modules/npm-check-updates/node_modules/rimraf
4813 silly ADD node_modules/npm-check-updates/node_modules/minimatch
4814 silly ADD node_modules/npm-check-updates/node_modules/ini
4815 silly ADD node_modules/npm-check-updates/node_modules/chalk
4816 silly ADD node_modules/npm-check-updates/node_modules/brace-expansion
4817 silly ADD node_modules/npm-check-updates/node_modules/ansi-regex
4818 silly ADD node_modules/npm-bundled
4819 silly ADD node_modules/normalize-url
4820 silly ADD node_modules/normalize-path
4821 silly ADD node_modules/normalize-package-data
4822 silly ADD node_modules/normalize-package-data/node_modules/lru-cache
4823 silly ADD node_modules/normalize-package-data/node_modules/hosted-git-info
4824 silly ADD node_modules/nopt
4825 silly ADD node_modules/node-releases
4826 silly ADD node_modules/node-int64
4827 silly ADD node_modules/node-gyp-build
4828 silly ADD node_modules/node-gyp
4829 silly ADD node_modules/node-gyp/node_modules/unique-slug
4830 silly ADD node_modules/node-gyp/node_modules/unique-filename
4831 silly ADD node_modules/node-gyp/node_modules/ssri
4832 silly ADD node_modules/node-gyp/node_modules/nopt
4833 silly ADD node_modules/node-gyp/node_modules/minipass-fetch
4834 silly ADD node_modules/node-gyp/node_modules/make-fetch-happen
4835 silly ADD node_modules/node-gyp/node_modules/lru-cache
4836 silly ADD node_modules/node-gyp/node_modules/glob
4837 silly ADD node_modules/node-gyp/node_modules/cacache
4838 silly ADD node_modules/node-gyp/node_modules/cacache/node_modules/minimatch
4839 silly ADD node_modules/node-gyp/node_modules/cacache/node_modules/glob
4840 silly ADD node_modules/node-gyp/node_modules/brace-expansion
4841 silly ADD node_modules/node-gyp/node_modules/@npmcli/fs
4842 silly ADD node_modules/node-addon-api
4843 silly ADD node_modules/node-abi
4844 silly ADD node_modules/next-tick
4845 silly ADD node_modules/neo-async
4846 silly ADD node_modules/negotiator
4847 silly ADD node_modules/natural-compare
4848 silly ADD node_modules/napi-build-utils
4849 silly ADD node_modules/nanoid
4850 silly ADD node_modules/mustache
4851 silly ADD node_modules/ms
4852 silly ADD node_modules/moment-timezone
4853 silly ADD node_modules/moment
4854 silly ADD node_modules/mkdirp-classic
4855 silly ADD node_modules/mkdirp
4856 silly ADD node_modules/minizlib
4857 silly ADD node_modules/minipass-sized
4858 silly ADD node_modules/minipass-pipeline
4859 silly ADD node_modules/minipass-json-stream
4860 silly ADD node_modules/minipass-flush
4861 silly ADD node_modules/minipass-fetch
4862 silly ADD node_modules/minipass-fetch/node_modules/minipass
4863 silly ADD node_modules/minipass-collect
4864 silly ADD node_modules/minipass
4865 silly ADD node_modules/minimist
4866 silly ADD node_modules/minimatch
4867 silly ADD node_modules/mini-css-extract-plugin
4868 silly ADD node_modules/mimic-response
4869 silly ADD node_modules/mimic-fn
4870 silly ADD node_modules/mime-types
4871 silly ADD node_modules/mime-db
4872 silly ADD node_modules/mime
4873 silly ADD node_modules/micromatch
4874 silly ADD node_modules/merge2
4875 silly ADD node_modules/merge-stream
4876 silly ADD node_modules/memoizee
4877 silly ADD node_modules/media-typer
4878 silly ADD node_modules/mdurl
4879 silly ADD node_modules/markdown-it
4880 silly ADD node_modules/makeerror
4881 silly ADD node_modules/make-promises-safe
4882 silly ADD node_modules/make-fetch-happen
4883 silly ADD node_modules/make-fetch-happen/node_modules/minipass
4884 silly ADD node_modules/make-fetch-happen/node_modules/lru-cache
4885 silly ADD node_modules/make-dir
4886 silly ADD node_modules/lru-queue
4887 silly ADD node_modules/lru-cache
4888 silly ADD node_modules/lru-cache/node_modules/yallist
4889 silly ADD node_modules/lowercase-keys
4890 silly ADD node_modules/lodash.merge
4891 silly ADD node_modules/lodash.isempty
4892 silly ADD node_modules/lodash.compact
4893 silly ADD node_modules/lodash.castarray
4894 silly ADD node_modules/lodash
4895 silly ADD node_modules/locate-path
4896 silly ADD node_modules/loader-runner
4897 silly ADD node_modules/linkify-it
4898 silly ADD node_modules/lines-and-columns
4899 silly ADD node_modules/light-my-request
4900 silly ADD node_modules/levn
4901 silly ADD node_modules/leven
4902 silly ADD node_modules/latest-version
4903 silly ADD node_modules/knex
4904 silly ADD node_modules/kleur
4905 silly ADD node_modules/kind-of
4906 silly ADD node_modules/keyv
4907 silly ADD node_modules/jstransformer-markdown-it
4908 silly ADD node_modules/jstransformer
4909 silly ADD node_modules/jsonparse
4910 silly ADD node_modules/jsonlines
4911 silly ADD node_modules/jsonfile
4912 silly ADD node_modules/json5
4913 silly ADD node_modules/json-stable-stringify-without-jsonify
4914 silly ADD node_modules/json-schema-traverse
4915 silly ADD node_modules/json-schema-ref-resolver
4916 silly ADD node_modules/json-parse-helpfulerror
4917 silly ADD node_modules/json-parse-even-better-errors
4918 silly ADD node_modules/json-buffer
4919 silly ADD node_modules/jsesc
4920 silly ADD node_modules/js-yaml
4921 silly ADD node_modules/js-tokens
4922 silly ADD node_modules/js-stringify
4923 silly ADD node_modules/js-cookie
4924 silly ADD node_modules/js-beautify
4925 silly ADD node_modules/js-beautify/node_modules/nopt
4926 silly ADD node_modules/js-beautify/node_modules/abbrev
4927 silly ADD node_modules/jquery
4928 silly ADD node_modules/joycon
4929 silly ADD node_modules/jju
4930 silly ADD node_modules/jest-worker
4931 silly ADD node_modules/jest-worker/node_modules/supports-color
4932 silly ADD node_modules/jest-watcher
4933 silly ADD node_modules/jest-validate
4934 silly ADD node_modules/jest-validate/node_modules/camelcase
4935 silly ADD node_modules/jest-util
4936 silly ADD node_modules/jest-snapshot
4937 silly ADD node_modules/jest-runtime
4938 silly ADD node_modules/jest-runtime/node_modules/glob
4939 silly ADD node_modules/jest-runner
4940 silly ADD node_modules/jest-resolve-dependencies
4941 silly ADD node_modules/jest-resolve
4942 silly ADD node_modules/jest-regex-util
4943 silly ADD node_modules/jest-pnp-resolver
4944 silly ADD node_modules/jest-mock
4945 silly ADD node_modules/jest-message-util
4946 silly ADD node_modules/jest-matcher-utils
4947 silly ADD node_modules/jest-leak-detector
4948 silly ADD node_modules/jest-haste-map
4949 silly ADD node_modules/jest-get-type
4950 silly ADD node_modules/jest-environment-node
4951 silly ADD node_modules/jest-each
4952 silly ADD node_modules/jest-docblock
4953 silly ADD node_modules/jest-diff
4954 silly ADD node_modules/jest-config
4955 silly ADD node_modules/jest-config/node_modules/glob
4956 silly ADD node_modules/jest-cli
4957 silly ADD node_modules/jest-circus
4958 silly ADD node_modules/jest-changed-files
4959 silly ADD node_modules/jest
4960 silly ADD node_modules/jackspeak
4961 silly ADD node_modules/istanbul-reports
4962 silly ADD node_modules/istanbul-lib-source-maps
4963 silly ADD node_modules/istanbul-lib-report
4964 silly ADD node_modules/istanbul-lib-instrument
4965 silly ADD node_modules/istanbul-lib-coverage
4966 silly ADD node_modules/isobject
4967 silly ADD node_modules/isexe
4968 silly ADD node_modules/isbinaryfile
4969 silly ADD node_modules/isarray
4970 silly ADD node_modules/is-yarn-global
4971 silly ADD node_modules/is-weakref
4972 silly ADD node_modules/is-typedarray
4973 silly ADD node_modules/is-typed-array
4974 silly ADD node_modules/is-symbol
4975 silly ADD node_modules/is-string
4976 silly ADD node_modules/is-stream
4977 silly ADD node_modules/is-shared-array-buffer
4978 silly ADD node_modules/is-regex
4979 silly ADD node_modules/is-promise
4980 silly ADD node_modules/is-plain-object
4981 silly ADD node_modules/is-path-inside
4982 silly ADD node_modules/is-obj
4983 silly ADD node_modules/is-number-object
4984 silly ADD node_modules/is-number
4985 silly ADD node_modules/is-npm
4986 silly ADD node_modules/is-negative-zero
4987 silly ADD node_modules/is-lambda
4988 silly ADD node_modules/is-installed-globally
4989 silly ADD node_modules/is-glob
4990 silly ADD node_modules/is-generator-fn
4991 silly ADD node_modules/is-fullwidth-code-point
4992 silly ADD node_modules/is-extglob
4993 silly ADD node_modules/is-expression
4994 silly ADD node_modules/is-expression/node_modules/acorn
4995 silly ADD node_modules/is-docker
4996 silly ADD node_modules/is-date-object
4997 silly ADD node_modules/is-data-view
4998 silly ADD node_modules/is-core-module
4999 silly ADD node_modules/is-ci
5000 silly ADD node_modules/is-callable
5001 silly ADD node_modules/is-boolean-object
5002 silly ADD node_modules/is-binary-path
5003 silly ADD node_modules/is-bigint
5004 silly ADD node_modules/is-arrayish
5005 silly ADD node_modules/is-array-buffer
5006 silly ADD node_modules/ipaddr.js
5007 silly ADD node_modules/ip
5008 silly ADD node_modules/interpret
5009 silly ADD node_modules/internal-slot
5010 silly ADD node_modules/ini
5011 silly ADD node_modules/inherits
5012 silly ADD node_modules/inflight
5013 silly ADD node_modules/inflection
5014 silly ADD node_modules/infer-owner
5015 silly ADD node_modules/indent-string
5016 silly ADD node_modules/imurmurhash
5017 silly ADD node_modules/import-local
5018 silly ADD node_modules/import-lazy
5019 silly ADD node_modules/import-fresh
5020 silly ADD node_modules/import-fresh/node_modules/resolve-from
5021 silly ADD node_modules/ignore-walk
5022 silly ADD node_modules/ignore-walk/node_modules/minimatch
5023 silly ADD node_modules/ignore-walk/node_modules/brace-expansion
5024 silly ADD node_modules/ignore
5025 silly ADD node_modules/ieee754
5026 silly ADD node_modules/icss-utils
5027 silly ADD node_modules/iconv-lite
5028 silly ADD node_modules/i18next
5029 silly ADD node_modules/humanize-ms
5030 silly ADD node_modules/human-signals
5031 silly ADD node_modules/https-proxy-agent
5032 silly ADD node_modules/http2-wrapper
5033 silly ADD node_modules/http-proxy-agent
5034 silly ADD node_modules/http-errors
5035 silly ADD node_modules/http-cache-semantics
5036 silly ADD node_modules/html-escaper
5037 silly ADD node_modules/hosted-git-info
5038 silly ADD node_modules/hosted-git-info/node_modules/lru-cache
5039 silly ADD node_modules/help-me
5040 silly ADD node_modules/help-me/node_modules/minimatch
5041 silly ADD node_modules/help-me/node_modules/glob
5042 silly ADD node_modules/help-me/node_modules/brace-expansion
5043 silly ADD node_modules/hasown
5044 silly ADD node_modules/hashlru
5045 silly ADD node_modules/has-yarn
5046 silly ADD node_modules/has-unicode
5047 silly ADD node_modules/has-tostringtag
5048 silly ADD node_modules/has-symbols
5049 silly ADD node_modules/has-proto
5050 silly ADD node_modules/has-property-descriptors
5051 silly ADD node_modules/has-flag
5052 silly ADD node_modules/has-bigints
5053 silly ADD node_modules/graphemer
5054 silly ADD node_modules/graceful-fs
5055 silly ADD node_modules/got
5056 silly ADD node_modules/gopd
5057 silly ADD node_modules/globby
5058 silly ADD node_modules/globalthis
5059 silly ADD node_modules/globals
5060 silly ADD node_modules/global-dirs
5061 silly ADD node_modules/glob-to-regexp
5062 silly ADD node_modules/glob-parent
5063 silly ADD node_modules/glob
5064 silly ADD node_modules/glob/node_modules/minipass
5065 silly ADD node_modules/glob/node_modules/minimatch
5066 silly ADD node_modules/glob/node_modules/brace-expansion
5067 silly ADD node_modules/github-from-package
5068 silly ADD node_modules/getopts
5069 silly ADD node_modules/get-symbol-description
5070 silly ADD node_modules/get-stream
5071 silly ADD node_modules/get-stdin
5072 silly ADD node_modules/get-package-type
5073 silly ADD node_modules/get-intrinsic
5074 silly ADD node_modules/get-caller-file
5075 silly ADD node_modules/gensync
5076 silly ADD node_modules/generify
5077 silly ADD node_modules/gauge
5078 silly ADD node_modules/functions-have-names
5079 silly ADD node_modules/function.prototype.name
5080 silly ADD node_modules/function-bind
5081 silly ADD
5082 silly ADD node_modules/fs.realpath
5083 silly ADD node_modules/fs-minipass
5084 silly ADD node_modules/fs-extra
5085 silly ADD node_modules/fs-constants
5086 silly ADD node_modules/fp-and-or
5087 silly ADD node_modules/forwarded
5088 silly ADD node_modules/form-data-encoder
5089 silly ADD node_modules/foreground-child
5090 silly ADD node_modules/foreground-child/node_modules/signal-exit
5091 silly ADD node_modules/for-each
5092 silly ADD node_modules/flatted
5093 silly ADD node_modules/flat-cache
5094 silly ADD node_modules/find-up
5095 silly ADD node_modules/find-my-way
5096 silly ADD node_modules/fill-range
5097 silly ADD node_modules/file-uri-to-path
5098 silly ADD node_modules/file-entry-cache
5099 silly ADD node_modules/fb-watchman
5100 silly ADD node_modules/fastq
5101 silly ADD node_modules/fastify-reverse-routes
5102 silly ADD node_modules/fastify-plugin
5103 silly ADD node_modules/fastify-objectionjs
5104 silly ADD node_modules/fastify-objectionjs/node_modules/pg-connection-string
5105 silly ADD node_modules/fastify-objectionjs/node_modules/knex
5106 silly ADD node_modules/fastify-objectionjs/node_modules/fastify-plugin
5107 silly ADD node_modules/fastify-method-override
5108 silly ADD node_modules/fastify-method-override/node_modules/fastify-plugin
5109 silly ADD node_modules/fastify-error-page
5110 silly ADD node_modules/fastify-error-page/node_modules/fastify-plugin
5111 silly ADD node_modules/fastify-cli
5112 silly ADD node_modules/fastify-cli/node_modules/readable-stream
5113 silly ADD node_modules/fastify-cli/node_modules/pino-pretty
5114 silly ADD node_modules/fastify-cli/node_modules/pino-pretty/node_modules/help-me
5115 silly ADD node_modules/fastify-cli/node_modules/fastify-plugin
5116 silly ADD node_modules/fastify-cli/node_modules/buffer
5117 silly ADD node_modules/fastify
5118 silly ADD node_modules/fastest-levenshtein
5119 silly ADD node_modules/fast-uri
5120 silly ADD node_modules/fast-safe-stringify
5121 silly ADD node_modules/fast-redact
5122 silly ADD node_modules/fast-querystring
5123 silly ADD node_modules/fast-memoize
5124 silly ADD node_modules/fast-levenshtein
5125 silly ADD node_modules/fast-json-stringify
5126 silly ADD node_modules/fast-json-stringify/node_modules/json-schema-traverse
5127 silly ADD node_modules/fast-json-stringify/node_modules/ajv-formats
5128 silly ADD node_modules/fast-json-stringify/node_modules/ajv
5129 silly ADD node_modules/fast-json-stable-stringify
5130 silly ADD node_modules/fast-glob
5131 silly ADD node_modules/fast-glob/node_modules/glob-parent
5132 silly ADD node_modules/fast-deep-equal
5133 silly ADD node_modules/fast-decode-uri-component
5134 silly ADD node_modules/fast-copy
5135 silly ADD node_modules/fast-content-type-parse
5136 silly ADD node_modules/ext
5137 silly ADD node_modules/exponential-backoff
5138 silly ADD node_modules/expect
5139 silly ADD node_modules/expand-template
5140 silly ADD node_modules/exit
5141 silly ADD node_modules/execa
5142 silly ADD node_modules/events
5143 silly ADD node_modules/event-target-shim
5144 silly ADD node_modules/event-emitter
5145 silly ADD node_modules/esutils
5146 silly ADD node_modules/estraverse
5147 silly ADD node_modules/esrecurse
5148 silly ADD node_modules/esquery
5149 silly ADD node_modules/esprima
5150 silly ADD node_modules/espree
5151 silly ADD node_modules/espree/node_modules/eslint-visitor-keys
5152 silly ADD node_modules/esniff
5153 silly ADD node_modules/esm
5154 silly ADD node_modules/eslint-visitor-keys
5155 silly ADD node_modules/eslint-scope
5156 silly ADD node_modules/eslint-plugin-import
5157 silly ADD node_modules/eslint-plugin-import/node_modules/semver
5158 silly ADD node_modules/eslint-plugin-import/node_modules/doctrine
5159 silly ADD node_modules/eslint-plugin-import/node_modules/debug
5160 silly ADD node_modules/eslint-module-utils
5161 silly ADD node_modules/eslint-module-utils/node_modules/debug
5162 silly ADD node_modules/eslint-import-resolver-node
5163 silly ADD node_modules/eslint-import-resolver-node/node_modules/debug
5164 silly ADD node_modules/eslint-config-airbnb-base
5165 silly ADD node_modules/eslint-config-airbnb-base/node_modules/semver
5166 silly ADD node_modules/eslint
5167 silly ADD node_modules/eslint/node_modules/globals
5168 silly ADD node_modules/eslint/node_modules/espree
5169 silly ADD node_modules/eslint/node_modules/escape-string-regexp
5170 silly ADD node_modules/eslint/node_modules/@eslint/js
5171 silly ADD node_modules/eslint/node_modules/@eslint/eslintrc
5172 silly ADD node_modules/escape-string-regexp
5173 silly ADD node_modules/escape-html
5174 silly ADD node_modules/escape-goat
5175 silly ADD node_modules/escalade
5176 silly ADD node_modules/es6-weak-map
5177 silly ADD node_modules/es6-symbol
5178 silly ADD node_modules/es6-iterator
5179 silly ADD node_modules/es5-ext
5180 silly ADD node_modules/es-to-primitive
5181 silly ADD node_modules/es-shim-unscopables
5182 silly ADD node_modules/es-set-tostringtag
5183 silly ADD node_modules/es-object-atoms
5184 silly ADD node_modules/es-module-lexer
5185 silly ADD node_modules/es-errors
5186 silly ADD node_modules/es-define-property
5187 silly ADD node_modules/es-abstract
5188 silly ADD node_modules/error-ex
5189 silly ADD node_modules/err-code
5190 silly ADD node_modules/envinfo
5191 silly ADD node_modules/env-paths
5192 silly ADD node_modules/entities
5193 silly ADD node_modules/enhanced-resolve
5194 silly ADD node_modules/end-of-stream
5195 silly ADD node_modules/encoding
5196 silly ADD node_modules/emoji-regex
5197 silly ADD node_modules/emittery
5198 silly ADD node_modules/electron-to-chromium
5199 silly ADD node_modules/editorconfig
5200 silly ADD node_modules/editorconfig/node_modules/minimatch
5201 silly ADD node_modules/editorconfig/node_modules/brace-expansion
5202 silly ADD node_modules/eastasianwidth
5203 silly ADD node_modules/dottie
5204 silly ADD node_modules/dotenv
5205 silly ADD node_modules/dot-prop
5206 silly ADD node_modules/doctypes
5207 silly ADD node_modules/doctrine
5208 silly ADD node_modules/dir-glob
5209 silly ADD node_modules/diff-sequences
5210 silly ADD node_modules/detect-newline
5211 silly ADD node_modules/detect-libc
5212 silly ADD node_modules/depd
5213 silly ADD node_modules/delegates
5214 silly ADD node_modules/define-properties
5215 silly ADD node_modules/define-data-property
5216 silly ADD node_modules/defer-to-connect
5217 silly ADD node_modules/deepmerge
5218 silly ADD node_modules/deep-is
5219 silly ADD node_modules/deep-extend
5220 silly ADD node_modules/dedent
5221 silly ADD node_modules/decompress-response
5222 silly ADD node_modules/decompress-response/node_modules/mimic-response
5223 silly ADD node_modules/debug
5224 silly ADD node_modules/debug/node_modules/ms
5225 silly ADD node_modules/db-errors
5226 silly ADD node_modules/dateformat
5227 silly ADD node_modules/date-fns
5228 silly ADD node_modules/data-view-byte-offset
5229 silly ADD node_modules/data-view-byte-length
5230 silly ADD node_modules/data-view-buffer
5231 silly ADD node_modules/d
5232 silly ADD node_modules/cssesc
5233 silly ADD node_modules/css-loader
5234 silly ADD node_modules/crypto-random-string
5235 silly ADD node_modules/crypto-random-string/node_modules/type-fest
5236 silly ADD node_modules/cross-spawn
5237 silly ADD node_modules/create-jest
5238 silly ADD node_modules/cookie-signature
5239 silly ADD node_modules/cookie
5240 silly ADD node_modules/convert-source-map
5241 silly ADD node_modules/content-disposition
5242 silly ADD node_modules/constantinople
5243 silly ADD node_modules/console-control-strings
5244 silly ADD node_modules/confusing-browser-globals
5245 silly ADD node_modules/configstore
5246 silly ADD node_modules/configstore/node_modules/write-file-atomic
5247 silly ADD node_modules/config-chain
5248 silly ADD node_modules/config-chain/node_modules/ini
5249 silly ADD node_modules/concurrently
5250 silly ADD node_modules/concurrently/node_modules/supports-color
5251 silly ADD node_modules/concat-map
5252 silly ADD node_modules/commist
5253 silly ADD node_modules/commander
5254 silly ADD node_modules/colorette
5255 silly ADD node_modules/color-support
5256 silly ADD node_modules/color-name
5257 silly ADD node_modules/color-convert
5258 silly ADD node_modules/collect-v8-coverage
5259 silly ADD node_modules/co
5260 silly ADD node_modules/close-with-grace
5261 silly ADD node_modules/clone-response
5262 silly ADD node_modules/clone-deep
5263 silly ADD node_modules/cliui
5264 silly ADD node_modules/cliui/node_modules/wrap-ansi
5265 silly ADD node_modules/cli-table3
5266 silly ADD node_modules/cli-color
5267 silly ADD node_modules/cli-boxes
5268 silly ADD node_modules/clean-stack
5269 silly ADD node_modules/cjs-module-lexer
5270 silly ADD node_modules/ci-info
5271 silly ADD node_modules/chrome-trace-event
5272 silly ADD node_modules/chownr
5273 silly ADD node_modules/chokidar
5274 silly ADD node_modules/chokidar/node_modules/glob-parent
5275 silly ADD node_modules/character-parser
5276 silly ADD node_modules/char-regex
5277 silly ADD node_modules/chalk
5278 silly ADD node_modules/caniuse-lite
5279 silly ADD node_modules/camelcase
5280 silly ADD node_modules/callsites
5281 silly ADD node_modules/call-bind
5282 silly ADD node_modules/cacheable-request
5283 silly ADD node_modules/cacheable-request/node_modules/lowercase-keys
5284 silly ADD node_modules/cacheable-request/node_modules/get-stream
5285 silly ADD node_modules/cacheable-lookup
5286 silly ADD node_modules/cacache
5287 silly ADD node_modules/cacache/node_modules/unique-slug
5288 silly ADD node_modules/cacache/node_modules/unique-filename
5289 silly ADD node_modules/cacache/node_modules/minipass
5290 silly ADD node_modules/cacache/node_modules/lru-cache
5291 silly ADD node_modules/cacache/node_modules/fs-minipass
5292 silly ADD node_modules/builtins
5293 silly ADD node_modules/buffer-from
5294 silly ADD node_modules/buffer
5295 silly ADD node_modules/bser
5296 silly ADD node_modules/browserslist
5297 silly ADD node_modules/braces
5298 silly ADD node_modules/brace-expansion
5299 silly ADD node_modules/boxen
5300 silly ADD node_modules/boxen/node_modules/type-fest
5301 silly ADD node_modules/boxen/node_modules/strip-ansi
5302 silly ADD node_modules/boxen/node_modules/string-width
5303 silly ADD node_modules/boxen/node_modules/emoji-regex
5304 silly ADD node_modules/boxen/node_modules/chalk
5305 silly ADD node_modules/boxen/node_modules/camelcase
5306 silly ADD node_modules/boxen/node_modules/ansi-regex
5307 silly ADD node_modules/bootstrap
5308 silly ADD node_modules/bluebird
5309 silly ADD node_modules/bl
5310 silly ADD node_modules/bindings
5311 silly ADD node_modules/binary-extensions
5312 silly ADD node_modules/better-sqlite3
5313 silly ADD node_modules/base64-js
5314 silly ADD node_modules/balanced-match
5315 silly ADD node_modules/babel-walk
5316 silly ADD node_modules/babel-preset-jest
5317 silly ADD node_modules/babel-preset-current-node-syntax
5318 silly ADD node_modules/babel-plugin-jest-hoist
5319 silly ADD node_modules/babel-plugin-istanbul
5320 silly ADD node_modules/babel-plugin-istanbul/node_modules/semver
5321 silly ADD node_modules/babel-plugin-istanbul/node_modules/istanbul-lib-instrument
5322 silly ADD node_modules/babel-jest
5323 silly ADD node_modules/avvio
5324 silly ADD node_modules/available-typed-arrays
5325 silly ADD node_modules/atomic-sleep
5326 silly ADD node_modules/at-least-node
5327 silly ADD node_modules/assert-never
5328 silly ADD node_modules/asap
5329 silly ADD node_modules/arraybuffer.prototype.slice
5330 silly ADD node_modules/array.prototype.flatmap
5331 silly ADD node_modules/array.prototype.flat
5332 silly ADD node_modules/array.prototype.findlastindex
5333 silly ADD node_modules/array-union
5334 silly ADD node_modules/array-includes
5335 silly ADD node_modules/array-buffer-byte-length
5336 silly ADD node_modules/argparse
5337 silly ADD node_modules/are-we-there-yet
5338 silly ADD node_modules/archy
5339 silly ADD node_modules/aproba
5340 silly ADD node_modules/anymatch
5341 silly ADD node_modules/ansi-styles
5342 silly ADD node_modules/ansi-regex
5343 silly ADD node_modules/ansi-escapes
5344 silly ADD node_modules/ansi-escapes/node_modules/type-fest
5345 silly ADD node_modules/ansi-align
5346 silly ADD node_modules/ajv-keywords
5347 silly ADD node_modules/ajv-formats
5348 silly ADD node_modules/ajv-formats/node_modules/json-schema-traverse
5349 silly ADD node_modules/ajv-formats/node_modules/ajv
5350 silly ADD node_modules/ajv
5351 silly ADD node_modules/aggregate-error
5352 silly ADD node_modules/agentkeepalive
5353 silly ADD node_modules/agentkeepalive/node_modules/depd
5354 silly ADD node_modules/agent-base
5355 silly ADD node_modules/acorn-jsx
5356 silly ADD node_modules/acorn-import-assertions
5357 silly ADD node_modules/acorn
5358 silly ADD node_modules/abstract-logging
5359 silly ADD node_modules/abort-controller
5360 silly ADD node_modules/abbrev
5361 silly ADD node_modules/@xtuc/long
5362 silly ADD node_modules/@xtuc/ieee754
5363 silly ADD node_modules/@webpack-cli/serve
5364 silly ADD node_modules/@webpack-cli/info
5365 silly ADD node_modules/@webpack-cli/configtest
5366 silly ADD node_modules/@webassemblyjs/wast-printer
5367 silly ADD node_modules/@webassemblyjs/wasm-parser
5368 silly ADD node_modules/@webassemblyjs/wasm-opt
5369 silly ADD node_modules/@webassemblyjs/wasm-gen
5370 silly ADD node_modules/@webassemblyjs/wasm-edit
5371 silly ADD node_modules/@webassemblyjs/utf8
5372 silly ADD node_modules/@webassemblyjs/leb128
5373 silly ADD node_modules/@webassemblyjs/ieee754
5374 silly ADD node_modules/@webassemblyjs/helper-wasm-section
5375 silly ADD node_modules/@webassemblyjs/helper-wasm-bytecode
5376 silly ADD node_modules/@webassemblyjs/helper-numbers
5377 silly ADD node_modules/@webassemblyjs/helper-buffer
5378 silly ADD node_modules/@webassemblyjs/helper-api-error
5379 silly ADD node_modules/@webassemblyjs/floating-point-hex-parser
5380 silly ADD node_modules/@webassemblyjs/ast
5381 silly ADD node_modules/@vscode/sqlite3
5382 silly ADD node_modules/@ungap/structured-clone
5383 silly ADD node_modules/@types/yargs-parser
5384 silly ADD node_modules/@types/yargs
5385 silly ADD node_modules/@types/validator
5386 silly ADD node_modules/@types/stack-utils
5387 silly ADD node_modules/@types/stack-trace
5388 silly ADD node_modules/@types/semver-utils
5389 silly ADD node_modules/@types/responselike
5390 silly ADD node_modules/@types/node
5391 silly ADD node_modules/@types/ms
5392 silly ADD node_modules/@types/keyv
5393 silly ADD node_modules/@types/json5
5394 silly ADD node_modules/@types/json-schema
5395 silly ADD node_modules/@types/jest
5396 silly ADD node_modules/@types/istanbul-reports
5397 silly ADD node_modules/@types/istanbul-lib-report
5398 silly ADD node_modules/@types/istanbul-lib-coverage
5399 silly ADD node_modules/@types/http-cache-semantics
5400 silly ADD node_modules/@types/graceful-fs
5401 silly ADD node_modules/@types/estree
5402 silly ADD node_modules/@types/eslint-scope
5403 silly ADD node_modules/@types/eslint
5404 silly ADD node_modules/@types/debug
5405 silly ADD node_modules/@types/cacheable-request
5406 silly ADD node_modules/@types/babel__traverse
5407 silly ADD node_modules/@types/babel__template
5408 silly ADD node_modules/@types/babel__generator
5409 silly ADD node_modules/@types/babel__core
5410 silly ADD node_modules/@tufjs/models
5411 silly ADD node_modules/@tufjs/models/node_modules/minimatch
5412 silly ADD node_modules/@tufjs/models/node_modules/brace-expansion
5413 silly ADD node_modules/@tufjs/canonical-json
5414 silly ADD node_modules/@tootallnate/once
5415 silly ADD node_modules/@szmarczak/http-timer
5416 silly ADD node_modules/@sinonjs/fake-timers
5417 silly ADD node_modules/@sinonjs/commons
5418 silly ADD node_modules/@sindresorhus/is
5419 silly ADD node_modules/@sinclair/typebox
5420 silly ADD node_modules/@sigstore/tuf
5421 silly ADD node_modules/@sigstore/sign
5422 silly ADD node_modules/@sigstore/protobuf-specs
5423 silly ADD node_modules/@sigstore/bundle
5424 silly ADD node_modules/@rails/ujs
5425 silly ADD node_modules/@popperjs/core
5426 silly ADD node_modules/@pnpm/npm-conf
5427 silly ADD node_modules/@pnpm/network.ca-file
5428 silly ADD node_modules/@pkgjs/parseargs
5429 silly ADD node_modules/@one-ini/wasm
5430 silly ADD node_modules/@npmcli/run-script
5431 silly ADD node_modules/@npmcli/run-script/node_modules/which
5432 silly ADD node_modules/@npmcli/promise-spawn
5433 silly ADD node_modules/@npmcli/promise-spawn/node_modules/which
5434 silly ADD node_modules/@npmcli/node-gyp
5435 silly ADD node_modules/@npmcli/move-file
5436 silly ADD node_modules/@npmcli/installed-package-contents
5437 silly ADD node_modules/@npmcli/git
5438 silly ADD node_modules/@npmcli/git/node_modules/which
5439 silly ADD node_modules/@npmcli/git/node_modules/lru-cache
5440 silly ADD node_modules/@npmcli/fs
5441 silly ADD node_modules/@nodelib/fs.walk
5442 silly ADD node_modules/@nodelib/fs.stat
5443 silly ADD node_modules/@nodelib/fs.scandir
5444 silly ADD node_modules/@lukeed/ms
5445 silly ADD node_modules/@jridgewell/trace-mapping
5446 silly ADD node_modules/@jridgewell/sourcemap-codec
5447 silly ADD node_modules/@jridgewell/source-map
5448 silly ADD node_modules/@jridgewell/set-array
5449 silly ADD node_modules/@jridgewell/resolve-uri
5450 silly ADD node_modules/@jridgewell/gen-mapping
5451 silly ADD node_modules/@jest/types
5452 silly ADD node_modules/@jest/transform
5453 silly ADD node_modules/@jest/test-sequencer
5454 silly ADD node_modules/@jest/test-result
5455 silly ADD node_modules/@jest/source-map
5456 silly ADD node_modules/@jest/schemas
5457 silly ADD node_modules/@jest/reporters
5458 silly ADD node_modules/@jest/reporters/node_modules/glob
5459 silly ADD node_modules/@jest/globals
5460 silly ADD node_modules/@jest/fake-timers
5461 silly ADD node_modules/@jest/expect-utils
5462 silly ADD node_modules/@jest/expect
5463 silly ADD node_modules/@jest/environment
5464 silly ADD node_modules/@jest/core
5465 silly ADD node_modules/@jest/console
5466 silly ADD node_modules/@istanbuljs/schema
5467 silly ADD node_modules/@istanbuljs/load-nyc-config
5468 silly ADD node_modules/@istanbuljs/load-nyc-config/node_modules/p-locate
5469 silly ADD node_modules/@istanbuljs/load-nyc-config/node_modules/p-limit
5470 silly ADD node_modules/@istanbuljs/load-nyc-config/node_modules/locate-path
5471 silly ADD node_modules/@istanbuljs/load-nyc-config/node_modules/js-yaml
5472 silly ADD node_modules/@istanbuljs/load-nyc-config/node_modules/find-up
5473 silly ADD node_modules/@istanbuljs/load-nyc-config/node_modules/argparse
5474 silly ADD node_modules/@isaacs/cliui
5475 silly ADD node_modules/@isaacs/cliui/node_modules/strip-ansi
5476 silly ADD node_modules/@isaacs/cliui/node_modules/string-width
5477 silly ADD node_modules/@isaacs/cliui/node_modules/emoji-regex
5478 silly ADD node_modules/@isaacs/cliui/node_modules/ansi-regex
5479 silly ADD node_modules/@humanwhocodes/object-schema
5480 silly ADD node_modules/@humanwhocodes/module-importer
5481 silly ADD node_modules/@humanwhocodes/config-array
5482 silly ADD node_modules/@gar/promisify
5483 silly ADD node_modules/@fastify/view
5484 silly ADD node_modules/@fastify/view/node_modules/fastify-plugin
5485 silly ADD node_modules/@fastify/static
5486 silly ADD node_modules/@fastify/static/node_modules/fastify-plugin
5487 silly ADD node_modules/@fastify/sensible
5488 silly ADD node_modules/@fastify/sensible/node_modules/fastify-plugin
5489 silly ADD node_modules/@fastify/send
5490 silly ADD node_modules/@fastify/secure-session
5491 silly ADD node_modules/@fastify/secure-session/node_modules/fastify-plugin
5492 silly ADD node_modules/@fastify/merge-json-schemas
5493 silly ADD node_modules/@fastify/formbody
5494 silly ADD node_modules/@fastify/formbody/node_modules/fastify-plugin
5495 silly ADD node_modules/@fastify/flash
5496 silly ADD node_modules/@fastify/flash/node_modules/fastify-plugin
5497 silly ADD node_modules/@fastify/fast-json-stringify-compiler
5498 silly ADD node_modules/@fastify/error
5499 silly ADD node_modules/@fastify/deepmerge
5500 silly ADD node_modules/@fastify/cookie
5501 silly ADD node_modules/@fastify/cookie/node_modules/fastify-plugin
5502 silly ADD node_modules/@fastify/ajv-compiler
5503 silly ADD node_modules/@fastify/ajv-compiler/node_modules/json-schema-traverse
5504 silly ADD node_modules/@fastify/ajv-compiler/node_modules/ajv
5505 silly ADD node_modules/@fastify/accept-negotiator
5506 silly ADD node_modules/@eslint/js
5507 silly ADD node_modules/@eslint/eslintrc
5508 silly ADD node_modules/@eslint/eslintrc/node_modules/globals
5509 silly ADD node_modules/@eslint-community/regexpp
5510 silly ADD node_modules/@eslint-community/eslint-utils
5511 silly ADD node_modules/@discoveryjs/json-ext
5512 silly ADD node_modules/@colors/colors
5513 silly ADD node_modules/@bcoe/v8-coverage
5514 silly ADD node_modules/@babel/types
5515 silly ADD node_modules/@babel/traverse
5516 silly ADD node_modules/@babel/traverse/node_modules/globals
5517 silly ADD node_modules/@babel/template
5518 silly ADD node_modules/@babel/runtime
5519 silly ADD node_modules/@babel/plugin-syntax-typescript
5520 silly ADD node_modules/@babel/plugin-syntax-top-level-await
5521 silly ADD node_modules/@babel/plugin-syntax-optional-chaining
5522 silly ADD node_modules/@babel/plugin-syntax-optional-catch-binding
5523 silly ADD node_modules/@babel/plugin-syntax-object-rest-spread
5524 silly ADD node_modules/@babel/plugin-syntax-numeric-separator
5525 silly ADD node_modules/@babel/plugin-syntax-nullish-coalescing-operator
5526 silly ADD node_modules/@babel/plugin-syntax-logical-assignment-operators
5527 silly ADD node_modules/@babel/plugin-syntax-jsx
5528 silly ADD node_modules/@babel/plugin-syntax-json-strings
5529 silly ADD node_modules/@babel/plugin-syntax-import-meta
5530 silly ADD node_modules/@babel/plugin-syntax-class-properties
5531 silly ADD node_modules/@babel/plugin-syntax-bigint
5532 silly ADD node_modules/@babel/plugin-syntax-async-generators
5533 silly ADD node_modules/@babel/parser
5534 silly ADD node_modules/@babel/highlight
5535 silly ADD node_modules/@babel/highlight/node_modules/supports-color
5536 silly ADD node_modules/@babel/highlight/node_modules/has-flag
5537 silly ADD node_modules/@babel/highlight/node_modules/color-name
5538 silly ADD node_modules/@babel/highlight/node_modules/color-convert
5539 silly ADD node_modules/@babel/highlight/node_modules/chalk
5540 silly ADD node_modules/@babel/highlight/node_modules/ansi-styles
5541 silly ADD node_modules/@babel/helpers
5542 silly ADD node_modules/@babel/helper-validator-option
5543 silly ADD node_modules/@babel/helper-validator-identifier
5544 silly ADD node_modules/@babel/helper-string-parser
5545 silly ADD node_modules/@babel/helper-split-export-declaration
5546 silly ADD node_modules/@babel/helper-simple-access
5547 silly ADD node_modules/@babel/helper-plugin-utils
5548 silly ADD node_modules/@babel/helper-module-transforms
5549 silly ADD node_modules/@babel/helper-module-imports
5550 silly ADD node_modules/@babel/helper-hoist-variables
5551 silly ADD node_modules/@babel/helper-function-name
5552 silly ADD node_modules/@babel/helper-environment-visitor
5553 silly ADD node_modules/@babel/helper-compilation-targets
5554 silly ADD node_modules/@babel/helper-compilation-targets/node_modules/semver
5555 silly ADD node_modules/@babel/generator
5556 silly ADD node_modules/@babel/core
5557 silly ADD node_modules/@babel/core/node_modules/semver
5558 silly ADD node_modules/@babel/compat-data
5559 silly ADD node_modules/@babel/code-frame
5560 silly ADD node_modules/@ampproject/remapping
5561 silly ADD node_modules/@aashutoshrathi/word-wrap
5562 timing command:install Completed in 100329ms
5563 notice
5563 notice New [31mmajor[39m version of npm available! [31m10.5.0[39m -> [32m11.14.0[39m
5563 notice Changelog: [36mhttps://github.com/npm/cli/releases/tag/v11.14.0[39m
5563 notice Run [32mnpm install -g npm@11.14.0[39m to update!
5563 notice
5564 verbose exit 0
5565 timing npm Completed in 100515ms
5566 info ok
